Date,Price,Exogenous 1
2021-12-01 00:00:00,350.8,40410.69
2021-12-01 01:00:00,349.39750000000004,39842.7425
2021-12-01 02:00:00,347.49,38921.935
2021-12-01 03:00:00,344.955,37839.5375
2021-12-01 04:00:00,345.2375,38200.24
2021-12-01 05:00:00,354.635,40153.0
2021-12-01 06:00:00,371.85749999999996,42857.085
2021-12-01 07:00:00,384.9525,43578.917499999996
2021-12-01 08:00:00,372.28999999999996,41926.34
2021-12-01 09:00:00,340.95000000000005,36865.255000000005
2021-12-01 10:00:00,109.125,32893.0475
2021-12-01 11:00:00,58.565,31947.8625
2021-12-01 12:00:00,-43.375,31343.935
2021-12-01 13:00:00,167.2525,32969.035
2021-12-01 14:00:00,309.23499999999996,33878.0
2021-12-01 15:00:00,355.1675,39698.8675
2021-12-01 16:00:00,490.36249999999995,48477.555
2021-12-01 17:00:00,732.6975,52894.255000000005
2021-12-01 18:00:00,636.8725000000001,51768.707500000004
2021-12-01 19:00:00,470.8575,49754.457500000004
2021-12-01 20:00:00,404.2625,48379.3175
2021-12-01 21:00:00,384.4475,46864.06
2021-12-01 22:00:00,359.86,43395.47
2021-12-01 23:00:00,359.275,43971.895000000004
2021-12-02 00:00:00,344.9025,41982.765
2021-12-02 01:00:00,324.6225,40162.7525
2021-12-02 02:00:00,308.55499999999995,38602.2475
2021-12-02 03:00:00,291.03999999999996,37134.105
2021-12-02 04:00:00,288.72,36666.7375
2021-12-02 05:00:00,309.595,38021.71
2021-12-02 06:00:00,339.5275,39567.055
2021-12-02 07:00:00,352.58000000000004,40294.2875
2021-12-02 08:00:00,327.5075,39415.1075
2021-12-02 09:00:00,142.64,35707.22
2021-12-02 10:00:00,-39.0,32911.8025
2021-12-02 11:00:00,-80.0,32573.9925
2021-12-02 12:00:00,-80.0,31893.1025
2021-12-02 13:00:00,-80.0,32538.655
2021-12-02 14:00:00,-44.5325,32362.515
2021-12-02 15:00:00,229.235,36829.979999999996
2021-12-02 16:00:00,396.1025,44040.41
2021-12-02 17:00:00,557.335,45976.74
2021-12-02 18:00:00,451.475,43131.005000000005
2021-12-02 19:00:00,364.5,40820.4
2021-12-02 20:00:00,350.175,40281.1475
2021-12-02 21:00:00,344.785,40310.3675
2021-12-02 22:00:00,327.52250000000004,38276.6875
2021-12-02 23:00:00,350.58,40282.5875
2021-12-03 00:00:00,302.8375,39457.225
2021-12-03 01:00:00,278.1925,38559.085
2021-12-03 02:00:00,270.84,38033.5875
2021-12-03 03:00:00,266.8425,38177.0125
2021-12-03 04:00:00,273.575,39095.5175
2021-12-03 05:00:00,314.97749999999996,42177.0025
2021-12-03 06:00:00,384.5825,45474.065
2021-12-03 07:00:00,447.7925,47961.8675
2021-12-03 08:00:00,430.74,47224.83
2021-12-03 09:00:00,329.2375,41575.8775
2021-12-03 10:00:00,264.32,37523.567500000005
2021-12-03 11:00:00,244.42499999999998,36606.7975
2021-12-03 12:00:00,94.6325,33157.604999999996
2021-12-03 13:00:00,201.7575,34919.1325
2021-12-03 14:00:00,262.0575,35482.6075
2021-12-03 15:00:00,344.145,39680.19
2021-12-03 16:00:00,571.425,46818.494999999995
2021-12-03 17:00:00,762.6,49866.1875
2021-12-03 18:00:00,631.765,48181.7275
2021-12-03 19:00:00,482.2725,46402.542499999996
2021-12-03 20:00:00,432.8825,45621.79
2021-12-03 21:00:00,400.6025,45143.4125
2021-12-03 22:00:00,341.4525,42058.9275
2021-12-03 23:00:00,346.2825,42944.4825
2021-12-04 00:00:00,345.145,41708.61
2021-12-04 01:00:00,332.7525,40679.5125
2021-12-04 02:00:00,325.08,39868.052500000005
2021-12-04 03:00:00,324.595,39498.24
2021-12-04 04:00:00,337.2075,40333.37
2021-12-04 05:00:00,369.425,42625.7025
2021-12-04 06:00:00,402.3875,44010.8425
2021-12-04 07:00:00,444.9375,46130.57
2021-12-04 08:00:00,414.32,45240.625
2021-12-04 09:00:00,337.5,39570.1475
2021-12-04 10:00:00,263.4125,35951.5975
2021-12-04 11:00:00,202.235,36384.625
2021-12-04 12:00:00,0.8125,34302.03
2021-12-04 13:00:00,204.1875,36845.715
2021-12-04 14:00:00,308.665,37939.505
2021-12-04 15:00:00,375.6425,42242.14
2021-12-04 16:00:00,576.5,47947.1475
2021-12-04 17:00:00,784.9875000000001,50847.28
2021-12-04 18:00:00,653.3025,47893.97
2021-12-04 19:00:00,509.2125,45005.205
2021-12-04 20:00:00,467.36,43043.075
2021-12-04 21:00:00,441.005,42363.4525
2021-12-04 22:00:00,395.0475,39904.244999999995
2021-12-04 23:00:00,405.15,41199.1
2021-12-05 00:00:00,449.84000000000003,39865.365
2021-12-05 01:00:00,455.7975,38418.97
2021-12-05 02:00:00,447.6175,37328.3025
2021-12-05 03:00:00,441.76,36527.5175
2021-12-05 04:00:00,445.3775,36652.805
2021-12-05 05:00:00,471.0025,37892.6075
2021-12-05 06:00:00,476.435,37935.765
2021-12-05 07:00:00,493.76,38564.085
2021-12-05 08:00:00,455.8325,37290.8875
2021-12-05 09:00:00,308.72,32597.822500000002
2021-12-05 10:00:00,6.142499999999998,31724.5375
2021-12-05 11:00:00,-72.875,31101.5
2021-12-05 12:00:00,-77.625,30467.525
2021-12-05 13:00:00,-34.55,31330.485
2021-12-05 14:00:00,94.525,31873.975
2021-12-05 15:00:00,354.92,34033.9325
2021-12-05 16:00:00,528.99,40318.1675
2021-12-05 17:00:00,592.975,42782.3775
2021-12-05 18:00:00,520.0325,40005.285
2021-12-05 19:00:00,457.2025,38040.0
2021-12-05 20:00:00,444.42,37187.795
2021-12-05 21:00:00,435.855,36092.8025
2021-12-05 22:00:00,418.18,33665.545
2021-12-05 23:00:00,435.28749999999997,35286.817500000005
2021-12-06 00:00:00,456.7875,34835.62
2021-12-06 01:00:00,460.06,34917.020000000004
2021-12-06 02:00:00,462.6025,34837.354999999996
2021-12-06 03:00:00,475.9925,35286.66
2021-12-06 04:00:00,499.1925,37241.98
2021-12-06 05:00:00,543.8,40106.740000000005
2021-12-06 06:00:00,592.205,41902.0775
2021-12-06 07:00:00,627.7525,42793.865
2021-12-06 08:00:00,583.3499999999999,43767.192500000005
2021-12-06 09:00:00,484.7175,40145.945
2021-12-06 10:00:00,301.725,35376.4
2021-12-06 11:00:00,158.97,33867.6725
2021-12-06 12:00:00,-27.822499999999998,30486.87
2021-12-06 13:00:00,-80.0,32141.9925
2021-12-06 14:00:00,-80.0,32231.252500000002
2021-12-06 15:00:00,301.0375,35396.8075
2021-12-06 16:00:00,510.22,40992.1975
2021-12-06 17:00:00,631.5925,43283.0
2021-12-06 18:00:00,568.9449999999999,41602.7925
2021-12-06 19:00:00,519.5,40774.95
2021-12-06 20:00:00,519.985,40873.955
2021-12-06 21:00:00,519.9475,40625.33
2021-12-06 22:00:00,505.71750000000003,38880.21
2021-12-06 23:00:00,533.38,40721.2625
2021-12-07 00:00:00,386.83250000000004,40562.95
2021-12-07 01:00:00,327.19500000000005,40890.0
2021-12-07 02:00:00,319.33,40478.832500000004
2021-12-07 03:00:00,315.62,40352.5375
2021-12-07 04:00:00,325.865,40708.43
2021-12-07 05:00:00,370.575,42471.03
2021-12-07 06:00:00,425.0925,44878.6725
2021-12-07 07:00:00,479.3275,46537.4625
2021-12-07 08:00:00,488.27250000000004,46494.130000000005
2021-12-07 09:00:00,388.115,41981.697499999995
2021-12-07 10:00:00,312.325,38908.5175
2021-12-07 11:00:00,290.4825,39167.66
2021-12-07 12:00:00,266.805,36841.1
2021-12-07 13:00:00,298.585,39495.69
2021-12-07 14:00:00,321.1975,40571.885
2021-12-07 15:00:00,397.575,44758.2975
2021-12-07 16:00:00,639.8125,50269.1925
2021-12-07 17:00:00,879.8299999999999,52980.7
2021-12-07 18:00:00,741.5899999999999,50984.115
2021-12-07 19:00:00,585.65,49651.5775
2021-12-07 20:00:00,541.6175000000001,49651.225
2021-12-07 21:00:00,501.4625,49565.1225
2021-12-07 22:00:00,447.23,47087.417499999996
2021-12-07 23:00:00,477.87,48540.082500000004
2021-12-08 00:00:00,415.09000000000003,47197.135
2021-12-08 01:00:00,377.5725,46265.32
2021-12-08 02:00:00,358.835,45546.4825
2021-12-08 03:00:00,345.0975,44957.182499999995
2021-12-08 04:00:00,342.515,45111.744999999995
2021-12-08 05:00:00,384.36749999999995,46529.162500000006
2021-12-08 06:00:00,474.39,48308.0525
2021-12-08 07:00:00,574.4975,49383.075
2021-12-08 08:00:00,558.4,49829.155
2021-12-08 09:00:00,430.5725,45591.01
2021-12-08 10:00:00,373.1325,43058.865000000005
2021-12-08 11:00:00,373.08250000000004,44069.63
2021-12-08 12:00:00,336.955,42389.6225
2021-12-08 13:00:00,388.145,45965.715
2021-12-08 14:00:00,431.0075,46980.9825
2021-12-08 15:00:00,543.7675,49027.21
2021-12-08 16:00:00,770.9225,52078.375
2021-12-08 17:00:00,914.2525,53390.575
2021-12-08 18:00:00,740.84,50872.5125
2021-12-08 19:00:00,550.23,48564.9675
2021-12-08 20:00:00,470.9875,48153.0275
2021-12-08 21:00:00,430.255,47905.182499999995
2021-12-08 22:00:00,375.28249999999997,45350.707500000004
2021-12-08 23:00:00,385.3175,46976.8675
2021-12-09 00:00:00,361.5625,46060.1775
2021-12-09 01:00:00,328.16,45118.2975
2021-12-09 02:00:00,297.155,44053.59
2021-12-09 03:00:00,276.59,43380.14
2021-12-09 04:00:00,284.4075,43449.0675
2021-12-09 05:00:00,341.40999999999997,45055.675
2021-12-09 06:00:00,406.83,47427.695
2021-12-09 07:00:00,485.07500000000005,48864.7925
2021-12-09 08:00:00,496.85,51366.45
2021-12-09 09:00:00,373.88,49711.815
2021-12-09 10:00:00,284.885,48123.575
2021-12-09 11:00:00,277.19,47863.6075
2021-12-09 12:00:00,247.07750000000001,44401.4775
2021-12-09 13:00:00,286.01500000000004,46386.64
2021-12-09 14:00:00,329.04499999999996,46443.2425
2021-12-09 15:00:00,437.215,48700.5
2021-12-09 16:00:00,693.1949999999999,51739.7375
2021-12-09 17:00:00,877.925,53700.770000000004
2021-12-09 18:00:00,784.825,51886.9325
2021-12-09 19:00:00,648.7,50221.6775
2021-12-09 20:00:00,613.5675,49961.520000000004
2021-12-09 21:00:00,543.2674999999999,49602.6475
2021-12-09 22:00:00,436.98249999999996,46894.92
2021-12-09 23:00:00,459.9625,48019.520000000004
2021-12-10 00:00:00,394.17,46827.465
2021-12-10 01:00:00,346.515,45715.995
2021-12-10 02:00:00,309.85,44569.630000000005
2021-12-10 03:00:00,281.6275,43625.975
2021-12-10 04:00:00,288.8775,43923.7275
2021-12-10 05:00:00,348.2725,45654.619999999995
2021-12-10 06:00:00,407.9,47911.3075
2021-12-10 07:00:00,521.0975000000001,49418.74
2021-12-10 08:00:00,617.4425,51159.240000000005
2021-12-10 09:00:00,472.925,48850.770000000004
2021-12-10 10:00:00,359.215,45939.45
2021-12-10 11:00:00,321.62,46059.345
2021-12-10 12:00:00,265.7525,43534.7475
2021-12-10 13:00:00,333.65,46320.8925
2021-12-10 14:00:00,368.3375,47119.4
2021-12-10 15:00:00,478.44999999999993,48977.5875
2021-12-10 16:00:00,728.9975,51958.85
2021-12-10 17:00:00,869.01,53668.74
2021-12-10 18:00:00,690.1424999999999,51704.2725
2021-12-10 19:00:00,519.0425,50137.495
2021-12-10 20:00:00,471.76750000000004,49690.082500000004
2021-12-10 21:00:00,443.79,49515.417499999996
2021-12-10 22:00:00,394.7625,47220.405
2021-12-10 23:00:00,417.72,48329.7425
2021-12-11 00:00:00,389.725,47220.182499999995
2021-12-11 01:00:00,362.8275,45996.262500000004
2021-12-11 02:00:00,344.1025,44939.4575
2021-12-11 03:00:00,326.8125,44004.8125
2021-12-11 04:00:00,329.26750000000004,43957.23
2021-12-11 05:00:00,359.605,45132.5625
2021-12-11 06:00:00,395.35749999999996,45836.6175
2021-12-11 07:00:00,501.01249999999993,47435.7475
2021-12-11 08:00:00,607.265,51287.0025
2021-12-11 09:00:00,524.4300000000001,50901.207500000004
2021-12-11 10:00:00,431.46500000000003,49156.4775
2021-12-11 11:00:00,421.6825,50567.46
2021-12-11 12:00:00,380.085,49233.74
2021-12-11 13:00:00,424.905,50667.465
2021-12-11 14:00:00,409.5075,49692.3075
2021-12-11 15:00:00,468.03,50020.582500000004
2021-12-11 16:00:00,648.2175,51896.68
2021-12-11 17:00:00,813.33,53410.02
2021-12-11 18:00:00,609.21,50739.79
2021-12-11 19:00:00,441.7575,48561.115000000005
2021-12-11 20:00:00,390.90000000000003,47257.115
2021-12-11 21:00:00,356.8175,45533.465000000004
2021-12-11 22:00:00,267.145,41419.354999999996
2021-12-11 23:00:00,239.975,41294.567500000005
2021-12-12 00:00:00,210.91,38249.455
2021-12-12 01:00:00,180.20499999999998,35009.9975
2021-12-12 02:00:00,148.2975,32639.295
2021-12-12 03:00:00,50.0,31130.415
2021-12-12 04:00:00,8.1125,31866.8
2021-12-12 05:00:00,111.64,31900.555
2021-12-12 06:00:00,158.165,31683.19
2021-12-12 07:00:00,189.63,32637.8175
2021-12-12 08:00:00,210.70499999999998,33099.3525
2021-12-12 09:00:00,84.3175,30922.355
2021-12-12 10:00:00,-49.78,31916.09
2021-12-12 11:00:00,-80.0,32511.02
2021-12-12 12:00:00,-80.0,32770.7275
2021-12-12 13:00:00,22.637500000000003,33155.71
2021-12-12 14:00:00,146.9625,33105.085
2021-12-12 15:00:00,288.65250000000003,36500.965
2021-12-12 16:00:00,591.13,44859.3375
2021-12-12 17:00:00,799.9175,50133.035
2021-12-12 18:00:00,753.6475,49861.305
2021-12-12 19:00:00,713.0825,49410.225
2021-12-12 20:00:00,714.8525,49455.509999999995
2021-12-12 21:00:00,693.92,48821.54
2021-12-12 22:00:00,582.03,46039.36
2021-12-12 23:00:00,622.4575,47316.96
2021-12-13 00:00:00,438.4425,46505.5175
2021-12-13 01:00:00,339.09499999999997,45318.47
2021-12-13 02:00:00,281.57,44198.2675
2021-12-13 03:00:00,241.78,43258.43
2021-12-13 04:00:00,240.07999999999998,43019.207500000004
2021-12-13 05:00:00,323.6425,44720.7
2021-12-13 06:00:00,411.745,46932.7475
2021-12-13 07:00:00,493.5675,48575.65
2021-12-13 08:00:00,460.75250000000005,48795.1325
2021-12-13 09:00:00,268.7475,44373.45
2021-12-13 10:00:00,154.3225,40574.5225
2021-12-13 11:00:00,126.06,39393.82
2021-12-13 12:00:00,53.0375,36308.07
2021-12-13 13:00:00,96.0875,38462.995
2021-12-13 14:00:00,132.81,39780.35
2021-12-13 15:00:00,267.04,44469.6975
2021-12-13 16:00:00,502.595,50224.1125
2021-12-13 17:00:00,664.21,51578.015
2021-12-13 18:00:00,504.16,48367.4925
2021-12-13 19:00:00,351.1575,45428.4425
2021-12-13 20:00:00,274.345,43616.7725
2021-12-13 21:00:00,200.68,42163.0075
2021-12-13 22:00:00,151.61,38834.425
2021-12-13 23:00:00,149.655,39577.58
2021-12-14 00:00:00,183.39,38024.765
2021-12-14 01:00:00,179.395,37031.46
2021-12-14 02:00:00,168.655,36364.18
2021-12-14 03:00:00,164.1425,35831.0275
2021-12-14 04:00:00,166.585,36039.115000000005
2021-12-14 05:00:00,187.39000000000001,37865.042499999996
2021-12-14 06:00:00,220.08249999999998,40376.9025
2021-12-14 07:00:00,294.0625,42425.0625
2021-12-14 08:00:00,299.32,45357.54
2021-12-14 09:00:00,224.01749999999998,43747.755
2021-12-14 10:00:00,179.22500000000002,41871.85
2021-12-14 11:00:00,169.9875,41338.455
2021-12-14 12:00:00,87.9475,37926.792499999996
2021-12-14 13:00:00,154.4825,40701.18
2021-12-14 14:00:00,205.26749999999998,42205.285
2021-12-14 15:00:00,338.315,46157.582500000004
2021-12-14 16:00:00,576.5475,50966.045
2021-12-14 17:00:00,816.5749999999999,52733.715
2021-12-14 18:00:00,721.3875,50788.985
2021-12-14 19:00:00,561.1475,48673.287500000006
2021-12-14 20:00:00,519.6949999999999,47713.6475
2021-12-14 21:00:00,482.75,46852.4725
2021-12-14 22:00:00,426.3075,44279.5625
2021-12-14 23:00:00,451.9775,45670.5175
2021-12-15 00:00:00,422.86249999999995,44902.22
2021-12-15 01:00:00,394.6775,44420.380000000005
2021-12-15 02:00:00,369.4175,43739.56
2021-12-15 03:00:00,350.04,43427.72
2021-12-15 04:00:00,354.99,44084.57
2021-12-15 05:00:00,421.435,45949.725
2021-12-15 06:00:00,491.4175,47447.365000000005
2021-12-15 07:00:00,621.4375,49279.85
2021-12-15 08:00:00,707.65,51432.917499999996
2021-12-15 09:00:00,522.1425,48533.815
2021-12-15 10:00:00,370.355,44870.0775
2021-12-15 11:00:00,301.33000000000004,43604.63
2021-12-15 12:00:00,197.84,39861.5875
2021-12-15 13:00:00,245.955,42209.49
2021-12-15 14:00:00,302.865,43756.905
2021-12-15 15:00:00,432.5675,47520.275
2021-12-15 16:00:00,687.0275,51224.740000000005
2021-12-15 17:00:00,877.62,52448.9375
2021-12-15 18:00:00,722.9975,50338.6625
2021-12-15 19:00:00,572.1225,48548.2775
2021-12-15 20:00:00,522.9675,47898.795
2021-12-15 21:00:00,460.3425,47021.565
2021-12-15 22:00:00,370.3175,44156.2225
2021-12-15 23:00:00,390.7,45446.5275
2021-12-16 00:00:00,328.54,43731.2575
2021-12-16 01:00:00,296.5575,42213.2625
2021-12-16 02:00:00,284.2475,40657.09
2021-12-16 03:00:00,265.835,40053.81
2021-12-16 04:00:00,263.40999999999997,40181.6125
2021-12-16 05:00:00,311.05499999999995,41206.72
2021-12-16 06:00:00,349.5175,42487.4825
2021-12-16 07:00:00,376.67,42710.1325
2021-12-16 08:00:00,398.195,44756.325
2021-12-16 09:00:00,315.66,42749.5325
2021-12-16 10:00:00,209.83,38786.375
2021-12-16 11:00:00,150.8825,37089.067500000005
2021-12-16 12:00:00,-25.0625,33007.735
2021-12-16 13:00:00,56.14,33773.4525
2021-12-16 14:00:00,101.88,33907.8725
2021-12-16 15:00:00,164.1225,35966.975
2021-12-16 16:00:00,287.3325,40002.8325
2021-12-16 17:00:00,354.98749999999995,42133.0025
2021-12-16 18:00:00,318.825,40854.35
2021-12-16 19:00:00,262.4675,39990.245
2021-12-16 20:00:00,254.2575,40289.027500000004
2021-12-16 21:00:00,238.3525,40028.7225
2021-12-16 22:00:00,205.1675,37321.4975
2021-12-16 23:00:00,236.75,38832.6175
2021-12-17 00:00:00,207.0725,38422.1725
2021-12-17 01:00:00,175.0425,38546.345
2021-12-17 02:00:00,146.8275,37763.9675
2021-12-17 03:00:00,119.7825,36778.0725
2021-12-17 04:00:00,106.875,36122.2625
2021-12-17 05:00:00,129.905,36410.4825
2021-12-17 06:00:00,155.735,36254.2575
2021-12-17 07:00:00,183.6225,37238.3625
2021-12-17 08:00:00,184.9425,37792.5225
2021-12-17 09:00:00,58.8575,32694.7825
2021-12-17 10:00:00,-55.625,30695.8325
2021-12-17 11:00:00,-80.0,30955.83
2021-12-17 12:00:00,-80.0,30653.7625
2021-12-17 13:00:00,-80.0,32549.3475
2021-12-17 14:00:00,-11.9375,33111.6875
2021-12-17 15:00:00,176.14000000000001,38833.1
2021-12-17 16:00:00,418.6725,47560.6725
2021-12-17 17:00:00,645.105,52458.705
2021-12-17 18:00:00,552.34,52707.5625
2021-12-17 19:00:00,459.82,51748.13
2021-12-17 20:00:00,438.04,51410.442500000005
2021-12-17 21:00:00,401.7825,50219.785
2021-12-17 22:00:00,312.3675,46502.66
2021-12-17 23:00:00,319.5225,46773.6575
2021-12-18 00:00:00,296.9975,44760.612499999996
2021-12-18 01:00:00,237.14,42652.3925
2021-12-18 02:00:00,200.37,40455.9475
2021-12-18 03:00:00,175.6175,38283.8475
2021-12-18 04:00:00,165.6,37218.8025
2021-12-18 05:00:00,180.375,38288.4525
2021-12-18 06:00:00,189.6125,37734.229999999996
2021-12-18 07:00:00,223.70499999999998,39217.21
2021-12-18 08:00:00,238.495,41859.645
2021-12-18 09:00:00,178.565,38448.182499999995
2021-12-18 10:00:00,124.32000000000001,34420.85
2021-12-18 11:00:00,73.4475,33408.1125
2021-12-18 12:00:00,-44.9375,32003.805
2021-12-18 13:00:00,32.41,33676.34
2021-12-18 14:00:00,127.98249999999999,34602.455
2021-12-18 15:00:00,263.4125,40457.3525
2021-12-18 16:00:00,459.1575,48740.38
2021-12-18 17:00:00,676.72,52460.2625
2021-12-18 18:00:00,547.635,50929.96
2021-12-18 19:00:00,440.065,48671.23
2021-12-18 20:00:00,418.52000000000004,47999.417499999996
2021-12-18 21:00:00,392.9425,46988.6975
2021-12-18 22:00:00,351.7325,44103.755
2021-12-18 23:00:00,370.9925,45474.4025
2021-12-19 00:00:00,374.115,44186.7325
2021-12-19 01:00:00,352.295,42562.270000000004
2021-12-19 02:00:00,307.8875,41109.0475
2021-12-19 03:00:00,263.65999999999997,40249.9225
2021-12-19 04:00:00,245.2775,39792.3175
2021-12-19 05:00:00,256.94,40408.725
2021-12-19 06:00:00,232.7125,39470.8225
2021-12-19 07:00:00,270.87,39911.21
2021-12-19 08:00:00,245.8375,40060.4
2021-12-19 09:00:00,165.6775,35774.15
2021-12-19 10:00:00,102.05,32926.72
2021-12-19 11:00:00,55.4025,32952.6775
2021-12-19 12:00:00,-48.885,31710.07
2021-12-19 13:00:00,18.4375,32764.1
2021-12-19 14:00:00,104.56,33423.0975
2021-12-19 15:00:00,214.22,39208.8
2021-12-19 16:00:00,362.45,45695.1275
2021-12-19 17:00:00,430.9375,47786.525
2021-12-19 18:00:00,391.7475,44945.895000000004
2021-12-19 19:00:00,337.67499999999995,42585.8825
2021-12-19 20:00:00,306.1525,41383.4425
2021-12-19 21:00:00,252.68,39734.5025
2021-12-19 22:00:00,192.63500000000002,36330.295
2021-12-19 23:00:00,217.1975,37197.4825
2021-12-20 00:00:00,211.9275,41436.0625
2021-12-20 01:00:00,191.4,43006.3475
2021-12-20 02:00:00,177.87,42915.4325
2021-12-20 03:00:00,171.8925,42493.6975
2021-12-20 04:00:00,176.51,42636.13
2021-12-20 05:00:00,214.03,44282.0025
2021-12-20 06:00:00,281.11749999999995,45611.01
2021-12-20 07:00:00,365.3325,46540.875
2021-12-20 08:00:00,381.27,46886.145000000004
2021-12-20 09:00:00,269.1625,41151.1525
2021-12-20 10:00:00,192.1775,36819.7325
2021-12-20 11:00:00,178.03,36198.792499999996
2021-12-20 12:00:00,144.385,34554.6225
2021-12-20 13:00:00,170.675,37038.0675
2021-12-20 14:00:00,214.35,38275.1025
2021-12-20 15:00:00,391.745,42235.9425
2021-12-20 16:00:00,633.5525,46454.7625
2021-12-20 17:00:00,852.5375,47456.495
2021-12-20 18:00:00,723.875,45232.137500000004
2021-12-20 19:00:00,588.28,42979.2625
2021-12-20 20:00:00,548.0625,42343.1275
2021-12-20 21:00:00,482.03,41437.715
2021-12-20 22:00:00,399.15,38634.225
2021-12-20 23:00:00,411.36,40417.5625
2021-12-21 00:00:00,373.855,39710.945
2021-12-21 01:00:00,343.32500000000005,38821.125
2021-12-21 02:00:00,322.4,38423.229999999996
2021-12-21 03:00:00,310.1275,38394.2975
2021-12-21 04:00:00,320.4,38965.89
2021-12-21 05:00:00,372.9425,40274.0125
2021-12-21 06:00:00,450.6575,42698.2825
2021-12-21 07:00:00,567.115,44847.6825
2021-12-21 08:00:00,555.4925000000001,47996.03
2021-12-21 09:00:00,362.595,46287.002499999995
2021-12-21 10:00:00,216.10999999999999,44221.4275
2021-12-21 11:00:00,162.01999999999998,42824.8
2021-12-21 12:00:00,63.5025,39589.4325
2021-12-21 13:00:00,124.7475,41269.3475
2021-12-21 14:00:00,166.29500000000002,42519.8825
2021-12-21 15:00:00,288.6425,45556.1325
2021-12-21 16:00:00,507.6725,49156.805
2021-12-21 17:00:00,676.6324999999999,50719.9775
2021-12-21 18:00:00,545.7225,49742.167499999996
2021-12-21 19:00:00,430.8225,48474.8825
2021-12-21 20:00:00,399.7325,48133.957500000004
2021-12-21 21:00:00,361.52250000000004,46994.435
2021-12-21 22:00:00,295.2625,43834.1525
2021-12-21 23:00:00,322.81,44217.285
2021-12-22 00:00:00,284.3125,43458.18
2021-12-22 01:00:00,249.67249999999999,42692.33
2021-12-22 02:00:00,238.46,41758.9775
2021-12-22 03:00:00,234.48000000000002,41353.7525
2021-12-22 04:00:00,254.98250000000002,41395.8
2021-12-22 05:00:00,316.44,43317.5375
2021-12-22 06:00:00,387.565,45348.5975
2021-12-22 07:00:00,493.5875,47389.475
2021-12-22 08:00:00,544.2349999999999,51751.5375
2021-12-22 09:00:00,437.6375,52587.5775
2021-12-22 10:00:00,338.625,52090.86
2021-12-22 11:00:00,264.46,53084.1225
2021-12-22 12:00:00,173.39,50101.207500000004
2021-12-22 13:00:00,206.28,51123.305
2021-12-22 14:00:00,244.3075,49573.4125
2021-12-22 15:00:00,345.24,49035.1875
2021-12-22 16:00:00,537.5799999999999,48840.615
2021-12-22 17:00:00,703.9875,47543.62
2021-12-22 18:00:00,613.1600000000001,44760.905
2021-12-22 19:00:00,496.2875,42367.975
2021-12-22 20:00:00,472.95,41129.365
2021-12-22 21:00:00,419.3625,39234.4275
2021-12-22 22:00:00,357.4075,35360.1075
2021-12-22 23:00:00,351.7675,35068.965
2021-12-23 00:00:00,265.61,33726.825
2021-12-23 01:00:00,218.115,32698.205
2021-12-23 02:00:00,198.735,31959.09
2021-12-23 03:00:00,185.25,32086.175
2021-12-23 04:00:00,192.375,32292.6575
2021-12-23 05:00:00,262.185,33382.7825
2021-12-23 06:00:00,345.2975,36189.4625
2021-12-23 07:00:00,446.53,38434.215
2021-12-23 08:00:00,557.6725,44423.9925
2021-12-23 09:00:00,535.345,46878.745
2021-12-23 10:00:00,478.1475,47030.8825
2021-12-23 11:00:00,448.02250000000004,47488.0575
2021-12-23 12:00:00,385.53000000000003,44218.3125
2021-12-23 13:00:00,402.9925,45103.8
2021-12-23 14:00:00,401.985,44437.635
2021-12-23 15:00:00,430.63,46149.535
2021-12-23 16:00:00,509.86,49013.93
2021-12-23 17:00:00,577.3225,50876.215
2021-12-23 18:00:00,446.7075,49877.7725
2021-12-23 19:00:00,349.2325,48676.56
2021-12-23 20:00:00,297.7875,48097.3425
2021-12-23 21:00:00,226.035,47590.0175
2021-12-23 22:00:00,159.64000000000001,45068.3775
2021-12-23 23:00:00,141.98250000000002,45320.6275
2021-12-24 00:00:00,-24.6875,43956.3775
2021-12-24 01:00:00,-80.0,42472.64
2021-12-24 02:00:00,-80.0,41462.662500000006
2021-12-24 03:00:00,-80.0,40365.045
2021-12-24 04:00:00,-80.0,40409.332500000004
2021-12-24 05:00:00,-80.0,41764.8675
2021-12-24 06:00:00,68.44,40984.292499999996
2021-12-24 07:00:00,166.82,42775.59
2021-12-24 08:00:00,271.2825,46507.1625
2021-12-24 09:00:00,283.33000000000004,44028.3525
2021-12-24 10:00:00,249.9275,40213.64
2021-12-24 11:00:00,246.1725,39799.975
2021-12-24 12:00:00,197.7475,37516.6575
2021-12-24 13:00:00,213.6325,39135.5475
2021-12-24 14:00:00,208.33249999999998,39954.995
2021-12-24 15:00:00,287.33,44417.7975
2021-12-24 16:00:00,447.0175,51252.3025
2021-12-24 17:00:00,633.0775,55878.085
2021-12-24 18:00:00,553.7,55197.4
2021-12-24 19:00:00,462.2925,54001.4775
2021-12-24 20:00:00,449.015,52674.5075
2021-12-24 21:00:00,412.8725,50982.2625
2021-12-24 22:00:00,370.105,47430.96
2021-12-24 23:00:00,370.6825,47424.75
2021-12-25 00:00:00,312.5475,44989.035
2021-12-25 01:00:00,260.945,43012.817500000005
2021-12-25 02:00:00,224.58999999999997,41425.655
2021-12-25 03:00:00,198.14499999999998,40059.165
2021-12-25 04:00:00,194.995,39147.4025
2021-12-25 05:00:00,222.76999999999998,39835.457500000004
2021-12-25 06:00:00,251.73,39954.715
2021-12-25 07:00:00,335.5075,42500.7625
2021-12-25 08:00:00,395.1775,45286.2525
2021-12-25 09:00:00,360.12,42065.6375
2021-12-25 10:00:00,259.7525,37322.05
2021-12-25 11:00:00,212.3175,35802.0125
2021-12-25 12:00:00,164.8925,34953.2825
2021-12-25 13:00:00,179.1175,35438.3925
2021-12-25 14:00:00,197.5625,36610.4925
2021-12-25 15:00:00,318.71999999999997,40720.5775
2021-12-25 16:00:00,628.645,48842.6275
2021-12-25 17:00:00,934.4175,54696.7025
2021-12-25 18:00:00,904.8050000000001,53933.465
2021-12-25 19:00:00,746.5174999999999,52696.4075
2021-12-25 20:00:00,659.79,51385.35
2021-12-25 21:00:00,541.585,48723.7275
2021-12-25 22:00:00,411.48,43989.745
2021-12-25 23:00:00,390.0175,43634.0925
2021-12-26 00:00:00,328.0625,41018.207500000004
2021-12-26 01:00:00,268.645,39153.0925
2021-12-26 02:00:00,233.91750000000002,37619.1875
2021-12-26 03:00:00,210.4025,36624.682499999995
2021-12-26 04:00:00,206.935,36653.71
2021-12-26 05:00:00,223.45499999999998,38460.425
2021-12-26 06:00:00,226.5225,41416.485
2021-12-26 07:00:00,292.4625,43406.8625
2021-12-26 08:00:00,340.37,46010.9
2021-12-26 09:00:00,273.9525,43367.16
2021-12-26 10:00:00,95.315,40428.5
2021-12-26 11:00:00,-18.975,38382.2425
2021-12-26 12:00:00,-70.0,35538.7975
2021-12-26 13:00:00,-80.0,36890.5
2021-12-26 14:00:00,-14.8025,38071.7275
2021-12-26 15:00:00,216.4725,44082.9425
2021-12-26 16:00:00,445.23,51348.095
2021-12-26 17:00:00,697.8575,53927.097499999996
2021-12-26 18:00:00,606.61,52794.3925
2021-12-26 19:00:00,492.6675,50720.365000000005
2021-12-26 20:00:00,451.04,49516.1575
2021-12-26 21:00:00,387.6925,47258.405
2021-12-26 22:00:00,308.6825,43457.0525
2021-12-26 23:00:00,311.75250000000005,43653.9
2021-12-27 00:00:00,240.0975,41682.4075
2021-12-27 01:00:00,191.0125,40933.9975
2021-12-27 02:00:00,167.435,40199.655
2021-12-27 03:00:00,152.16750000000002,39889.4825
2021-12-27 04:00:00,151.65,40229.875
2021-12-27 05:00:00,174.07500000000002,42070.869999999995
2021-12-27 06:00:00,212.6875,45287.83
2021-12-27 07:00:00,307.59000000000003,46881.655
2021-12-27 08:00:00,349.5975,48937.39
2021-12-27 09:00:00,278.6875,45597.25
2021-12-27 10:00:00,213.685,42388.625
2021-12-27 11:00:00,189.7525,40217.6375
2021-12-27 12:00:00,134.1125,37191.7175
2021-12-27 13:00:00,164.41250000000002,39806.9625
2021-12-27 14:00:00,210.105,42243.555
2021-12-27 15:00:00,395.525,46670.2075
2021-12-27 16:00:00,844.7925,52187.792499999996
2021-12-27 17:00:00,1038.425,54379.7375
2021-12-27 18:00:00,993.6700000000001,52472.097499999996
2021-12-27 19:00:00,780.7075,49878.44
2021-12-27 20:00:00,657.13,47912.0575
2021-12-27 21:00:00,509.91499999999996,46707.255
2021-12-27 22:00:00,376.4575,43678.8725
2021-12-27 23:00:00,361.95000000000005,44334.4225
2021-12-28 00:00:00,314.63250000000005,43351.947499999995
2021-12-28 01:00:00,270.265,42421.995
2021-12-28 02:00:00,220.7825,41343.4725
2021-12-28 03:00:00,184.14000000000001,39856.9875
2021-12-28 04:00:00,193.035,39017.44
2021-12-28 05:00:00,281.07,39837.7225
2021-12-28 06:00:00,377.7575,43708.192500000005
2021-12-28 07:00:00,459.1775,47627.0975
2021-12-28 08:00:00,504.145,50163.4475
2021-12-28 09:00:00,414.715,45848.2
2021-12-28 10:00:00,299.315,41562.4225
2021-12-28 11:00:00,191.34500000000003,38333.365
2021-12-28 12:00:00,73.065,35844.597499999996
2021-12-28 13:00:00,118.14000000000001,38069.1525
2021-12-28 14:00:00,202.51250000000002,40846.5175
2021-12-28 15:00:00,407.6175,46371.9675
2021-12-28 16:00:00,840.4950000000001,53429.25
2021-12-28 17:00:00,1035.8600000000001,55584.665
2021-12-28 18:00:00,986.6775,54952.7725
2021-12-28 19:00:00,773.4325,54234.045
2021-12-28 20:00:00,607.495,53793.9825
2021-12-28 21:00:00,478.88,52446.8925
2021-12-28 22:00:00,382.8825,48327.485
2021-12-28 23:00:00,367.84000000000003,46766.91
2021-12-29 00:00:00,349.9525,44254.36
2021-12-29 01:00:00,325.765,42392.8825
2021-12-29 02:00:00,283.915,40556.085
2021-12-29 03:00:00,223.1825,39499.125
2021-12-29 04:00:00,208.9725,39328.2525
2021-12-29 05:00:00,294.64,41140.0375
2021-12-29 06:00:00,405.1175,43372.045
2021-12-29 07:00:00,627.5525,45390.11
2021-12-29 08:00:00,741.65,48182.3275
2021-12-29 09:00:00,502.8075,44397.6475
2021-12-29 10:00:00,323.2475,40972.3325
2021-12-29 11:00:00,208.905,39202.5925
2021-12-29 12:00:00,86.16,35483.2475
2021-12-29 13:00:00,148.6725,37135.22
2021-12-29 14:00:00,261.76250000000005,38058.125
2021-12-29 15:00:00,446.8875,42475.485
2021-12-29 16:00:00,872.7275,49548.99
2021-12-29 17:00:00,1027.955,53537.3525
2021-12-29 18:00:00,1016.51,53796.9925
2021-12-29 19:00:00,995.755,53276.8925
2021-12-29 20:00:00,971.5625,53251.665
2021-12-29 21:00:00,690.6875,52427.3125
2021-12-29 22:00:00,453.735,49231.2375
2021-12-29 23:00:00,400.0025,49899.582500000004
2021-12-30 00:00:00,360.0925,46404.0325
2021-12-30 01:00:00,311.77500000000003,44352.985
2021-12-30 02:00:00,254.9025,43167.457500000004
2021-12-30 03:00:00,204.185,42708.302500000005
2021-12-30 04:00:00,205.615,42632.042499999996
2021-12-30 05:00:00,288.375,43640.4275
2021-12-30 06:00:00,357.6125,46293.0875
2021-12-30 07:00:00,431.2175,48737.604999999996
2021-12-30 08:00:00,475.95,52038.3425
2021-12-30 09:00:00,384.8825,49488.2675
2021-12-30 10:00:00,232.45499999999998,48464.72
2021-12-30 11:00:00,144.5475,48576.8775
2021-12-30 12:00:00,-3.875,46752.979999999996
2021-12-30 13:00:00,85.23750000000001,48964.5475
2021-12-30 14:00:00,157.6775,49690.0625
2021-12-30 15:00:00,325.53999999999996,51793.7475
2021-12-30 16:00:00,630.14,54545.49
2021-12-30 17:00:00,938.9549999999999,53924.275
2021-12-30 18:00:00,973.6675,51651.2725
2021-12-30 19:00:00,878.05,49514.1275
2021-12-30 20:00:00,796.35,49088.1275
2021-12-30 21:00:00,622.4749999999999,48583.31
2021-12-30 22:00:00,463.99,46007.68
2021-12-30 23:00:00,461.23,46562.435
2021-12-31 00:00:00,473.815,47085.542499999996
2021-12-31 01:00:00,455.635,44841.6
2021-12-31 02:00:00,431.9225,43690.2725
2021-12-31 03:00:00,414.20500000000004,42911.5525
2021-12-31 04:00:00,412.73,42737.025
2021-12-31 05:00:00,448.78,44159.7325
2021-12-31 06:00:00,517.01,47398.3575
2021-12-31 07:00:00,720.1825,49777.235
2021-12-31 08:00:00,815.0500000000001,53612.845
2021-12-31 09:00:00,566.27,51227.525
2021-12-31 10:00:00,422.92999999999995,47883.53
2021-12-31 11:00:00,381.83,45691.295
2021-12-31 12:00:00,292.0575,43359.75
2021-12-31 13:00:00,349.785,45975.08
2021-12-31 14:00:00,398.0775,47629.53
2021-12-31 15:00:00,532.9525000000001,50706.2175
2021-12-31 16:00:00,859.3575,53734.345
2021-12-31 17:00:00,993.4200000000001,54752.375
2021-12-31 18:00:00,790.9425,53196.0975
2021-12-31 19:00:00,567.6274999999999,51511.725000000006
2021-12-31 20:00:00,478.6375,51165.6525
2021-12-31 21:00:00,415.475,50693.735
2021-12-31 22:00:00,307.4175,48352.1125
2021-12-31 23:00:00,291.81,49284.432499999995
2022-01-01 00:00:00,282.20000000000005,48744.655
2022-01-01 01:00:00,275.2125,47844.6825
2022-01-01 02:00:00,260.9925,46833.4625
2022-01-01 03:00:00,242.7575,46037.175
2022-01-01 04:00:00,238.3825,46041.835
2022-01-01 05:00:00,258.0625,47629.8525
2022-01-01 06:00:00,267.27750000000003,50802.479999999996
2022-01-01 07:00:00,311.3025,53441.354999999996
2022-01-01 08:00:00,300.5475,57555.259999999995
2022-01-01 09:00:00,192.26250000000002,55485.7325
2022-01-01 10:00:00,-20.259999999999998,52774.82
2022-01-01 11:00:00,-80.0,51487.32
2022-01-01 12:00:00,-80.0,48600.345
2022-01-01 13:00:00,-80.0,50039.8575
2022-01-01 14:00:00,35.6875,50328.44
2022-01-01 15:00:00,302.415,51725.005
2022-01-01 16:00:00,521.585,53602.1425
2022-01-01 17:00:00,755.1175,55119.905
2022-01-01 18:00:00,664.015,53531.2575
2022-01-01 19:00:00,530.3199999999999,51062.6725
2022-01-01 20:00:00,488.2175,50086.6125
2022-01-01 21:00:00,430.8025,48798.8075
2022-01-01 22:00:00,327.2625,46263.130000000005
2022-01-01 23:00:00,273.735,44919.417499999996
2022-01-02 00:00:00,6.362499999999997,44855.6325
2022-01-02 01:00:00,-80.0,44247.11
2022-01-02 02:00:00,-80.0,43160.3475
2022-01-02 03:00:00,-80.0,42347.567500000005
2022-01-02 04:00:00,-80.0,42065.89750000001
2022-01-02 05:00:00,37.5625,42759.4775
2022-01-02 06:00:00,193.75,43783.442500000005
2022-01-02 07:00:00,340.2475,45637.405
2022-01-02 08:00:00,425.91749999999996,49379.4825
2022-01-02 09:00:00,362.43,47517.7575
2022-01-02 10:00:00,243.84,44650.02
2022-01-02 11:00:00,215.19,43319.74
2022-01-02 12:00:00,202.2975,41068.3925
2022-01-02 13:00:00,273.4325,42988.042499999996
2022-01-02 14:00:00,367.0575,44297.8675
2022-01-02 15:00:00,535.0525,47660.68
2022-01-02 16:00:00,813.67,51451.0075
2022-01-02 17:00:00,998.7775,54013.1075
2022-01-02 18:00:00,919.85,52991.46
2022-01-02 19:00:00,764.23,51800.185
2022-01-02 20:00:00,704.8975,51995.87
2022-01-02 21:00:00,622.865,50989.88
2022-01-02 22:00:00,521.5775,47992.7125
2022-01-02 23:00:00,488.4925,47706.25
2022-01-03 00:00:00,297.89,44962.1025
2022-01-03 01:00:00,195.7,43846.73
2022-01-03 02:00:00,158.5525,43210.705
2022-01-03 03:00:00,142.625,43225.28
2022-01-03 04:00:00,150.52499999999998,43357.69
2022-01-03 05:00:00,192.95,44705.5325
2022-01-03 06:00:00,301.9425,47482.417499999996
2022-01-03 07:00:00,434.2625,50542.4375
2022-01-03 08:00:00,493.77,53638.32
2022-01-03 09:00:00,415.6925,48843.417499999996
2022-01-03 10:00:00,287.1175,44003.5675
2022-01-03 11:00:00,234.45999999999998,41985.275
2022-01-03 12:00:00,176.215,39001.705
2022-01-03 13:00:00,214.805,40375.7125
2022-01-03 14:00:00,303.5825,41163.979999999996
2022-01-03 15:00:00,475.57500000000005,46356.3325
2022-01-03 16:00:00,743.1800000000001,52807.2925
2022-01-03 17:00:00,970.685,54292.785
2022-01-03 18:00:00,864.6475,52970.8475
2022-01-03 19:00:00,720.0,50557.442500000005
2022-01-03 20:00:00,723.3349999999999,49947.415
2022-01-03 21:00:00,648.9625,49199.16
2022-01-03 22:00:00,533.5175,46769.3075
2022-01-03 23:00:00,502.0475,46616.155
2022-01-04 00:00:00,363.735,41525.85
2022-01-04 01:00:00,313.425,39690.8525
2022-01-04 02:00:00,302.26250000000005,39436.7475
2022-01-04 03:00:00,287.83500000000004,39214.542499999996
2022-01-04 04:00:00,285.27000000000004,39421.432499999995
2022-01-04 05:00:00,306.51,40907.2225
2022-01-04 06:00:00,325.4975,42940.0025
2022-01-04 07:00:00,344.98249999999996,45883.835
2022-01-04 08:00:00,363.625,50812.1575
2022-01-04 09:00:00,343.28,48869.3475
2022-01-04 10:00:00,327.32,46039.5625
2022-01-04 11:00:00,326.8225,42683.755
2022-01-04 12:00:00,321.65999999999997,39114.87
2022-01-04 13:00:00,326.9175,39380.745
2022-01-04 14:00:00,336.88750000000005,39979.417499999996
2022-01-04 15:00:00,374.975,43899.5675
2022-01-04 16:00:00,440.665,49179.07
2022-01-04 17:00:00,497.61,50914.4825
2022-01-04 18:00:00,426.3775,48456.545
2022-01-04 19:00:00,370.58,45781.055
2022-01-04 20:00:00,360.6875,45059.51
2022-01-04 21:00:00,346.9925,44632.5325
2022-01-04 22:00:00,331.79,42470.16
2022-01-04 23:00:00,328.7975,42360.9875
2022-01-05 00:00:00,336.9925,46445.745
2022-01-05 01:00:00,282.24,46330.42
2022-01-05 02:00:00,244.155,44973.4925
2022-01-05 03:00:00,226.60500000000002,43435.83500000001
2022-01-05 04:00:00,235.13,41944.905
2022-01-05 05:00:00,296.43,41304.005000000005
2022-01-05 06:00:00,385.4825,40806.5175
2022-01-05 07:00:00,485.4825,42248.11
2022-01-05 08:00:00,581.8325,47341.1625
2022-01-05 09:00:00,587.76,46460.17
2022-01-05 10:00:00,549.8675000000001,44081.04
2022-01-05 11:00:00,531.1300000000001,43276.395000000004
2022-01-05 12:00:00,471.8675,40426.1725
2022-01-05 13:00:00,518.1925,40637.96
2022-01-05 14:00:00,557.8149999999999,40915.619999999995
2022-01-05 15:00:00,629.39,43151.1
2022-01-05 16:00:00,794.81,46798.6625
2022-01-05 17:00:00,1076.9899999999998,48949.7675
2022-01-05 18:00:00,860.8824999999999,48419.195
2022-01-05 19:00:00,658.0799999999999,47484.4075
2022-01-05 20:00:00,625.2249999999999,47980.3625
2022-01-05 21:00:00,566.915,47174.59
2022-01-05 22:00:00,471.04999999999995,44108.705
2022-01-05 23:00:00,476.34,43712.895000000004
2022-01-06 00:00:00,417.8925,45303.134999999995
2022-01-06 01:00:00,344.5175,44886.06
2022-01-06 02:00:00,290.055,43791.0775
2022-01-06 03:00:00,259.5925,42696.1825
2022-01-06 04:00:00,260.4675,42298.229999999996
2022-01-06 05:00:00,314.875,43102.8275
2022-01-06 06:00:00,397.71,44108.665
2022-01-06 07:00:00,487.555,46252.5
2022-01-06 08:00:00,572.6600000000001,52332.5175
2022-01-06 09:00:00,511.51,54311.8725
2022-01-06 10:00:00,422.5175,55139.705
2022-01-06 11:00:00,380.615,56630.255000000005
2022-01-06 12:00:00,325.40250000000003,55903.69
2022-01-06 13:00:00,377.59,55916.7975
2022-01-06 14:00:00,435.8125,54095.957500000004
2022-01-06 15:00:00,555.8875,53727.692500000005
2022-01-06 16:00:00,706.5550000000001,54124.85
2022-01-06 17:00:00,1006.0274999999999,54028.7325
2022-01-06 18:00:00,753.9175,52611.45
2022-01-06 19:00:00,566.915,50690.53
2022-01-06 20:00:00,535.97,49780.8525
2022-01-06 21:00:00,479.96000000000004,48506.505
2022-01-06 22:00:00,428.6225,44917.6225
2022-01-06 23:00:00,437.07500000000005,43781.9825
2022-01-07 00:00:00,431.46500000000003,42650.71
2022-01-07 01:00:00,400.045,41058.7825
2022-01-07 02:00:00,370.865,39387.4025
2022-01-07 03:00:00,351.34749999999997,37634.152500000004
2022-01-07 04:00:00,352.84499999999997,36751.4025
2022-01-07 05:00:00,395.8175,37280.085
2022-01-07 06:00:00,486.89250000000004,37919.585
2022-01-07 07:00:00,614.2925,40183.67
2022-01-07 08:00:00,809.5675,45343.162500000006
2022-01-07 09:00:00,648.75,45087.555
2022-01-07 10:00:00,487.0525,44671.225
2022-01-07 11:00:00,413.6425,45209.71
2022-01-07 12:00:00,349.2475,43822.575
2022-01-07 13:00:00,380.81,44510.7825
2022-01-07 14:00:00,431.9425,44012.08
2022-01-07 15:00:00,516.125,44801.395000000004
2022-01-07 16:00:00,613.9475,47017.2325
2022-01-07 17:00:00,870.67,50044.62
2022-01-07 18:00:00,681.645,50522.9475
2022-01-07 19:00:00,527.1775,48947.135
2022-01-07 20:00:00,477.435,48911.505
2022-01-07 21:00:00,424.9125,48298.1175
2022-01-07 22:00:00,374.875,44781.8775
2022-01-07 23:00:00,348.63750000000005,43783.9825
2022-01-08 00:00:00,301.1,41530.3575
2022-01-08 01:00:00,242.7875,40152.5625
2022-01-08 02:00:00,203.44,38936.425
2022-01-08 03:00:00,184.675,37835.6725
2022-01-08 04:00:00,184.655,37882.83
2022-01-08 05:00:00,227.28750000000002,39127.7825
2022-01-08 06:00:00,314.73749999999995,40977.06
2022-01-08 07:00:00,442.15,44415.335
2022-01-08 08:00:00,554.05,50222.6075
2022-01-08 09:00:00,530.96,49634.805
2022-01-08 10:00:00,456.3275,46394.59
2022-01-08 11:00:00,399.59250000000003,44258.515
2022-01-08 12:00:00,345.01,40797.2325
2022-01-08 13:00:00,389.235,40960.0925
2022-01-08 14:00:00,458.4225,41616.115
2022-01-08 15:00:00,589.9549999999999,45123.365
2022-01-08 16:00:00,719.56,49869.825
2022-01-08 17:00:00,962.1800000000001,52685.3225
2022-01-08 18:00:00,794.6575,53754.1625
2022-01-08 19:00:00,650.3125,52427.925
2022-01-08 20:00:00,615.2375,52017.9675
2022-01-08 21:00:00,555.1775,51110.6525
2022-01-08 22:00:00,459.85,47643.455
2022-01-08 23:00:00,429.7125,45850.0525
2022-01-09 00:00:00,382.2625,44327.04
2022-01-09 01:00:00,336.1475,43127.3175
2022-01-09 02:00:00,290.8025,41773.735
2022-01-09 03:00:00,242.465,41180.417499999996
2022-01-09 04:00:00,239.57999999999998,41319.22
2022-01-09 05:00:00,304.21250000000003,42326.1125
2022-01-09 06:00:00,355.05,44287.42
2022-01-09 07:00:00,449.34,47740.56
2022-01-09 08:00:00,531.4,53093.6625
2022-01-09 09:00:00,472.0825,52915.53
2022-01-09 10:00:00,361.365,50256.045
2022-01-09 11:00:00,293.2175,47959.975
2022-01-09 12:00:00,211.705,45837.7525
2022-01-09 13:00:00,278.435,45240.365000000005
2022-01-09 14:00:00,357.5125,45471.9375
2022-01-09 15:00:00,495.83500000000004,47719.125
2022-01-09 16:00:00,641.3050000000001,49835.72
2022-01-09 17:00:00,746.915,52212.185
2022-01-09 18:00:00,685.9300000000001,52789.4975
2022-01-09 19:00:00,602.865,51749.817500000005
2022-01-09 20:00:00,580.7675,51827.537500000006
2022-01-09 21:00:00,533.615,50771.3975
2022-01-09 22:00:00,459.9325,47135.994999999995
2022-01-09 23:00:00,445.1575,43994.2475
2022-01-10 00:00:00,312.74,41077.175
2022-01-10 01:00:00,249.2625,39263.175
2022-01-10 02:00:00,223.53500000000003,38229.1125
2022-01-10 03:00:00,204.2025,37391.3425
2022-01-10 04:00:00,207.54000000000002,36786.64
2022-01-10 05:00:00,260.27,37806.8075
2022-01-10 06:00:00,382.54,40551.695
2022-01-10 07:00:00,556.0275,44120.9475
2022-01-10 08:00:00,1082.1225,47556.265
2022-01-10 09:00:00,1178.3775,44811.3275
2022-01-10 10:00:00,986.0175,41324.28
2022-01-10 11:00:00,817.5675,39135.71
2022-01-10 12:00:00,564.715,37285.6075
2022-01-10 13:00:00,498.5025,37033.9525
2022-01-10 14:00:00,468.465,38761.49
2022-01-10 15:00:00,469.805,43052.6175
2022-01-10 16:00:00,491.0575,47385.365000000005
2022-01-10 17:00:00,534.0775,50552.134999999995
2022-01-10 18:00:00,467.855,51012.4875
2022-01-10 19:00:00,394.84749999999997,49454.4675
2022-01-10 20:00:00,374.5625,49023.79
2022-01-10 21:00:00,322.57,48061.1875
2022-01-10 22:00:00,252.29999999999998,44302.04
2022-01-10 23:00:00,249.945,41434.4025
2022-01-11 00:00:00,237.1,38695.54
2022-01-11 01:00:00,217.65249999999997,36955.7125
2022-01-11 02:00:00,199.82,35548.4775
2022-01-11 03:00:00,187.2175,34423.457500000004
2022-01-11 04:00:00,186.66,34318.93
2022-01-11 05:00:00,237.405,35042.56
2022-01-11 06:00:00,353.22249999999997,36819.85
2022-01-11 07:00:00,473.4425,40200.6925
2022-01-11 08:00:00,521.2425000000001,43219.775
2022-01-11 09:00:00,395.3025,40143.1125
2022-01-11 10:00:00,250.0575,36365.8625
2022-01-11 11:00:00,200.43,34709.845
2022-01-11 12:00:00,165.8725,32861.7325
2022-01-11 13:00:00,208.575,32236.7125
2022-01-11 14:00:00,289.87,33199.317500000005
2022-01-11 15:00:00,450.41499999999996,37227.72
2022-01-11 16:00:00,691.3225,42524.6525
2022-01-11 17:00:00,1012.05,46974.9375
2022-01-11 18:00:00,779.125,48830.135
2022-01-11 19:00:00,550.5825,48034.955
2022-01-11 20:00:00,516.96,48129.1625
2022-01-11 21:00:00,460.9425,47481.535
2022-01-11 22:00:00,381.455,43480.924999999996
2022-01-11 23:00:00,348.145,40557.94
2022-01-12 00:00:00,311.6325,37973.9775
2022-01-12 01:00:00,296.7775,36455.455
2022-01-12 02:00:00,282.72249999999997,35639.32
2022-01-12 03:00:00,267.1675,35000.380000000005
2022-01-12 04:00:00,273.245,34745.0375
2022-01-12 05:00:00,295.205,35479.4375
2022-01-12 06:00:00,317.375,37502.625
2022-01-12 07:00:00,370.075,40722.3575
2022-01-12 08:00:00,450.805,42585.06
2022-01-12 09:00:00,407.2375,39185.6825
2022-01-12 10:00:00,329.4975,35884.770000000004
2022-01-12 11:00:00,302.745,36324.082500000004
2022-01-12 12:00:00,281.27,37158.75
2022-01-12 13:00:00,292.77,37585.0525
2022-01-12 14:00:00,312.685,38477.6975
2022-01-12 15:00:00,363.9625,41433.0325
2022-01-12 16:00:00,411.7275,44420.7625
2022-01-12 17:00:00,424.2325,47614.7375
2022-01-12 18:00:00,347.45000000000005,48885.7375
2022-01-12 19:00:00,306.615,48045.9375
2022-01-12 20:00:00,297.385,48336.3475
2022-01-12 21:00:00,253.0425,47445.0425
2022-01-12 22:00:00,170.105,44259.3925
2022-01-12 23:00:00,145.8725,40545.35
2022-01-13 00:00:00,105.45249999999999,37543.6625
2022-01-13 01:00:00,55.9125,36083.6125
2022-01-13 02:00:00,-49.04,35040.0475
2022-01-13 03:00:00,-80.0,34393.837499999994
2022-01-13 04:00:00,32.185,34081.369999999995
2022-01-13 05:00:00,124.405,34793.3525
2022-01-13 06:00:00,202.35000000000002,36536.87
2022-01-13 07:00:00,343.275,39468.302500000005
2022-01-13 08:00:00,480.775,40551.95
2022-01-13 09:00:00,339.325,35746.08
2022-01-13 10:00:00,194.32,30741.965
2022-01-13 11:00:00,152.8875,30015.835
2022-01-13 12:00:00,118.5625,30382.955
2022-01-13 13:00:00,148.7225,30761.4025
2022-01-13 14:00:00,229.345,30858.9425
2022-01-13 15:00:00,445.3025,32182.7
2022-01-13 16:00:00,698.355,36927.545
2022-01-13 17:00:00,975.865,42418.075
2022-01-13 18:00:00,795.855,45135.2525
2022-01-13 19:00:00,626.035,44969.09
2022-01-13 20:00:00,588.35,45566.355
2022-01-13 21:00:00,502.4275,45194.6575
2022-01-13 22:00:00,375.88750000000005,41859.245
2022-01-13 23:00:00,335.27750000000003,38297.43
2022-01-14 00:00:00,367.9575,34960.1375
2022-01-14 01:00:00,349.64,33083.5725
2022-01-14 02:00:00,314.885,32203.51
2022-01-14 03:00:00,267.2275,31758.3275
2022-01-14 04:00:00,256.66999999999996,31827.1475
2022-01-14 05:00:00,332.7925,32783.6375
2022-01-14 06:00:00,447.28749999999997,34535.775
2022-01-14 07:00:00,587.9025,37802.3175
2022-01-14 08:00:00,723.735,39462.585
2022-01-14 09:00:00,592.855,35659.9875
2022-01-14 10:00:00,420.76,32030.0425
2022-01-14 11:00:00,344.31,30352.5075
2022-01-14 12:00:00,233.78,29794.9825
2022-01-14 13:00:00,277.145,30250.08
2022-01-14 14:00:00,368.3275,30758.9775
2022-01-14 15:00:00,516.405,34421.5875
2022-01-14 16:00:00,689.7674999999999,40135.5775
2022-01-14 17:00:00,762.1075,44706.92
2022-01-14 18:00:00,612.9075,46995.7425
2022-01-14 19:00:00,469.96999999999997,44962.2175
2022-01-14 20:00:00,411.7525,43617.72
2022-01-14 21:00:00,336.81500000000005,41037.3075
2022-01-14 22:00:00,220.23000000000002,34957.542499999996
2022-01-14 23:00:00,194.38750000000002,32528.5675
2022-01-15 00:00:00,218.63500000000002,26780.0575
2022-01-15 01:00:00,216.24,25201.805
2022-01-15 02:00:00,204.1475,26747.3325
2022-01-15 03:00:00,196.1625,27178.4925
2022-01-15 04:00:00,207.1325,27244.3825
2022-01-15 05:00:00,269.19000000000005,27332.2325
2022-01-15 06:00:00,352.775,27439.73
2022-01-15 07:00:00,494.5475,29578.7025
2022-01-15 08:00:00,615.3075,32268.010000000002
2022-01-15 09:00:00,498.2275,30448.42
2022-01-15 10:00:00,346.995,27246.155
2022-01-15 11:00:00,261.775,26679.4375
2022-01-15 12:00:00,182.635,25069.7025
2022-01-15 13:00:00,179.4125,25588.7125
2022-01-15 14:00:00,219.465,26973.6925
2022-01-15 15:00:00,372.02,30659.0525
2022-01-15 16:00:00,577.1099999999999,34722.35
2022-01-15 17:00:00,689.9025,37907.7325
2022-01-15 18:00:00,556.7075,39784.795
2022-01-15 19:00:00,441.47499999999997,38041.8975
2022-01-15 20:00:00,410.7825,37291.8875
2022-01-15 21:00:00,360.78249999999997,35684.7325
2022-01-15 22:00:00,282.2775,31864.0775
2022-01-15 23:00:00,281.555,30289.947500000002
2022-01-16 00:00:00,253.035,28564.45
2022-01-16 01:00:00,241.91,27646.32
2022-01-16 02:00:00,241.3625,26908.9925
2022-01-16 03:00:00,241.6125,26443.3125
2022-01-16 04:00:00,250.7425,26949.690000000002
2022-01-16 05:00:00,275.4725,28537.93
2022-01-16 06:00:00,290.745,30771.72
2022-01-16 07:00:00,305.5325,34433.29
2022-01-16 08:00:00,325.90500000000003,36930.49
2022-01-16 09:00:00,306.42,34294.9
2022-01-16 10:00:00,270.3075,31015.2975
2022-01-16 11:00:00,246.325,30787.1
2022-01-16 12:00:00,207.89499999999998,28874.73
2022-01-16 13:00:00,230.20000000000002,30349.115
2022-01-16 14:00:00,273.07,31047.9225
2022-01-16 15:00:00,305.765,33656.91
2022-01-16 16:00:00,400.22249999999997,36370.055
2022-01-16 17:00:00,505.5625,37722.6875
2022-01-16 18:00:00,434.7975,38647.3
2022-01-16 19:00:00,357.7375,37264.89
2022-01-16 20:00:00,339.08000000000004,36682.3975
2022-01-16 21:00:00,320.61,35936.2325
2022-01-16 22:00:00,303.745,33651.0
2022-01-16 23:00:00,299.57500000000005,32990.555
2022-01-17 00:00:00,310.76750000000004,30640.1725
2022-01-17 01:00:00,293.21250000000003,29651.3025
2022-01-17 02:00:00,261.68,29002.45
2022-01-17 03:00:00,240.055,28504.05
2022-01-17 04:00:00,241.8075,28448.1825
2022-01-17 05:00:00,295.46,29538.575
2022-01-17 06:00:00,371.18,30975.13
2022-01-17 07:00:00,486.45000000000005,33672.4125
2022-01-17 08:00:00,586.11,35893.0375
2022-01-17 09:00:00,433.2875,33071.284999999996
2022-01-17 10:00:00,247.68,29022.775
2022-01-17 11:00:00,167.935,28374.37
2022-01-17 12:00:00,106.8725,26242.28
2022-01-17 13:00:00,112.5325,28364.7625
2022-01-17 14:00:00,155.3175,29380.65
2022-01-17 15:00:00,292.29499999999996,31630.035
2022-01-17 16:00:00,549.1475,33025.880000000005
2022-01-17 17:00:00,819.0325,34536.46
2022-01-17 18:00:00,750.4875,35270.8675
2022-01-17 19:00:00,630.65,33012.06
2022-01-17 20:00:00,624.185,33301.025
2022-01-17 21:00:00,521.1525,33774.775
2022-01-17 22:00:00,400.7275,31574.4575
2022-01-17 23:00:00,367.98,31433.574999999997
2022-01-18 00:00:00,299.62,29489.3725
2022-01-18 01:00:00,229.5625,28351.835
2022-01-18 02:00:00,188.9925,27174.03
2022-01-18 03:00:00,159.83249999999998,26351.5075
2022-01-18 04:00:00,146.97750000000002,25768.27
2022-01-18 05:00:00,163.17000000000002,26392.655
2022-01-18 06:00:00,188.57,26518.2925
2022-01-18 07:00:00,293.33000000000004,28778.002500000002
2022-01-18 08:00:00,399.9375,32834.45
2022-01-18 09:00:00,301.8425,32651.739999999998
2022-01-18 10:00:00,171.24,30930.0375
2022-01-18 11:00:00,113.035,30579.535
2022-01-18 12:00:00,32.8375,28355.045
2022-01-18 13:00:00,67.9075,29888.05
2022-01-18 14:00:00,132.49,30533.7475
2022-01-18 15:00:00,328.6475,32434.565000000002
2022-01-18 16:00:00,650.39,35482.3
2022-01-18 17:00:00,981.8899999999999,37149.43
2022-01-18 18:00:00,864.6675,37901.5875
2022-01-18 19:00:00,734.5475,36106.8225
2022-01-18 20:00:00,709.3425,35912.68
2022-01-18 21:00:00,569.2974999999999,35598.59
2022-01-18 22:00:00,414.765,33389.035
2022-01-18 23:00:00,373.795,33785.475
2022-01-19 00:00:00,415.89500000000004,32620.82
2022-01-19 01:00:00,376.26,30868.53
2022-01-19 02:00:00,324.0425,29951.645
2022-01-19 03:00:00,260.265,29159.71
2022-01-19 04:00:00,208.615,28242.3175
2022-01-19 05:00:00,203.2425,27937.015
2022-01-19 06:00:00,220.5725,27929.3175
2022-01-19 07:00:00,330.4625,30316.98
2022-01-19 08:00:00,459.86,36194.4525
2022-01-19 09:00:00,405.00250000000005,36749.45
2022-01-19 10:00:00,247.4375,33965.105
2022-01-19 11:00:00,159.87,34133.015
2022-01-19 12:00:00,78.9075,31652.4925
2022-01-19 13:00:00,83.6775,31836.9175
2022-01-19 14:00:00,115.7775,30576.92
2022-01-19 15:00:00,233.7425,31655.18
2022-01-19 16:00:00,422.5,34866.7775
2022-01-19 17:00:00,639.985,37850.86
2022-01-19 18:00:00,584.845,40395.8375
2022-01-19 19:00:00,493.135,39479.8675
2022-01-19 20:00:00,491.8425,39527.7675
2022-01-19 21:00:00,449.8375,39008.3425
2022-01-19 22:00:00,369.74249999999995,36228.46
2022-01-19 23:00:00,364.5025,38563.2125
2022-01-20 00:00:00,205.07,34833.37
2022-01-20 01:00:00,138.91750000000002,30868.53
2022-01-20 02:00:00,125.895,29951.645
2022-01-20 03:00:00,120.415,29159.71
2022-01-20 04:00:00,121.96,28242.3175
2022-01-20 05:00:00,155.0275,27937.015
2022-01-20 06:00:00,197.755,27929.3175
2022-01-20 07:00:00,323.88,30316.98
2022-01-20 08:00:00,506.43000000000006,36194.4525
2022-01-20 09:00:00,461.9075,36749.45
2022-01-20 10:00:00,310.1225,33965.105
2022-01-20 11:00:00,228.3275,34133.015
2022-01-20 12:00:00,180.42000000000002,31652.4925
2022-01-20 13:00:00,209.6725,31836.9175
2022-01-20 14:00:00,291.5575,30576.92
2022-01-20 15:00:00,437.7225,31655.18
2022-01-20 16:00:00,639.395,34866.7775
2022-01-20 17:00:00,886.7774999999999,37850.86
2022-01-20 18:00:00,731.4625,40395.8375
2022-01-20 19:00:00,575.3125,39479.8675
2022-01-20 20:00:00,537.875,39527.7675
2022-01-20 21:00:00,467.8125,39008.3425
2022-01-20 22:00:00,389.495,36228.46
2022-01-20 23:00:00,364.405,37285.957500000004
2022-01-21 00:00:00,298.64,37756.4675
2022-01-21 01:00:00,244.1225,36865.2025
2022-01-21 02:00:00,215.41,35904.6275
2022-01-21 03:00:00,203.195,35566.815
2022-01-21 04:00:00,202.64749999999998,35847.4375
2022-01-21 05:00:00,230.66500000000002,36923.995
2022-01-21 06:00:00,306.08500000000004,38687.3575
2022-01-21 07:00:00,425.175,41933.8425
2022-01-21 08:00:00,566.065,46079.93
2022-01-21 09:00:00,546.0,44517.3825
2022-01-21 10:00:00,480.945,39567.395000000004
2022-01-21 11:00:00,461.5875,37081.815
2022-01-21 12:00:00,430.4975,32800.8475
2022-01-21 13:00:00,463.005,32366.6425
2022-01-21 14:00:00,512.8725,31670.135000000002
2022-01-21 15:00:00,658.8275,33997.287500000006
2022-01-21 16:00:00,816.55,39090.7975
2022-01-21 17:00:00,1007.0575,43804.7225
2022-01-21 18:00:00,795.3875,46817.365
2022-01-21 19:00:00,588.3375,45001.835
2022-01-21 20:00:00,544.3,44630.567500000005
2022-01-21 21:00:00,488.225,42821.4875
2022-01-21 22:00:00,409.9475,39727.722499999996
2022-01-21 23:00:00,377.65999999999997,40481.534999999996
2022-01-22 00:00:00,304.67499999999995,39131.9625
2022-01-22 01:00:00,261.655,38181.7125
2022-01-22 02:00:00,234.39,37022.09
2022-01-22 03:00:00,214.945,35751.167499999996
2022-01-22 04:00:00,207.70499999999998,35575.3275
2022-01-22 05:00:00,217.5725,37012.1375
2022-01-22 06:00:00,252.99249999999998,38807.1475
2022-01-22 07:00:00,321.2725,41984.5325
2022-01-22 08:00:00,537.3375000000001,45910.1425
2022-01-22 09:00:00,662.4625,42150.3725
2022-01-22 10:00:00,627.31,36660.4075
2022-01-22 11:00:00,786.445,36886.9125
2022-01-22 12:00:00,609.725,34556.245
2022-01-22 13:00:00,609.505,36582.4525
2022-01-22 14:00:00,582.5250000000001,37589.67
2022-01-22 15:00:00,720.5875,39878.3025
2022-01-22 16:00:00,855.6099999999999,45105.0875
2022-01-22 17:00:00,845.9075,48116.6075
2022-01-22 18:00:00,566.4025,50538.8625
2022-01-22 19:00:00,408.57,49117.557499999995
2022-01-22 20:00:00,381.84999999999997,48939.5175
2022-01-22 21:00:00,353.845,46870.515
2022-01-22 22:00:00,309.15500000000003,43276.6875
2022-01-22 23:00:00,278.77250000000004,44051.465
2022-01-23 00:00:00,329.905,42485.8525
2022-01-23 01:00:00,309.58,41139.7075
2022-01-23 02:00:00,241.1275,40084.854999999996
2022-01-23 03:00:00,197.8875,39132.7875
2022-01-23 04:00:00,181.4075,39128.78
2022-01-23 05:00:00,191.495,40588.3425
2022-01-23 06:00:00,222.875,42204.7475
2022-01-23 07:00:00,320.62,43898.97
2022-01-23 08:00:00,418.7925,45680.7
2022-01-23 09:00:00,435.9975,44287.175
2022-01-23 10:00:00,408.265,43638.4
2022-01-23 11:00:00,394.07,47616.7675
2022-01-23 12:00:00,373.82,46880.8675
2022-01-23 13:00:00,379.33,48738.8225
2022-01-23 14:00:00,388.4,48642.92
2022-01-23 15:00:00,427.1275,49839.125
2022-01-23 16:00:00,513.7325000000001,51132.49
2022-01-23 17:00:00,594.5825,50567.1275
2022-01-23 18:00:00,574.4749999999999,51188.06
2022-01-23 19:00:00,528.51,49441.135
2022-01-23 20:00:00,519.5024999999999,48476.735
2022-01-23 21:00:00,476.3925,46752.1475
2022-01-23 22:00:00,413.575,41832.8175
2022-01-23 23:00:00,391.77,40577.542499999996
2022-01-24 00:00:00,197.095,37646.645000000004
2022-01-24 01:00:00,118.155,34524.8425
2022-01-24 02:00:00,92.965,31832.32
2022-01-24 03:00:00,74.1475,30909.59
2022-01-24 04:00:00,76.2275,32559.3275
2022-01-24 05:00:00,102.185,33477.012500000004
2022-01-24 06:00:00,206.7,33536.445
2022-01-24 07:00:00,333.6575,33780.869999999995
2022-01-24 08:00:00,485.32500000000005,34490.25
2022-01-24 09:00:00,506.8025,31417.8425
2022-01-24 10:00:00,445.165,31792.9775
2022-01-24 11:00:00,411.01250000000005,32147.4625
2022-01-24 12:00:00,380.02750000000003,31041.7975
2022-01-24 13:00:00,385.6825,32334.65
2022-01-24 14:00:00,404.77,32966.03
2022-01-24 15:00:00,477.71000000000004,33327.5575
2022-01-24 16:00:00,585.12,33476.7775
2022-01-24 17:00:00,877.5150000000001,37543.7325
2022-01-24 18:00:00,747.7625,43694.3675
2022-01-24 19:00:00,585.955,43687.47
2022-01-24 20:00:00,554.5550000000001,44432.065
2022-01-24 21:00:00,500.255,44209.93
2022-01-24 22:00:00,423.16499999999996,41195.9325
2022-01-24 23:00:00,388.86,41386.1175
2022-01-25 00:00:00,359.01,39667.332500000004
2022-01-25 01:00:00,335.33500000000004,38034.659999999996
2022-01-25 02:00:00,314.89750000000004,36749.6075
2022-01-25 03:00:00,297.28000000000003,35899.7025
2022-01-25 04:00:00,301.69,35281.7325
2022-01-25 05:00:00,318.13250000000005,36729.7975
2022-01-25 06:00:00,350.27500000000003,37350.14
2022-01-25 07:00:00,389.435,38484.1275
2022-01-25 08:00:00,430.785,37375.854999999996
2022-01-25 09:00:00,415.3575,32650.5825
2022-01-25 10:00:00,378.27500000000003,31747.085
2022-01-25 11:00:00,343.485,31368.1025
2022-01-25 12:00:00,301.9075,30625.309999999998
2022-01-25 13:00:00,312.59499999999997,31450.9675
2022-01-25 14:00:00,346.0225,31572.2
2022-01-25 15:00:00,383.8725,32806.07
2022-01-25 16:00:00,424.6525,34566.1025
2022-01-25 17:00:00,615.835,40293.64
2022-01-25 18:00:00,563.2725,46044.0475
2022-01-25 19:00:00,466.85249999999996,46252.8
2022-01-25 20:00:00,442.28499999999997,45917.8175
2022-01-25 21:00:00,418.01750000000004,43880.135
2022-01-25 22:00:00,387.2225,39074.38
2022-01-25 23:00:00,358.11,39195.085
2022-01-26 00:00:00,326.645,37257.295
2022-01-26 01:00:00,303.22249999999997,34956.225
2022-01-26 02:00:00,255.55,34053.854999999996
2022-01-26 03:00:00,52.84,33221.1025
2022-01-26 04:00:00,-62.5,33209.255
2022-01-26 05:00:00,122.125,35054.744999999995
2022-01-26 06:00:00,293.15,37843.49
2022-01-26 07:00:00,381.20500000000004,40163.875
2022-01-26 08:00:00,429.9775,42229.840000000004
2022-01-26 09:00:00,430.3225,38200.9975
2022-01-26 10:00:00,414.6625,34211.667499999996
2022-01-26 11:00:00,400.29,34291.485
2022-01-26 12:00:00,377.6175,31850.54
2022-01-26 13:00:00,384.4075,32825.9475
2022-01-26 14:00:00,403.35249999999996,32971.1775
2022-01-26 15:00:00,425.525,36469.04
2022-01-26 16:00:00,449.825,42351.4425
2022-01-26 17:00:00,478.455,46241.9125
2022-01-26 18:00:00,475.8075,49569.995
2022-01-26 19:00:00,458.8775,48378.39
2022-01-26 20:00:00,452.3125,48483.0
2022-01-26 21:00:00,433.51,47678.96
2022-01-26 22:00:00,407.745,44317.8275
2022-01-26 23:00:00,375.4525,45447.7025
2022-01-27 00:00:00,288.445,44037.095
2022-01-27 01:00:00,262.69,42241.1225
2022-01-27 02:00:00,259.2425,39846.832500000004
2022-01-27 03:00:00,249.28250000000003,37503.885
2022-01-27 04:00:00,248.82,36020.96
2022-01-27 05:00:00,265.6225,37061.7525
2022-01-27 06:00:00,292.20500000000004,38847.27
2022-01-27 07:00:00,354.64750000000004,40960.72
2022-01-27 08:00:00,415.52000000000004,41565.1475
2022-01-27 09:00:00,405.165,36650.215
2022-01-27 10:00:00,343.9975,33333.805
2022-01-27 11:00:00,303.4775,32952.615
2022-01-27 12:00:00,286.62,31256.985
2022-01-27 13:00:00,286.255,32395.0125
2022-01-27 14:00:00,304.91999999999996,32578.82
2022-01-27 15:00:00,361.2625,34810.71
2022-01-27 16:00:00,413.5075,40192.57
2022-01-27 17:00:00,469.1275,45142.84
2022-01-27 18:00:00,479.2675,49421.055
2022-01-27 19:00:00,466.7175,48262.92
2022-01-27 20:00:00,471.61,48338.8975
2022-01-27 21:00:00,449.6,47306.2475
2022-01-27 22:00:00,405.8725,43705.905
2022-01-27 23:00:00,355.9,44591.295
2022-01-28 00:00:00,311.90500000000003,43619.707500000004
2022-01-28 01:00:00,301.3225,42270.47
2022-01-28 02:00:00,282.5875,41519.895000000004
2022-01-28 03:00:00,265.92,41637.8375
2022-01-28 04:00:00,262.2975,42241.8975
2022-01-28 05:00:00,285.6875,43749.025
2022-01-28 06:00:00,335.005,45715.7575
2022-01-28 07:00:00,380.88,46274.1425
2022-01-28 08:00:00,407.3775,45247.665
2022-01-28 09:00:00,393.6825,40033.1725
2022-01-28 10:00:00,349.515,35702.79
2022-01-28 11:00:00,310.8075,34960.442500000005
2022-01-28 12:00:00,261.34000000000003,31828.6725
2022-01-28 13:00:00,258.8125,32717.25
2022-01-28 14:00:00,305.25,32787.3475
2022-01-28 15:00:00,364.3125,36109.5075
2022-01-28 16:00:00,405.875,42112.065
2022-01-28 17:00:00,472.2075,46721.795
2022-01-28 18:00:00,486.6725,50995.1375
2022-01-28 19:00:00,472.3525,49560.235
2022-01-28 20:00:00,470.4925,49353.74
2022-01-28 21:00:00,447.15500000000003,48153.335
2022-01-28 22:00:00,414.11249999999995,44123.729999999996
2022-01-28 23:00:00,385.4625,44113.5825
2022-01-29 00:00:00,372.60749999999996,42162.6175
2022-01-29 01:00:00,354.6875,40595.93
2022-01-29 02:00:00,330.4975,38859.6375
2022-01-29 03:00:00,316.4375,37621.7175
2022-01-29 04:00:00,315.005,37112.8375
2022-01-29 05:00:00,336.82500000000005,38026.6425
2022-01-29 06:00:00,374.46500000000003,39227.2475
2022-01-29 07:00:00,405.2025,39892.4975
2022-01-29 08:00:00,414.4525,40905.905
2022-01-29 09:00:00,371.33,38453.4925
2022-01-29 10:00:00,158.1725,34451.417499999996
2022-01-29 11:00:00,-37.0,32768.075
2022-01-29 12:00:00,-80.0,29860.135000000002
2022-01-29 13:00:00,-80.0,30832.6725
2022-01-29 14:00:00,47.875,31892.1375
2022-01-29 15:00:00,293.6675,35899.7675
2022-01-29 16:00:00,410.185,41413.09
2022-01-29 17:00:00,626.3625,44713.0425
2022-01-29 18:00:00,694.4475,47165.99
2022-01-29 19:00:00,610.555,44881.3225
2022-01-29 20:00:00,615.46,43239.64750000001
2022-01-29 21:00:00,507.84250000000003,40871.0775
2022-01-29 22:00:00,426.12,36590.32
2022-01-29 23:00:00,393.4975,37009.4725
2022-01-30 00:00:00,319.735,35223.667499999996
2022-01-30 01:00:00,298.6425,33906.125
2022-01-30 02:00:00,297.9575,32793.7025
2022-01-30 03:00:00,297.7875,31902.2275
2022-01-30 04:00:00,299.48,31972.395
2022-01-30 05:00:00,303.9575,33414.3525
2022-01-30 06:00:00,316.7525,35129.3475
2022-01-30 07:00:00,372.7425,35967.832500000004
2022-01-30 08:00:00,392.67999999999995,35733.6025
2022-01-30 09:00:00,340.685,31596.3
2022-01-30 10:00:00,307.83,27876.95
2022-01-30 11:00:00,299.63,28043.3525
2022-01-30 12:00:00,293.355,27763.6425
2022-01-30 13:00:00,287.3575,27243.385000000002
2022-01-30 14:00:00,288.52,27664.515
2022-01-30 15:00:00,300.045,29344.8625
2022-01-30 16:00:00,319.85249999999996,29967.8675
2022-01-30 17:00:00,401.2075,31376.92
2022-01-30 18:00:00,416.59,34332.1575
2022-01-30 19:00:00,350.4675,32667.947500000002
2022-01-30 20:00:00,319.45,32501.6225
2022-01-30 21:00:00,304.55499999999995,32704.34
2022-01-30 22:00:00,216.67249999999999,30321.6275
2022-01-30 23:00:00,-12.835,30941.7375
2022-01-31 00:00:00,-80.0,30510.04
2022-01-31 01:00:00,-80.0,29281.65
2022-01-31 02:00:00,-80.0,28031.625
2022-01-31 03:00:00,-80.0,27826.04
2022-01-31 04:00:00,-80.0,28851.8
2022-01-31 05:00:00,-80.0,29518.75
2022-01-31 06:00:00,-80.0,29253.295000000002
2022-01-31 07:00:00,218.125,30517.735
2022-01-31 08:00:00,366.25,30106.1225
2022-01-31 09:00:00,86.145,26425.315
2022-01-31 10:00:00,-63.16,27118.195
2022-01-31 11:00:00,-80.0,27329.7925
2022-01-31 12:00:00,-80.0,25540.8175
2022-01-31 13:00:00,-80.0,25729.622499999998
2022-01-31 14:00:00,-80.0,27004.2725
2022-01-31 15:00:00,-80.0,28526.7
2022-01-31 16:00:00,6.25,30544.5875
2022-01-31 17:00:00,369.2675,36392.22
2022-01-31 18:00:00,576.4200000000001,43189.3675
2022-01-31 19:00:00,620.5175,43495.8675
2022-01-31 20:00:00,624.5649999999999,44697.902500000004
2022-01-31 21:00:00,610.7225,44960.0175
2022-01-31 22:00:00,589.91,42005.2875
2022-01-31 23:00:00,541.1600000000001,41034.2525
2022-02-01 00:00:00,474.99,39224.765
2022-02-01 01:00:00,243.085,34643.8675
2022-02-01 02:00:00,-17.1175,32579.965
2022-02-01 03:00:00,-80.0,30881.1175
2022-02-01 04:00:00,161.46249999999998,30203.3
2022-02-01 05:00:00,414.8775,30924.7275
2022-02-01 06:00:00,556.9925,29823.3875
2022-02-01 07:00:00,615.1875,29243.2075
2022-02-01 08:00:00,567.3,27244.0075
2022-02-01 09:00:00,172.4375,24620.2425
2022-02-01 10:00:00,-48.1875,24905.574999999997
2022-02-01 11:00:00,-80.0,25225.565000000002
2022-02-01 12:00:00,-80.0,23829.2325
2022-02-01 13:00:00,-80.0,23918.46
2022-02-01 14:00:00,-80.0,25487.197500000002
2022-02-01 15:00:00,-80.0,27059.9425
2022-02-01 16:00:00,352.1875,30417.125
2022-02-01 17:00:00,603.2,36531.95
2022-02-01 18:00:00,661.4625,39368.365
2022-02-01 19:00:00,666.3225,36694.8875
2022-02-01 20:00:00,655.245,36037.11
2022-02-01 21:00:00,637.0375,34890.83
2022-02-01 22:00:00,612.9,31356.885000000002
2022-02-01 23:00:00,580.0625,32638.155
2022-02-02 00:00:00,370.355,32187.945
2022-02-02 01:00:00,298.9575,31125.7175
2022-02-02 02:00:00,290.22,30468.940000000002
2022-02-02 03:00:00,285.9025,30805.362500000003
2022-02-02 04:00:00,287.9325,31847.035
2022-02-02 05:00:00,295.855,33628.854999999996
2022-02-02 06:00:00,311.34000000000003,34383.64
2022-02-02 07:00:00,351.6975,34903.770000000004
2022-02-02 08:00:00,336.765,37100.0375
2022-02-02 09:00:00,303.21999999999997,35993.0825
2022-02-02 10:00:00,267.4675,33965.667499999996
2022-02-02 11:00:00,4.569999999999993,34064.085
2022-02-02 12:00:00,-80.0,31199.0825
2022-02-02 13:00:00,-80.0,32956.3625
2022-02-02 14:00:00,-80.0,32507.802499999998
2022-02-02 15:00:00,56.14,34534.57
2022-02-02 16:00:00,261.6225,39210.3425
2022-02-02 17:00:00,429.68,40982.9625
2022-02-02 18:00:00,517.095,43106.885
2022-02-02 19:00:00,485.0025,41480.83
2022-02-02 20:00:00,430.3425,40139.6275
2022-02-02 21:00:00,351.345,38228.41
2022-02-02 22:00:00,315.79,34671.0275
2022-02-02 23:00:00,303.2425,34909.5225
2022-02-03 00:00:00,300.16249999999997,33627.7375
2022-02-03 01:00:00,287.1075,30115.565000000002
2022-02-03 02:00:00,267.7475,28217.34
2022-02-03 03:00:00,266.9225,27296.825
2022-02-03 04:00:00,277.9425,27301.0575
2022-02-03 05:00:00,294.83,28787.025
2022-02-03 06:00:00,341.36,30855.4775
2022-02-03 07:00:00,479.63249999999994,32537.095
2022-02-03 08:00:00,497.86249999999995,32307.8525
2022-02-03 09:00:00,345.155,27189.9225
2022-02-03 10:00:00,14.207499999999996,26734.8425
2022-02-03 11:00:00,-80.0,27542.947500000002
2022-02-03 12:00:00,-80.0,25449.7525
2022-02-03 13:00:00,-80.0,26257.1525
2022-02-03 14:00:00,-80.0,28160.7725
2022-02-03 15:00:00,-13.475000000000001,31106.3375
2022-02-03 16:00:00,306.045,36474.7175
2022-02-03 17:00:00,599.3125,41653.0175
2022-02-03 18:00:00,689.2524999999999,46385.95
2022-02-03 19:00:00,680.6275,45029.435
2022-02-03 20:00:00,661.09,45718.7425
2022-02-03 21:00:00,588.7675,45796.5725
2022-02-03 22:00:00,475.045,43107.4075
2022-02-03 23:00:00,360.4425,42633.729999999996
2022-02-04 00:00:00,335.52,40960.0075
2022-02-04 01:00:00,326.1975,36892.6375
2022-02-04 02:00:00,305.4225,35075.42
2022-02-04 03:00:00,287.54499999999996,33236.71
2022-02-04 04:00:00,279.5125,32545.6875
2022-02-04 05:00:00,296.0,34311.595
2022-02-04 06:00:00,361.88,37775.5125
2022-02-04 07:00:00,497.615,37449.369999999995
2022-02-04 08:00:00,530.95,35405.84
2022-02-04 09:00:00,286.08,31475.677499999998
2022-02-04 10:00:00,-8.740000000000002,26966.3125
2022-02-04 11:00:00,-80.0,24830.9925
2022-02-04 12:00:00,-80.0,23379.9
2022-02-04 13:00:00,-80.0,24069.4825
2022-02-04 14:00:00,-80.0,24820.4675
2022-02-04 15:00:00,-80.0,27557.6325
2022-02-04 16:00:00,111.0625,33537.305
2022-02-04 17:00:00,518.9775,40011.3275
2022-02-04 18:00:00,668.6925,45381.305
2022-02-04 19:00:00,678.2125,44585.795
2022-02-04 20:00:00,676.0,46073.3875
2022-02-04 21:00:00,672.5,46070.21
2022-02-04 22:00:00,650.035,44684.024999999994
2022-02-04 23:00:00,578.6425,45065.205
2022-02-05 00:00:00,476.2825,43665.332500000004
2022-02-05 01:00:00,431.675,42534.875
2022-02-05 02:00:00,289.45,41970.84
2022-02-05 03:00:00,1.0,41143.165
2022-02-05 04:00:00,-80.0,41198.5675
2022-02-05 05:00:00,63.0625,42286.43
2022-02-05 06:00:00,329.45000000000005,43505.432499999995
2022-02-05 07:00:00,496.01,42161.595
2022-02-05 08:00:00,512.3875,38816.9975
2022-02-05 09:00:00,157.235,34104.38
2022-02-05 10:00:00,-49.875,29982.43
2022-02-05 11:00:00,-80.0,27609.775
2022-02-05 12:00:00,-80.0,25563.625
2022-02-05 13:00:00,-80.0,28130.675
2022-02-05 14:00:00,-80.0,30248.275
2022-02-05 15:00:00,-80.0,34716.92
2022-02-05 16:00:00,278.8825,39530.3975
2022-02-05 17:00:00,720.77,41300.635
2022-02-05 18:00:00,873.3175,41184.775
2022-02-05 19:00:00,868.335,37559.067500000005
2022-02-05 20:00:00,846.435,36925.0775
2022-02-05 21:00:00,785.4175,35745.3675
2022-02-05 22:00:00,664.65,32282.7025
2022-02-05 23:00:00,554.5975,33179.72
2022-02-06 00:00:00,72.315,33684.86
2022-02-06 01:00:00,-80.0,31170.0625
2022-02-06 02:00:00,-80.0,30082.14
2022-02-06 03:00:00,-80.0,29334.3125
2022-02-06 04:00:00,-80.0,29791.0875
2022-02-06 05:00:00,25.75,31623.7125
2022-02-06 06:00:00,362.2675,34568.7425
2022-02-06 07:00:00,566.37,34894.365000000005
2022-02-06 08:00:00,605.67,33829.4425
2022-02-06 09:00:00,522.6125,31117.752500000002
2022-02-06 10:00:00,190.5375,27712.305
2022-02-06 11:00:00,-37.6875,22863.3125
2022-02-06 12:00:00,-80.0,21687.144999999997
2022-02-06 13:00:00,-80.0,21815.91
2022-02-06 14:00:00,-80.0,22236.3
2022-02-06 15:00:00,300.9925,23862.795
2022-02-06 16:00:00,541.885,26955.86
2022-02-06 17:00:00,673.2025000000001,30345.4775
2022-02-06 18:00:00,758.98,33803.71
2022-02-06 19:00:00,739.2875,33332.2175
2022-02-06 20:00:00,713.3225,33607.665
2022-02-06 21:00:00,683.2825,35500.744999999995
2022-02-06 22:00:00,648.26,35073.7375
2022-02-06 23:00:00,600.0474999999999,36601.12
2022-02-07 00:00:00,368.7075,37331.445
2022-02-07 01:00:00,292.625,35844.075
2022-02-07 02:00:00,288.02250000000004,35930.0525
2022-02-07 03:00:00,285.48,36245.9675
2022-02-07 04:00:00,286.16,37232.9825
2022-02-07 05:00:00,292.5025,40573.744999999995
2022-02-07 06:00:00,302.3575,40769.322499999995
2022-02-07 07:00:00,330.345,40342.94
2022-02-07 08:00:00,339.82000000000005,38271.7025
2022-02-07 09:00:00,315.6125,32837.225
2022-02-07 10:00:00,292.40749999999997,27841.7025
2022-02-07 11:00:00,276.0825,24271.7675
2022-02-07 12:00:00,72.00750000000001,22401.1075
2022-02-07 13:00:00,-58.69,23216.1875
2022-02-07 14:00:00,-32.615,23804.7025
2022-02-07 15:00:00,213.09250000000003,27321.4025
2022-02-07 16:00:00,310.7825,33705.0625
2022-02-07 17:00:00,400.9075,39524.6975
2022-02-07 18:00:00,482.235,43988.635
2022-02-07 19:00:00,471.71500000000003,42523.4675
2022-02-07 20:00:00,454.3525,42962.4625
2022-02-07 21:00:00,409.27750000000003,43506.8225
2022-02-07 22:00:00,350.19,42275.615
2022-02-07 23:00:00,315.2525,43195.9875
2022-02-08 00:00:00,292.7975,42008.6325
2022-02-08 01:00:00,280.11249999999995,40739.2325
2022-02-08 02:00:00,256.4,39781.427500000005
2022-02-08 03:00:00,185.075,38543.5775
2022-02-08 04:00:00,204.96249999999998,38220.3225
2022-02-08 05:00:00,267.27,38785.240000000005
2022-02-08 06:00:00,294.37,38726.302500000005
2022-02-08 07:00:00,333.0275,37423.9875
2022-02-08 08:00:00,352.9425,34161.6
2022-02-08 09:00:00,311.59749999999997,30337.845
2022-02-08 10:00:00,80.21,27522.9525
2022-02-08 11:00:00,-58.004999999999995,29240.4275
2022-02-08 12:00:00,-80.0,26511.3275
2022-02-08 13:00:00,-80.0,29377.170000000002
2022-02-08 14:00:00,-14.5025,30686.9375
2022-02-08 15:00:00,227.17,32602.475
2022-02-08 16:00:00,356.5575,34833.8125
2022-02-08 17:00:00,484.91,36908.7025
2022-02-08 18:00:00,593.6700000000001,38463.1825
2022-02-08 19:00:00,557.6875,36489.1175
2022-02-08 20:00:00,501.0925,36035.365
2022-02-08 21:00:00,423.065,35639.4075
2022-02-08 22:00:00,339.9425,32889.89
2022-02-08 23:00:00,305.7275,33506.5
2022-02-09 00:00:00,15.280000000000001,32920.4675
2022-02-09 01:00:00,-80.0,32349.307500000003
2022-02-09 02:00:00,-80.0,31779.5975
2022-02-09 03:00:00,-80.0,31323.05
2022-02-09 04:00:00,-80.0,31015.5375
2022-02-09 05:00:00,-80.0,32590.6475
2022-02-09 06:00:00,-8.84,34898.795
2022-02-09 07:00:00,334.26,35389.1675
2022-02-09 08:00:00,474.5525,35721.67
2022-02-09 09:00:00,292.0075,32594.2675
2022-02-09 10:00:00,-3.1499999999999986,29829.245
2022-02-09 11:00:00,-80.0,28794.565000000002
2022-02-09 12:00:00,-80.0,24537.5875
2022-02-09 13:00:00,-80.0,26468.995000000003
2022-02-09 14:00:00,-80.0,27058.7875
2022-02-09 15:00:00,88.435,29924.502500000002
2022-02-09 16:00:00,445.27,35751.292499999996
2022-02-09 17:00:00,713.5525,40756.525
2022-02-09 18:00:00,773.4250000000001,44647.2525
2022-02-09 19:00:00,734.915,43478.5575
2022-02-09 20:00:00,671.7974999999999,43541.05
2022-02-09 21:00:00,524.5,43606.04
2022-02-09 22:00:00,350.005,41600.14
2022-02-09 23:00:00,59.265,42322.6525
2022-02-10 00:00:00,-65.775,41704.1875
2022-02-10 01:00:00,-80.0,40323.0225
2022-02-10 02:00:00,-80.0,39445.302500000005
2022-02-10 03:00:00,-80.0,38557.625
2022-02-10 04:00:00,-80.0,38135.095
2022-02-10 05:00:00,-80.0,39159.3825
2022-02-10 06:00:00,-42.875,40286.119999999995
2022-02-10 07:00:00,208.18,38327.832500000004
2022-02-10 08:00:00,305.02,34779.035
2022-02-10 09:00:00,120.55749999999999,30771.5675
2022-02-10 10:00:00,-45.7125,27095.42
2022-02-10 11:00:00,-80.0,25921.8675
2022-02-10 12:00:00,-80.0,24708.5125
2022-02-10 13:00:00,-80.0,25662.715
2022-02-10 14:00:00,-80.0,26217.5575
2022-02-10 15:00:00,156.85000000000002,29776.55
2022-02-10 16:00:00,459.5775,35928.542499999996
2022-02-10 17:00:00,876.1475,40033.880000000005
2022-02-10 18:00:00,1032.065,43076.2225
2022-02-10 19:00:00,956.22,41703.2
2022-02-10 20:00:00,889.4175,41615.955
2022-02-10 21:00:00,607.775,41791.265
2022-02-10 22:00:00,317.305,40036.5025
2022-02-10 23:00:00,167.01,41237.307499999995
2022-02-11 00:00:00,114.58000000000001,40333.355
2022-02-11 01:00:00,19.392500000000002,37651.9925
2022-02-11 02:00:00,-62.4,36627.7725
2022-02-11 03:00:00,-80.0,36106.7825
2022-02-11 04:00:00,-38.21,36555.1925
2022-02-11 05:00:00,86.39750000000001,37820.7025
2022-02-11 06:00:00,204.2825,39657.995
2022-02-11 07:00:00,407.53,39561.402500000004
2022-02-11 08:00:00,613.5725,36472.479999999996
2022-02-11 09:00:00,478.2675,31073.002500000002
2022-02-11 10:00:00,346.615,27098.0325
2022-02-11 11:00:00,332.6925,25197.71
2022-02-11 12:00:00,268.7475,22923.802499999998
2022-02-11 13:00:00,288.2825,25355.795
2022-02-11 14:00:00,302.025,25422.6175
2022-02-11 15:00:00,368.03999999999996,28678.71
2022-02-11 16:00:00,456.265,32717.62
2022-02-11 17:00:00,769.7574999999999,34673.275
2022-02-11 18:00:00,914.8625,36605.315
2022-02-11 19:00:00,733.12,34331.6525
2022-02-11 20:00:00,615.7375000000001,33657.6575
2022-02-11 21:00:00,524.4875000000001,32794.62
2022-02-11 22:00:00,405.485,30486.4875
2022-02-11 23:00:00,308.8675,31987.307500000003
2022-02-12 00:00:00,169.2175,32333.6075
2022-02-12 01:00:00,94.6525,30646.845
2022-02-12 02:00:00,61.6225,29895.055
2022-02-12 03:00:00,-46.3675,28885.7
2022-02-12 04:00:00,-40.475,28976.715
2022-02-12 05:00:00,70.05,30908.17
2022-02-12 06:00:00,155.32999999999998,32295.79
2022-02-12 07:00:00,267.305,32618.5075
2022-02-12 08:00:00,358.7075,32618.947500000002
2022-02-12 09:00:00,308.19,30619.4625
2022-02-12 10:00:00,220.7525,28412.6525
2022-02-12 11:00:00,209.5425,28176.7575
2022-02-12 12:00:00,154.48499999999999,24597.34
2022-02-12 13:00:00,169.7575,25015.1175
2022-02-12 14:00:00,178.04,25638.995
2022-02-12 15:00:00,251.295,28601.1475
2022-02-12 16:00:00,314.58500000000004,32502.505
2022-02-12 17:00:00,397.305,34553.7275
2022-02-12 18:00:00,438.16499999999996,36317.65
2022-02-12 19:00:00,364.775,34514.46
2022-02-12 20:00:00,330.29,34792.86
2022-02-12 21:00:00,304.8675,35464.82
2022-02-12 22:00:00,235.5575,34569.495
2022-02-12 23:00:00,171.45749999999998,36812.6575
2022-02-13 00:00:00,95.7575,37983.0275
2022-02-13 01:00:00,-18.285,38165.725
2022-02-13 02:00:00,-72.375,38504.6475
2022-02-13 03:00:00,-80.0,38632.405
2022-02-13 04:00:00,-80.0,38979.8675
2022-02-13 05:00:00,-80.0,40225.1975
2022-02-13 06:00:00,-80.0,40478.875
2022-02-13 07:00:00,77.47,38780.545
2022-02-13 08:00:00,192.51000000000002,36525.2625
2022-02-13 09:00:00,158.535,32252.31
2022-02-13 10:00:00,58.9375,28806.1125
2022-02-13 11:00:00,72.4575,28140.5775
2022-02-13 12:00:00,-10.795000000000002,25511.585
2022-02-13 13:00:00,84.935,27867.485
2022-02-13 14:00:00,137.79999999999998,29040.6725
2022-02-13 15:00:00,215.225,30568.485
2022-02-13 16:00:00,314.525,34082.205
2022-02-13 17:00:00,411.34,35611.6425
2022-02-13 18:00:00,450.7925,38101.31
2022-02-13 19:00:00,387.7375,37067.1125
2022-02-13 20:00:00,364.5875,37023.6
2022-02-13 21:00:00,305.5975,38553.31
2022-02-13 22:00:00,216.4025,37465.745
2022-02-13 23:00:00,178.9525,38481.2825
2022-02-14 00:00:00,166.57999999999998,37049.595
2022-02-14 01:00:00,127.3425,35488.43
2022-02-14 02:00:00,94.005,34981.72
2022-02-14 03:00:00,60.18,34306.2425
2022-02-14 04:00:00,-20.5625,33725.28
2022-02-14 05:00:00,36.2,33726.365000000005
2022-02-14 06:00:00,78.34,33962.455
2022-02-14 07:00:00,206.24,34620.8175
2022-02-14 08:00:00,335.4475,36332.05
2022-02-14 09:00:00,262.405,35685.457500000004
2022-02-14 10:00:00,156.6325,36235.47
2022-02-14 11:00:00,119.74000000000001,39289.4375
2022-02-14 12:00:00,-16.15,39550.415
2022-02-14 13:00:00,46.199999999999996,42775.9375
2022-02-14 14:00:00,75.2475,41421.042499999996
2022-02-14 15:00:00,136.595,40872.2775
2022-02-14 16:00:00,245.98749999999998,42196.8625
2022-02-14 17:00:00,417.9075,42591.865
2022-02-14 18:00:00,475.94,43418.3275
2022-02-14 19:00:00,414.28999999999996,42841.53
2022-02-14 20:00:00,398.8325,42852.2675
2022-02-14 21:00:00,346.86,43209.0725
2022-02-14 22:00:00,250.765,41908.0725
2022-02-14 23:00:00,241.1725,42542.5525
2022-02-15 00:00:00,299.47249999999997,41780.5675
2022-02-15 01:00:00,305.5075,40897.845
2022-02-15 02:00:00,284.175,39306.8475
2022-02-15 03:00:00,264.95500000000004,38022.865000000005
2022-02-15 04:00:00,270.72749999999996,36842.345
2022-02-15 05:00:00,299.46,37284.055
2022-02-15 06:00:00,312.35499999999996,37460.475
2022-02-15 07:00:00,377.62,39020.195
2022-02-15 08:00:00,498.69000000000005,40306.595
2022-02-15 09:00:00,409.095,39861.1175
2022-02-15 10:00:00,330.5575,39130.2275
2022-02-15 11:00:00,309.84000000000003,40188.835
2022-02-15 12:00:00,244.7625,36559.7675
2022-02-15 13:00:00,249.47250000000003,36154.435
2022-02-15 14:00:00,234.57750000000001,34864.965
2022-02-15 15:00:00,286.2475,35858.61
2022-02-15 16:00:00,327.9325,38277.2125
2022-02-15 17:00:00,409.8,40214.235
2022-02-15 18:00:00,447.185,41848.405
2022-02-15 19:00:00,374.9575,41050.6225
2022-02-15 20:00:00,339.9275,41346.479999999996
2022-02-15 21:00:00,324.2525,40961.565
2022-02-15 22:00:00,304.10749999999996,38423.1025
2022-02-15 23:00:00,292.51,39824.445
2022-02-16 00:00:00,322.1825,39157.832500000004
2022-02-16 01:00:00,290.935,36144.4075
2022-02-16 02:00:00,236.1975,33926.92
2022-02-16 03:00:00,200.8125,31817.0925
2022-02-16 04:00:00,191.23250000000002,33112.2175
2022-02-16 05:00:00,232.2875,34260.4825
2022-02-16 06:00:00,264.2075,35839.075
2022-02-16 07:00:00,385.4,35659.915
2022-02-16 08:00:00,503.0,34776.2275
2022-02-16 09:00:00,423.9425,30210.947500000002
2022-02-16 10:00:00,310.46750000000003,25478.4925
2022-02-16 11:00:00,271.2275,23143.595
2022-02-16 12:00:00,175.095,21400.1475
2022-02-16 13:00:00,168.91500000000002,21599.2575
2022-02-16 14:00:00,143.015,21664.0925
2022-02-16 15:00:00,229.23749999999998,24725.2175
2022-02-16 16:00:00,367.98249999999996,29681.905
2022-02-16 17:00:00,588.1825,35016.81
2022-02-16 18:00:00,722.4175,38942.604999999996
2022-02-16 19:00:00,563.78,37013.4875
2022-02-16 20:00:00,503.0625,35294.542499999996
2022-02-16 21:00:00,450.17499999999995,34738.15
2022-02-16 22:00:00,381.985,32093.8
2022-02-16 23:00:00,374.34250000000003,32541.252500000002
2022-02-17 00:00:00,314.29,31313.72
2022-02-17 01:00:00,255.3225,30066.9075
2022-02-17 02:00:00,209.8075,29060.675
2022-02-17 03:00:00,187.9675,26628.415
2022-02-17 04:00:00,194.6525,25950.3925
2022-02-17 05:00:00,255.26999999999998,26297.42
2022-02-17 06:00:00,309.745,27424.89
2022-02-17 07:00:00,466.2625,27707.515
2022-02-17 08:00:00,711.5699999999999,26588.395
2022-02-17 09:00:00,532.3775,22150.324999999997
2022-02-17 10:00:00,362.52750000000003,21329.875
2022-02-17 11:00:00,354.58500000000004,21812.8975
2022-02-17 12:00:00,287.7,21384.4225
2022-02-17 13:00:00,307.6225,22215.215
2022-02-17 14:00:00,285.6725,22927.1375
2022-02-17 15:00:00,343.58500000000004,26266.752500000002
2022-02-17 16:00:00,441.32000000000005,31705.055
2022-02-17 17:00:00,699.1700000000001,35769.582500000004
2022-02-17 18:00:00,823.4875,37468.5175
2022-02-17 19:00:00,648.7625,36357.39
2022-02-17 20:00:00,522.3325,35966.405
2022-02-17 21:00:00,436.9275,36328.1175
2022-02-17 22:00:00,359.525,34755.6025
2022-02-17 23:00:00,344.075,36861.1825
2022-02-18 00:00:00,326.5775,37528.1875
2022-02-18 01:00:00,285.90500000000003,36794.2375
2022-02-18 02:00:00,234.81,35716.3475
2022-02-18 03:00:00,185.805,34702.3675
2022-02-18 04:00:00,171.35,34798.4625
2022-02-18 05:00:00,211.04000000000002,35987.8675
2022-02-18 06:00:00,267.0375,36620.32
2022-02-18 07:00:00,353.08000000000004,33816.3175
2022-02-18 08:00:00,470.685,30320.51
2022-02-18 09:00:00,449.94,26365.5125
2022-02-18 10:00:00,406.355,25706.002500000002
2022-02-18 11:00:00,424.4125,30653.1025
2022-02-18 12:00:00,366.6675,29301.2825
2022-02-18 13:00:00,380.95,31087.135000000002
2022-02-18 14:00:00,377.43,30550.5325
2022-02-18 15:00:00,424.745,29540.0775
2022-02-18 16:00:00,515.1,28689.9925
2022-02-18 17:00:00,662.755,28440.4975
2022-02-18 18:00:00,743.21,29615.1225
2022-02-18 19:00:00,662.7725,28293.985
2022-02-18 20:00:00,620.61,28018.315
2022-02-18 21:00:00,524.19,28242.940000000002
2022-02-18 22:00:00,409.9075,26697.815
2022-02-18 23:00:00,369.1825,27539.4675
2022-02-19 00:00:00,374.6425,27063.14
2022-02-19 01:00:00,321.6875,26069.4175
2022-02-19 02:00:00,166.15,24882.1825
2022-02-19 03:00:00,-29.8625,23911.6525
2022-02-19 04:00:00,-80.0,23965.0925
2022-02-19 05:00:00,-80.0,25378.395
2022-02-19 06:00:00,-80.0,27114.947500000002
2022-02-19 07:00:00,86.965,27827.77
2022-02-19 08:00:00,241.95749999999998,30639.55
2022-02-19 09:00:00,39.044999999999995,30511.92
2022-02-19 10:00:00,-69.9075,32019.917500000003
2022-02-19 11:00:00,-80.0,32747.614999999998
2022-02-19 12:00:00,-80.0,29738.3875
2022-02-19 13:00:00,-80.0,31835.98
2022-02-19 14:00:00,-80.0,32263.8425
2022-02-19 15:00:00,-43.16,32003.0625
2022-02-19 16:00:00,235.805,33421.37
2022-02-19 17:00:00,440.5525,34207.2025
2022-02-19 18:00:00,549.2575,36541.32
2022-02-19 19:00:00,548.095,36263.885
2022-02-19 20:00:00,550.8100000000001,37124.520000000004
2022-02-19 21:00:00,507.3325,38505.94
2022-02-19 22:00:00,437.3825,37563.557499999995
2022-02-19 23:00:00,421.625,38503.7325
2022-02-20 00:00:00,375.3,38817.8425
2022-02-20 01:00:00,312.1925,39126.3625
2022-02-20 02:00:00,238.8875,38722.2475
2022-02-20 03:00:00,196.4325,38415.2875
2022-02-20 04:00:00,216.45749999999998,39084.48
2022-02-20 05:00:00,303.81,40196.61
2022-02-20 06:00:00,335.5775,41541.2325
2022-02-20 07:00:00,400.31,41509.3425
2022-02-20 08:00:00,428.045,42491.1675
2022-02-20 09:00:00,273.305,41404.4475
2022-02-20 10:00:00,-4.7575,40436.84
2022-02-20 11:00:00,-80.0,39582.770000000004
2022-02-20 12:00:00,-80.0,36376.8725
2022-02-20 13:00:00,-80.0,38710.0675
2022-02-20 14:00:00,-80.0,41165.69
2022-02-20 15:00:00,38.987500000000004,43128.695
2022-02-20 16:00:00,335.5925,45765.025
2022-02-20 17:00:00,575.2225,46233.4975
2022-02-20 18:00:00,695.1,46910.0275
2022-02-20 19:00:00,648.6125,44932.6775
2022-02-20 20:00:00,596.9399999999999,43914.7075
2022-02-20 21:00:00,507.7325,42640.805
2022-02-20 22:00:00,397.0425,40264.795
2022-02-20 23:00:00,369.2925,39543.975
2022-02-21 00:00:00,356.71500000000003,37116.18
2022-02-21 01:00:00,303.0425,34796.05
2022-02-21 02:00:00,229.17,33039.65
2022-02-21 03:00:00,160.10500000000002,31557.14
2022-02-21 04:00:00,148.845,30965.1025
2022-02-21 05:00:00,249.715,31686.3275
2022-02-21 06:00:00,324.6575,32100.9775
2022-02-21 07:00:00,390.32,31965.0175
2022-02-21 08:00:00,408.645,32605.3975
2022-02-21 09:00:00,327.4325,30352.6375
2022-02-21 10:00:00,129.63,28005.235
2022-02-21 11:00:00,71.935,29153.7675
2022-02-21 12:00:00,-42.085,26684.325
2022-02-21 13:00:00,-80.0,28284.9075
2022-02-21 14:00:00,-46.474999999999994,29547.892499999998
2022-02-21 15:00:00,231.8875,31581.885000000002
2022-02-21 16:00:00,438.4225,36024.042499999996
2022-02-21 17:00:00,680.11,40233.685
2022-02-21 18:00:00,833.5025,44038.945
2022-02-21 19:00:00,781.1975,44919.695
2022-02-21 20:00:00,756.77,44917.6525
2022-02-21 21:00:00,641.145,44502.7375
2022-02-21 22:00:00,513.9325,42892.18
2022-02-21 23:00:00,492.84749999999997,43005.6325
2022-02-22 00:00:00,470.74,42084.5
2022-02-22 01:00:00,412.8125,40538.7425
2022-02-22 02:00:00,362.6925,39790.8775
2022-02-22 03:00:00,315.53000000000003,39007.082500000004
2022-02-22 04:00:00,291.12,38713.020000000004
2022-02-22 05:00:00,324.9225,39672.82
2022-02-22 06:00:00,368.125,40813.75
2022-02-22 07:00:00,420.71500000000003,39488.33
2022-02-22 08:00:00,439.7925,38617.9
2022-02-22 09:00:00,337.64750000000004,35236.81
2022-02-22 10:00:00,172.5275,31303.879999999997
2022-02-22 11:00:00,72.13250000000001,32547.192499999997
2022-02-22 12:00:00,-46.707499999999996,31209.5375
2022-02-22 13:00:00,-65.0,31472.925000000003
2022-02-22 14:00:00,-39.825,30870.3525
2022-02-22 15:00:00,216.17749999999998,31790.28
2022-02-22 16:00:00,414.1325,35515.54
2022-02-22 17:00:00,638.09,39798.2875
2022-02-22 18:00:00,774.9275,44137.7675
2022-02-22 19:00:00,726.1775,43911.582500000004
2022-02-22 20:00:00,708.3125,44029.07
2022-02-22 21:00:00,614.55,43250.425
2022-02-22 22:00:00,512.545,40542.417499999996
2022-02-22 23:00:00,510.09,40393.96
2022-02-23 00:00:00,462.585,40967.76
2022-02-23 01:00:00,422.89,40717.3725
2022-02-23 02:00:00,393.8775,40073.625
2022-02-23 03:00:00,375.7625,39721.15
2022-02-23 04:00:00,383.625,39866.9525
2022-02-23 05:00:00,421.485,40969.7175
2022-02-23 06:00:00,464.135,43137.57
2022-02-23 07:00:00,506.145,42954.2225
2022-02-23 08:00:00,478.105,44551.4875
2022-02-23 09:00:00,383.1475,43692.4925
2022-02-23 10:00:00,227.42499999999998,43159.225
2022-02-23 11:00:00,128.14999999999998,46174.4025
2022-02-23 12:00:00,-32.67,43871.0125
2022-02-23 13:00:00,22.195,44409.51
2022-02-23 14:00:00,54.5125,44829.112499999996
2022-02-23 15:00:00,252.605,45250.265
2022-02-23 16:00:00,408.9575,46494.5525
2022-02-23 17:00:00,639.34,47034.45
2022-02-23 18:00:00,811.5174999999999,48691.09
2022-02-23 19:00:00,748.0925,47687.545
2022-02-23 20:00:00,684.0325,47314.445
2022-02-23 21:00:00,525.655,46676.69
2022-02-23 22:00:00,404.0825,44388.005000000005
2022-02-23 23:00:00,384.1625,43803.805
2022-02-24 00:00:00,365.465,42395.095
2022-02-24 01:00:00,322.32,41091.2875
2022-02-24 02:00:00,264.3375,39954.275
2022-02-24 03:00:00,227.4225,39355.72
2022-02-24 04:00:00,221.815,38897.865000000005
2022-02-24 05:00:00,294.3125,39920.4125
2022-02-24 06:00:00,369.9525,42282.435
2022-02-24 07:00:00,412.55,41444.045
2022-02-24 08:00:00,388.1525,40293.7625
2022-02-24 09:00:00,211.1275,35110.5675
2022-02-24 10:00:00,-21.057499999999997,31694.9975
2022-02-24 11:00:00,-59.825,30849.0775
2022-02-24 12:00:00,-73.275,26780.7425
2022-02-24 13:00:00,-80.0,28264.72
2022-02-24 14:00:00,-80.0,31976.6075
2022-02-24 15:00:00,99.7675,36529.34
2022-02-24 16:00:00,380.73,41088.979999999996
2022-02-24 17:00:00,658.9050000000001,43229.865000000005
2022-02-24 18:00:00,761.18,43593.0325
2022-02-24 19:00:00,645.6575,42545.192500000005
2022-02-24 20:00:00,551.385,41650.6625
2022-02-24 21:00:00,412.72499999999997,40483.155
2022-02-24 22:00:00,249.96249999999998,37952.435
2022-02-24 23:00:00,218.745,38102.3525
2022-02-25 00:00:00,173.165,37651.19
2022-02-25 01:00:00,150.3775,36985.7125
2022-02-25 02:00:00,134.04,36270.1425
2022-02-25 03:00:00,114.52250000000001,35876.572499999995
2022-02-25 04:00:00,116.2125,35451.244999999995
2022-02-25 05:00:00,155.65,36175.7825
2022-02-25 06:00:00,225.3225,37067.215000000004
2022-02-25 07:00:00,287.595,34882.485
2022-02-25 08:00:00,261.685,32812.005
2022-02-25 09:00:00,101.6625,26710.3625
2022-02-25 10:00:00,-46.8,23438.4225
2022-02-25 11:00:00,-80.0,23145.379999999997
2022-02-25 12:00:00,-80.0,21875.46
2022-02-25 13:00:00,-80.0,22371.15
2022-02-25 14:00:00,-80.0,23366.6375
2022-02-25 15:00:00,-80.0,24818.975
2022-02-25 16:00:00,70.5175,27307.075
2022-02-25 17:00:00,242.33249999999998,31259.989999999998
2022-02-25 18:00:00,354.22749999999996,35187.775
2022-02-25 19:00:00,307.3375,35101.435
2022-02-25 20:00:00,270.7675,35071.5625
2022-02-25 21:00:00,199.2,34978.5725
2022-02-25 22:00:00,118.5375,32495.7125
2022-02-25 23:00:00,116.8125,32422.5225
2022-02-26 00:00:00,43.075,31537.9325
2022-02-26 01:00:00,-55.8675,31416.567499999997
2022-02-26 02:00:00,-80.0,31387.89
2022-02-26 03:00:00,-80.0,31111.4225
2022-02-26 04:00:00,-55.474999999999994,31253.1475
2022-02-26 05:00:00,69.7525,33380.175
2022-02-26 06:00:00,119.255,35782.515
2022-02-26 07:00:00,157.16,34024.0975
2022-02-26 08:00:00,135.0825,32266.22
2022-02-26 09:00:00,-29.025,27225.975
2022-02-26 10:00:00,-80.0,22519.835
2022-02-26 11:00:00,-80.0,21915.785
2022-02-26 12:00:00,-80.0,21306.9025
2022-02-26 13:00:00,-80.0,21493.5375
2022-02-26 14:00:00,-80.0,23590.89
2022-02-26 15:00:00,-53.8625,26288.77
2022-02-26 16:00:00,160.725,29559.715
2022-02-26 17:00:00,430.06500000000005,31954.75
2022-02-26 18:00:00,734.6225000000001,34730.675
2022-02-26 19:00:00,801.3975,35812.8125
2022-02-26 20:00:00,842.5425,36871.365
2022-02-26 21:00:00,770.3175,36875.1925
2022-02-26 22:00:00,524.4375,35725.725
2022-02-26 23:00:00,470.225,36652.655
2022-02-27 00:00:00,352.265,36735.41
2022-02-27 01:00:00,233.98250000000002,35764.3675
2022-02-27 02:00:00,148.6975,36486.765
2022-02-27 03:00:00,98.61749999999999,37060.995
2022-02-27 04:00:00,86.1125,37473.495
2022-02-27 05:00:00,112.33,38143.5725
2022-02-27 06:00:00,102.605,38598.975
2022-02-27 07:00:00,128.22,36423.7225
2022-02-27 08:00:00,63.082499999999996,38146.895000000004
2022-02-27 09:00:00,-50.542500000000004,38744.05
2022-02-27 10:00:00,-80.0,39301.5675
2022-02-27 11:00:00,-80.0,39678.0875
2022-02-27 12:00:00,-80.0,39053.2625
2022-02-27 13:00:00,-80.0,37832.4025
2022-02-27 14:00:00,-80.0,34602.845
2022-02-27 15:00:00,-80.0,32000.08
2022-02-27 16:00:00,88.69,31628.237500000003
2022-02-27 17:00:00,365.27750000000003,30532.6425
2022-02-27 18:00:00,449.3725,29963.8675
2022-02-27 19:00:00,323.4925,29239.065
2022-02-27 20:00:00,286.23,29024.65
2022-02-27 21:00:00,214.3225,29416.0225
2022-02-27 22:00:00,125.9725,28570.27
2022-02-27 23:00:00,132.7725,29953.275
2022-02-28 00:00:00,206.92000000000002,30157.725
2022-02-28 01:00:00,171.3175,29583.35
2022-02-28 02:00:00,132.405,29173.45
2022-02-28 03:00:00,120.12,28178.9225
2022-02-28 04:00:00,134.1,27679.225
2022-02-28 05:00:00,211.4725,29713.8
2022-02-28 06:00:00,234.8175,31595.87
2022-02-28 07:00:00,336.305,28161.505
2022-02-28 08:00:00,381.6325,25130.14
2022-02-28 09:00:00,226.65,23128.7125
2022-02-28 10:00:00,94.07,24321.3975
2022-02-28 11:00:00,42.522499999999994,23952.85
2022-02-28 12:00:00,-51.4525,22406.32
2022-02-28 13:00:00,-8.442499999999999,23000.5625
2022-02-28 14:00:00,18.537499999999998,23307.77
2022-02-28 15:00:00,157.85,24114.465
2022-02-28 16:00:00,356.29499999999996,27163.68
2022-02-28 17:00:00,561.4675,30966.8875
2022-02-28 18:00:00,668.6999999999999,34451.5025
2022-02-28 19:00:00,626.7425,33561.94
2022-02-28 20:00:00,601.7825,32904.9275
2022-02-28 21:00:00,508.24750000000006,32914.817500000005
2022-02-28 22:00:00,348.15,30668.0025
2022-02-28 23:00:00,311.28499999999997,30748.6675
2022-03-01 00:00:00,269.0175,29316.415
2022-03-01 01:00:00,125.3575,27778.4025
2022-03-01 02:00:00,-24.4,25680.8075
2022-03-01 03:00:00,-75.0,23595.005
2022-03-01 04:00:00,-80.0,22992.0075
2022-03-01 05:00:00,23.740000000000002,23488.885
2022-03-01 06:00:00,144.51749999999998,24635.072500000002
2022-03-01 07:00:00,262.6875,22716.68
2022-03-01 08:00:00,209.1225,20908.3625
2022-03-01 09:00:00,10.165000000000003,20537.48
2022-03-01 10:00:00,-71.7225,20648.1625
2022-03-01 11:00:00,-80.0,20732.2475
2022-03-01 12:00:00,-80.0,19980.010000000002
2022-03-01 13:00:00,-80.0,20778.31
2022-03-01 14:00:00,-54.6875,21806.3975
2022-03-01 15:00:00,155.4025,23955.7975
2022-03-01 16:00:00,429.23,29797.805
2022-03-01 17:00:00,757.03,36239.405
2022-03-01 18:00:00,961.1800000000001,38720.57
2022-03-01 19:00:00,945.71,38998.235
2022-03-01 20:00:00,921.22,40716.667499999996
2022-03-01 21:00:00,823.14,40785.9375
2022-03-01 22:00:00,644.8375000000001,38447.0475
2022-03-01 23:00:00,586.53,38151.36
2022-03-02 00:00:00,384.14250000000004,35559.902500000004
2022-03-02 01:00:00,300.34000000000003,32786.2425
2022-03-02 02:00:00,263.7,31309.53
2022-03-02 03:00:00,236.08,30351.5475
2022-03-02 04:00:00,235.565,29722.372499999998
2022-03-02 05:00:00,283.8125,29955.0175
2022-03-02 06:00:00,319.7325,32681.74
2022-03-02 07:00:00,329.945,29024.245
2022-03-02 08:00:00,305.385,26104.23
2022-03-02 09:00:00,185.10000000000002,20057.9175
2022-03-02 10:00:00,-0.2199999999999953,18508.8875
2022-03-02 11:00:00,-72.395,18063.7225
2022-03-02 12:00:00,-80.0,17741.1275
2022-03-02 13:00:00,-80.0,18093.065000000002
2022-03-02 14:00:00,-80.0,18912.305
2022-03-02 15:00:00,120.16749999999999,20764.545
2022-03-02 16:00:00,332.51,23632.12
2022-03-02 17:00:00,561.6125,26974.7275
2022-03-02 18:00:00,689.2175,31425.42
2022-03-02 19:00:00,595.7475000000001,30610.552499999998
2022-03-02 20:00:00,671.4075,29656.655
2022-03-02 21:00:00,576.8275,29633.805
2022-03-02 22:00:00,495.445,27575.807500000003
2022-03-02 23:00:00,538.7025,27979.072500000002
2022-03-03 00:00:00,493.515,27377.515
2022-03-03 01:00:00,433.3375,26601.942499999997
2022-03-03 02:00:00,400.96500000000003,26074.815000000002
2022-03-03 03:00:00,387.975,24914.16
2022-03-03 04:00:00,390.7275,24853.155
2022-03-03 05:00:00,422.0925,26702.635000000002
2022-03-03 06:00:00,479.5875,27428.1825
2022-03-03 07:00:00,444.51,25531.0175
2022-03-03 08:00:00,364.59000000000003,23457.8725
2022-03-03 09:00:00,269.78,19596.8075
2022-03-03 10:00:00,96.33999999999999,20106.0225
2022-03-03 11:00:00,9.739999999999998,22045.747499999998
2022-03-03 12:00:00,-60.6475,18986.7775
2022-03-03 13:00:00,-41.585,18535.1325
2022-03-03 14:00:00,-7.495,19756.305
2022-03-03 15:00:00,211.14500000000004,24052.0275
2022-03-03 16:00:00,352.4375,29580.425
2022-03-03 17:00:00,471.97749999999996,33495.9075
2022-03-03 18:00:00,590.7275,36075.97
2022-03-03 19:00:00,503.01,34756.9675
2022-03-03 20:00:00,456.72749999999996,34860.8975
2022-03-03 21:00:00,402.1275,35633.630000000005
2022-03-03 22:00:00,341.6775,35743.082500000004
2022-03-03 23:00:00,328.295,35587.335
2022-03-04 00:00:00,389.655,36089.795
2022-03-04 01:00:00,407.0525,35997.457500000004
2022-03-04 02:00:00,386.33,35130.525
2022-03-04 03:00:00,364.0225,33713.08
2022-03-04 04:00:00,370.615,33319.0025
2022-03-04 05:00:00,416.545,34611.837499999994
2022-03-04 06:00:00,530.6424999999999,35266.96
2022-03-04 07:00:00,528.385,35064.7375
2022-03-04 08:00:00,395.6625,35524.4975
2022-03-04 09:00:00,179.7075,33769.71
2022-03-04 10:00:00,-9.0275,30902.0475
2022-03-04 11:00:00,-73.105,30982.4575
2022-03-04 12:00:00,-80.0,28168.62
2022-03-04 13:00:00,-80.0,28835.775
2022-03-04 14:00:00,-80.0,29180.4375
2022-03-04 15:00:00,-56.75,30943.177499999998
2022-03-04 16:00:00,184.64,34236.7125
2022-03-04 17:00:00,422.3825,34706.1775
2022-03-04 18:00:00,560.465,35842.787500000006
2022-03-04 19:00:00,546.28,35973.9925
2022-03-04 20:00:00,597.6575,36307.3475
2022-03-04 21:00:00,659.1975,36556.9525
2022-03-04 22:00:00,671.5825,34522.46
2022-03-04 23:00:00,735.8,35328.535
2022-03-05 00:00:00,470.30499999999995,35113.275
2022-03-05 01:00:00,348.0225,34609.4975
2022-03-05 02:00:00,339.12,34033.79
2022-03-05 03:00:00,333.0425,33738.457500000004
2022-03-05 04:00:00,341.20500000000004,33773.42
2022-03-05 05:00:00,450.8825,34750.3825
2022-03-05 06:00:00,533.275,35573.925
2022-03-05 07:00:00,538.3475000000001,35826.6025
2022-03-05 08:00:00,391.59250000000003,35518.0675
2022-03-05 09:00:00,269.96000000000004,30296.6475
2022-03-05 10:00:00,124.325,25934.7075
2022-03-05 11:00:00,7.7749999999999995,25537.3375
2022-03-05 12:00:00,-64.4075,23045.0075
2022-03-05 13:00:00,-73.625,23063.8375
2022-03-05 14:00:00,-32.425,21842.2975
2022-03-05 15:00:00,130.9375,22994.1425
2022-03-05 16:00:00,283.725,26937.345
2022-03-05 17:00:00,374.0875,31304.635000000002
2022-03-05 18:00:00,467.9875,35304.6275
2022-03-05 19:00:00,425.325,35029.6075
2022-03-05 20:00:00,423.9975,35470.5625
2022-03-05 21:00:00,415.5025,36979.15
2022-03-05 22:00:00,372.84000000000003,35022.15
2022-03-05 23:00:00,374.7725,36103.1825
2022-03-06 00:00:00,474.62,35105.2425
2022-03-06 01:00:00,475.955,33244.8525
2022-03-06 02:00:00,441.0825,33156.955
2022-03-06 03:00:00,427.3325,33140.2725
2022-03-06 04:00:00,432.445,33160.215
2022-03-06 05:00:00,457.125,34395.735
2022-03-06 06:00:00,467.46000000000004,34246.9975
2022-03-06 07:00:00,476.295,29814.9625
2022-03-06 08:00:00,429.39,25993.7
2022-03-06 09:00:00,334.61749999999995,20717.23
2022-03-06 10:00:00,287.23,19348.735
2022-03-06 11:00:00,265.175,20637.825
2022-03-06 12:00:00,44.4225,18771.84
2022-03-06 13:00:00,173.1925,20065.2025
2022-03-06 14:00:00,248.685,20870.7075
2022-03-06 15:00:00,311.4075,22580.2425
2022-03-06 16:00:00,368.76250000000005,27496.0675
2022-03-06 17:00:00,395.45,32985.495
2022-03-06 18:00:00,407.23249999999996,37118.8775
2022-03-06 19:00:00,377.98249999999996,37662.2
2022-03-06 20:00:00,375.2725,37240.0325
2022-03-06 21:00:00,353.9325,35185.79
2022-03-06 22:00:00,319.2125,32287.7225
2022-03-06 23:00:00,324.9175,35172.5975
2022-03-07 00:00:00,314.13,35187.86
2022-03-07 01:00:00,265.3875,34096.9475
2022-03-07 02:00:00,227.95999999999998,32932.34
2022-03-07 03:00:00,215.49,32244.817499999997
2022-03-07 04:00:00,251.38,33210.895000000004
2022-03-07 05:00:00,324.5625,34974.8625
2022-03-07 06:00:00,381.2025,36267.9825
2022-03-07 07:00:00,398.3725,35286.82
2022-03-07 08:00:00,346.0425,34729.345
2022-03-07 09:00:00,167.4875,32037.7825
2022-03-07 10:00:00,62.61,28766.760000000002
2022-03-07 11:00:00,26.747500000000002,28352.605000000003
2022-03-07 12:00:00,-54.875,24527.17
2022-03-07 13:00:00,44.072500000000005,25339.68
2022-03-07 14:00:00,7.1000000000000005,25888.622499999998
2022-03-07 15:00:00,120.685,27480.6325
2022-03-07 16:00:00,336.5625,31585.1075
2022-03-07 17:00:00,570.2249999999999,35404.7675
2022-03-07 18:00:00,786.4925,38919.3825
2022-03-07 19:00:00,754.2674999999999,39254.92
2022-03-07 20:00:00,800.34,39859.8275
2022-03-07 21:00:00,733.6225,40164.42
2022-03-07 22:00:00,575.1425,38347.895000000004
2022-03-07 23:00:00,564.625,39066.7625
2022-03-08 00:00:00,540.885,37044.3475
2022-03-08 01:00:00,490.13,35784.2575
2022-03-08 02:00:00,446.59749999999997,34900.365
2022-03-08 03:00:00,414.7225,34139.2125
2022-03-08 04:00:00,405.62,34353.56
2022-03-08 05:00:00,441.525,35444.22
2022-03-08 06:00:00,501.05500000000006,35349.44
2022-03-08 07:00:00,460.13250000000005,30891.0325
2022-03-08 08:00:00,354.02,26573.545
2022-03-08 09:00:00,179.4875,21551.565000000002
2022-03-08 10:00:00,33.2,18239.8875
2022-03-08 11:00:00,-16.6725,18562.6825
2022-03-08 12:00:00,-65.6075,17088.927499999998
2022-03-08 13:00:00,-80.0,18237.7675
2022-03-08 14:00:00,-28.205,18581.0125
2022-03-08 15:00:00,119.0275,20090.38
2022-03-08 16:00:00,319.25,24120.565
2022-03-08 17:00:00,499.9425,28442.915
2022-03-08 18:00:00,646.6225,31445.822500000002
2022-03-08 19:00:00,547.045,30313.86
2022-03-08 20:00:00,528.7175,28682.35
2022-03-08 21:00:00,495.355,27791.9525
2022-03-08 22:00:00,433.375,25337.625
2022-03-08 23:00:00,454.3825,26923.434999999998
2022-03-09 00:00:00,517.1400000000001,26147.2325
2022-03-09 01:00:00,470.7325,25399.61
2022-03-09 02:00:00,448.1525,24501.2025
2022-03-09 03:00:00,438.995,24025.7625
2022-03-09 04:00:00,459.3375,23883.6875
2022-03-09 05:00:00,571.1875,24795.1725
2022-03-09 06:00:00,810.1975,24580.305
2022-03-09 07:00:00,801.1775,20596.1275
2022-03-09 08:00:00,575.8050000000001,17299.355
2022-03-09 09:00:00,302.4375,14345.157500000001
2022-03-09 10:00:00,121.66,14364.689999999999
2022-03-09 11:00:00,22.3325,14401.105
2022-03-09 12:00:00,-59.5875,14456.6575
2022-03-09 13:00:00,-38.9975,15535.0825
2022-03-09 14:00:00,-51.332499999999996,15703.345000000001
2022-03-09 15:00:00,94.53,16536.725000000002
2022-03-09 16:00:00,285.495,18096.03
2022-03-09 17:00:00,403.515,19358.715
2022-03-09 18:00:00,466.99,22191.73
2022-03-09 19:00:00,411.17,21988.4925
2022-03-09 20:00:00,385.2275,21846.3125
2022-03-09 21:00:00,321.2725,22266.76
2022-03-09 22:00:00,217.64499999999998,20760.3475
2022-03-09 23:00:00,264.98,21898.510000000002
2022-03-10 00:00:00,270.8075,20442.385000000002
2022-03-10 01:00:00,234.1375,19832.235
2022-03-10 02:00:00,210.20999999999998,19465.805
2022-03-10 03:00:00,194.8975,19301.432500000003
2022-03-10 04:00:00,202.8725,19629.225
2022-03-10 05:00:00,295.805,21487.927499999998
2022-03-10 06:00:00,383.52,22100.6475
2022-03-10 07:00:00,356.5175,19048.0125
2022-03-10 08:00:00,292.76250000000005,17023.5125
2022-03-10 09:00:00,149.775,14486.7575
2022-03-10 10:00:00,-18.13,14854.475
2022-03-10 11:00:00,-25.7325,15880.48
2022-03-10 12:00:00,-63.5775,14406.7725
2022-03-10 13:00:00,-15.995000000000001,14996.94
2022-03-10 14:00:00,16.634999999999998,15843.130000000001
2022-03-10 15:00:00,188.64,17322.77
2022-03-10 16:00:00,383.545,21055.45
2022-03-10 17:00:00,579.9775,24836.995
2022-03-10 18:00:00,680.625,27180.1625
2022-03-10 19:00:00,576.755,27800.8925
2022-03-10 20:00:00,588.815,27781.9125
2022-03-10 21:00:00,569.7025,28202.8825
2022-03-10 22:00:00,513.54,26043.6975
2022-03-10 23:00:00,615.205,26735.07
2022-03-11 00:00:00,409.4275,25043.2275
2022-03-11 01:00:00,329.725,23368.08
2022-03-11 02:00:00,329.29499999999996,22061.905
2022-03-11 03:00:00,326.895,21063.7875
2022-03-11 04:00:00,329.21750000000003,20907.805
2022-03-11 05:00:00,354.90250000000003,22418.0675
2022-03-11 06:00:00,393.4075,23644.7425
2022-03-11 07:00:00,350.6025,20801.8475
2022-03-11 08:00:00,318.105,18105.0625
2022-03-11 09:00:00,230.9125,17002.125
2022-03-11 10:00:00,116.035,17276.325
2022-03-11 11:00:00,21.412499999999998,17560.8625
2022-03-11 12:00:00,-60.1025,16206.4175
2022-03-11 13:00:00,34.8925,18454.8825
2022-03-11 14:00:00,98.3075,19966.85
2022-03-11 15:00:00,218.595,22740.947500000002
2022-03-11 16:00:00,296.6325,26701.137499999997
2022-03-11 17:00:00,320.78499999999997,29605.6175
2022-03-11 18:00:00,329.32,33462.215000000004
2022-03-11 19:00:00,320.41499999999996,34494.5125
2022-03-11 20:00:00,318.4575,34883.81
2022-03-11 21:00:00,315.0125,35940.955
2022-03-11 22:00:00,311.0575,34756.4225
2022-03-11 23:00:00,316.795,36352.595
2022-03-12 00:00:00,326.0575,35598.7025
2022-03-12 01:00:00,322.9725,35297.025
2022-03-12 02:00:00,320.8675,34826.7675
2022-03-12 03:00:00,311.9575,34652.415
2022-03-12 04:00:00,310.31,34637.2225
2022-03-12 05:00:00,329.8875,34767.9475
2022-03-12 06:00:00,352.11749999999995,34576.065
2022-03-12 07:00:00,359.695,32133.0
2022-03-12 08:00:00,406.69,28617.8025
2022-03-12 09:00:00,375.5325,23026.6775
2022-03-12 10:00:00,364.3,19879.9575
2022-03-12 11:00:00,412.16999999999996,20758.9425
2022-03-12 12:00:00,379.6575,18248.364999999998
2022-03-12 13:00:00,412.515,19608.2375
2022-03-12 14:00:00,395.40999999999997,20467.04
2022-03-12 15:00:00,425.695,23065.489999999998
2022-03-12 16:00:00,439.1475,28503.005
2022-03-12 17:00:00,458.62,32059.7775
2022-03-12 18:00:00,516.51,35544.12
2022-03-12 19:00:00,434.1575,35726.65
2022-03-12 20:00:00,414.53000000000003,34336.385
2022-03-12 21:00:00,390.28499999999997,31808.3475
2022-03-12 22:00:00,356.01750000000004,29448.14
2022-03-12 23:00:00,367.59000000000003,30565.317499999997
2022-03-13 00:00:00,552.465,29886.5375
2022-03-13 01:00:00,520.3075,29029.755
2022-03-13 02:00:00,429.42,27814.41
2022-03-13 03:00:00,372.6925,26608.82
2022-03-13 04:00:00,352.0075,25944.162500000002
2022-03-13 05:00:00,361.99,27205.475
2022-03-13 06:00:00,364.0025,28018.3575
2022-03-13 07:00:00,353.335,25516.795
2022-03-13 08:00:00,311.7875,23731.69
2022-03-13 09:00:00,175.965,18211.2375
2022-03-13 10:00:00,87.585,15118.33
2022-03-13 11:00:00,66.325,15351.1525
2022-03-13 12:00:00,44.28,14668.2125
2022-03-13 13:00:00,63.129999999999995,15324.675
2022-03-13 14:00:00,81.17,16156.4625
2022-03-13 15:00:00,159.8725,16600.6325
2022-03-13 16:00:00,288.1675,19678.86
2022-03-13 17:00:00,351.055,23679.685
2022-03-13 18:00:00,389.8025,26983.760000000002
2022-03-13 19:00:00,369.29499999999996,26529.625
2022-03-13 20:00:00,380.78000000000003,25005.075
2022-03-13 21:00:00,388.765,24987.02
2022-03-13 22:00:00,365.9975,23262.6675
2022-03-13 23:00:00,398.6175,24322.739999999998
2022-03-14 00:00:00,485.52,23409.1425
2022-03-14 01:00:00,470.35749999999996,22805.64
2022-03-14 02:00:00,424.78499999999997,22068.9675
2022-03-14 03:00:00,391.78499999999997,21594.489999999998
2022-03-14 04:00:00,387.2525,22124.0
2022-03-14 05:00:00,465.955,24065.135000000002
2022-03-14 06:00:00,560.0075,24257.2625
2022-03-14 07:00:00,477.555,20867.6825
2022-03-14 08:00:00,346.6425,20151.7225
2022-03-14 09:00:00,151.1975,18190.84
2022-03-14 10:00:00,7.675000000000001,16299.8575
2022-03-14 11:00:00,-65.5,17688.3625
2022-03-14 12:00:00,-80.0,14832.217499999999
2022-03-14 13:00:00,-80.0,15723.285
2022-03-14 14:00:00,-41.75,16091.025
2022-03-14 15:00:00,65.44,18101.5975
2022-03-14 16:00:00,207.965,22383.572500000002
2022-03-14 17:00:00,380.63250000000005,25382.8
2022-03-14 18:00:00,489.9675,28131.095
2022-03-14 19:00:00,443.23249999999996,27347.8275
2022-03-14 20:00:00,430.4525,25631.875
2022-03-14 21:00:00,392.6,25788.9625
2022-03-14 22:00:00,317.6125,23427.6125
2022-03-14 23:00:00,314.605,24784.07
2022-03-15 00:00:00,230.59,23784.050000000003
2022-03-15 01:00:00,145.9675,22506.9825
2022-03-15 02:00:00,99.78,21582.1375
2022-03-15 03:00:00,75.28,20843.412500000002
2022-03-15 04:00:00,69.11,21004.075
2022-03-15 05:00:00,82.2025,22548.375
2022-03-15 06:00:00,100.595,22657.5725
2022-03-15 07:00:00,96.1025,18583.6925
2022-03-15 08:00:00,40.59,16590.3075
2022-03-15 09:00:00,-54.225,15319.8225
2022-03-15 10:00:00,-80.0,16268.939999999999
2022-03-15 11:00:00,-80.0,16866.122499999998
2022-03-15 12:00:00,-80.0,15625.4575
2022-03-15 13:00:00,-80.0,15802.515
2022-03-15 14:00:00,-80.0,16559.61
2022-03-15 15:00:00,25.03,16444.127500000002
2022-03-15 16:00:00,183.1,19637.73
2022-03-15 17:00:00,389.765,23677.457499999997
2022-03-15 18:00:00,507.69500000000005,25699.927499999998
2022-03-15 19:00:00,435.1575,25152.78
2022-03-15 20:00:00,459.105,24192.5275
2022-03-15 21:00:00,592.2425000000001,24941.775
2022-03-15 22:00:00,592.5725,23572.732500000002
2022-03-15 23:00:00,693.525,25098.08
2022-03-16 00:00:00,730.6775,23858.14
2022-03-16 01:00:00,638.8875,22176.445
2022-03-16 02:00:00,508.73249999999996,21371.3025
2022-03-16 03:00:00,436.6925,21054.420000000002
2022-03-16 04:00:00,410.34749999999997,21062.822500000002
2022-03-16 05:00:00,446.45500000000004,22657.795000000002
2022-03-16 06:00:00,450.365,23374.802499999998
2022-03-16 07:00:00,423.6625,20846.5525
2022-03-16 08:00:00,381.9225,19465.53
2022-03-16 09:00:00,348.63,16240.4175
2022-03-16 10:00:00,335.705,15323.7875
2022-03-16 11:00:00,341.1675,16931.6875
2022-03-16 12:00:00,273.44,15233.46
2022-03-16 13:00:00,311.055,16736.387499999997
2022-03-16 14:00:00,243.34,17998.114999999998
2022-03-16 15:00:00,306.9375,20654.31
2022-03-16 16:00:00,324.2175,25839.9
2022-03-16 17:00:00,350.5725,28891.2175
2022-03-16 18:00:00,373.3075,29928.9
2022-03-16 19:00:00,346.94,28477.175
2022-03-16 20:00:00,346.24249999999995,27537.605
2022-03-16 21:00:00,312.1625,27564.195
2022-03-16 22:00:00,253.0325,26681.54
2022-03-16 23:00:00,289.7125,28221.1775
2022-03-17 00:00:00,300.4625,27744.9975
2022-03-17 01:00:00,260.2975,26198.43
2022-03-17 02:00:00,222.8175,25387.1
2022-03-17 03:00:00,204.76,23773.324999999997
2022-03-17 04:00:00,208.595,22585.7025
2022-03-17 05:00:00,263.1,22938.4875
2022-03-17 06:00:00,315.19,23185.1325
2022-03-17 07:00:00,321.77250000000004,21485.8575
2022-03-17 08:00:00,327.6625,21749.535
2022-03-17 09:00:00,305.01,21118.2425
2022-03-17 10:00:00,336.3025,22015.489999999998
2022-03-17 11:00:00,393.6375,23818.0225
2022-03-17 12:00:00,368.73249999999996,20051.105
2022-03-17 13:00:00,395.82,19667.7225
2022-03-17 14:00:00,389.54,19081.705
2022-03-17 15:00:00,388.0625,19961.945
2022-03-17 16:00:00,394.4475,23943.275
2022-03-17 17:00:00,418.39,25784.927499999998
2022-03-17 18:00:00,491.73,28688.5875
2022-03-17 19:00:00,455.4225,29358.1625
2022-03-17 20:00:00,451.7575,28745.135000000002
2022-03-17 21:00:00,456.0725,28643.38
2022-03-17 22:00:00,453.65999999999997,27552.2825
2022-03-17 23:00:00,610.8275000000001,30766.225
2022-03-18 00:00:00,494.925,31485.5875
2022-03-18 01:00:00,416.52,31129.635
2022-03-18 02:00:00,407.385,30069.8275
2022-03-18 03:00:00,406.33000000000004,28810.655
2022-03-18 04:00:00,408.46500000000003,28441.5825
2022-03-18 05:00:00,444.495,30014.7225
2022-03-18 06:00:00,471.40749999999997,30158.825
2022-03-18 07:00:00,515.6325,26760.2025
2022-03-18 08:00:00,548.745,24284.165
2022-03-18 09:00:00,505.65999999999997,19659.94
2022-03-18 10:00:00,511.645,18195.455
2022-03-18 11:00:00,533.3299999999999,19853.88
2022-03-18 12:00:00,444.45,17955.6725
2022-03-18 13:00:00,442.635,20098.645
2022-03-18 14:00:00,394.23,20903.22
2022-03-18 15:00:00,439.3675,23490.175
2022-03-18 16:00:00,489.7175,27894.7125
2022-03-18 17:00:00,579.805,31505.07
2022-03-18 18:00:00,655.3199999999999,35120.04
2022-03-18 19:00:00,535.3725,35369.8375
2022-03-18 20:00:00,497.675,34518.7625
2022-03-18 21:00:00,461.1875,34673.1775
2022-03-18 22:00:00,409.23,33808.6
2022-03-18 23:00:00,400.8925,36162.755
2022-03-19 00:00:00,444.74,36081.5625
2022-03-19 01:00:00,398.7725,35560.36
2022-03-19 02:00:00,309.0375,34899.6525
2022-03-19 03:00:00,170.42000000000002,33838.1425
2022-03-19 04:00:00,110.99000000000001,33171.4975
2022-03-19 05:00:00,175.10750000000002,34589.53
2022-03-19 06:00:00,245.90250000000003,34832.3575
2022-03-19 07:00:00,229.515,31110.5875
2022-03-19 08:00:00,152.2275,28522.7175
2022-03-19 09:00:00,41.1325,25492.265
2022-03-19 10:00:00,-57.125,25644.84
2022-03-19 11:00:00,-48.912499999999994,28722.1325
2022-03-19 12:00:00,-69.6375,27425.3375
2022-03-19 13:00:00,17.1175,29336.575
2022-03-19 14:00:00,119.2475,29479.63
2022-03-19 15:00:00,288.0225,30038.23
2022-03-19 16:00:00,418.805,32318.63
2022-03-19 17:00:00,572.6725,33774.365
2022-03-19 18:00:00,724.95,35986.64
2022-03-19 19:00:00,705.4475,36160.7875
2022-03-19 20:00:00,698.815,35112.245
2022-03-19 21:00:00,661.2475,34876.405
2022-03-19 22:00:00,620.905,31916.9
2022-03-19 23:00:00,650.45,31849.9375
2022-03-20 00:00:00,545.025,29748.545
2022-03-20 01:00:00,499.4925,27679.195
2022-03-20 02:00:00,479.2025,25700.5775
2022-03-20 03:00:00,465.53,24247.805
2022-03-20 04:00:00,469.63,24016.72
2022-03-20 05:00:00,505.34999999999997,25713.2975
2022-03-20 06:00:00,546.64,26138.165
2022-03-20 07:00:00,501.945,21965.239999999998
2022-03-20 08:00:00,446.17,18984.035
2022-03-20 09:00:00,338.2375,16748.55
2022-03-20 10:00:00,192.88,16956.5775
2022-03-20 11:00:00,142.595,17757.1625
2022-03-20 12:00:00,69.2175,16274.822499999998
2022-03-20 13:00:00,105.13499999999999,16579.845
2022-03-20 14:00:00,235.26749999999998,17704.3275
2022-03-20 15:00:00,346.2725,20145.809999999998
2022-03-20 16:00:00,460.4,25853.6525
2022-03-20 17:00:00,583.8,30108.5375
2022-03-20 18:00:00,682.6575,34295.869999999995
2022-03-20 19:00:00,617.9625,35650.7475
2022-03-20 20:00:00,591.3775,34860.6875
2022-03-20 21:00:00,542.02,34566.082500000004
2022-03-20 22:00:00,477.8525,32885.205
2022-03-20 23:00:00,498.625,34026.045
2022-03-21 00:00:00,415.81,34347.405
2022-03-21 01:00:00,371.48749999999995,33705.9275
2022-03-21 02:00:00,356.7925,32970.01
2022-03-21 03:00:00,349.55,32372.665
2022-03-21 04:00:00,353.83500000000004,32520.895
2022-03-21 05:00:00,385.4925,34011.795
2022-03-21 06:00:00,443.895,34021.49
2022-03-21 07:00:00,468.6,28819.3875
2022-03-21 08:00:00,505.57500000000005,24152.7225
2022-03-21 09:00:00,449.7425,19048.745000000003
2022-03-21 10:00:00,413.1875,17810.055
2022-03-21 11:00:00,378.3575,18284.515
2022-03-21 12:00:00,301.91499999999996,17496.942499999997
2022-03-21 13:00:00,321.48749999999995,17819.197500000002
2022-03-21 14:00:00,320.35249999999996,18810.7775
2022-03-21 15:00:00,359.065,20545.4525
2022-03-21 16:00:00,409.9925,24856.795
2022-03-21 17:00:00,480.40749999999997,29390.48
2022-03-21 18:00:00,585.46,33349.524999999994
2022-03-21 19:00:00,547.505,33848.8475
2022-03-21 20:00:00,563.26,33298.0575
2022-03-21 21:00:00,538.31,33388.275
2022-03-21 22:00:00,475.725,31669.5375
2022-03-21 23:00:00,462.4225,32807.2425
2022-03-22 00:00:00,497.615,32534.7675
2022-03-22 01:00:00,503.18,32119.0225
2022-03-22 02:00:00,470.5525,31372.9775
2022-03-22 03:00:00,444.0825,31246.5925
2022-03-22 04:00:00,441.49,31677.559999999998
2022-03-22 05:00:00,495.44000000000005,33086.74
2022-03-22 06:00:00,588.3125,31900.9425
2022-03-22 07:00:00,584.1,26102.89
2022-03-22 08:00:00,515.6225000000001,22861.7775
2022-03-22 09:00:00,418.905,18851.095
2022-03-22 10:00:00,361.345,18253.205
2022-03-22 11:00:00,342.6225,19088.879999999997
2022-03-22 12:00:00,281.405,18186.2325
2022-03-22 13:00:00,314.34749999999997,19795.245
2022-03-22 14:00:00,358.4475,21369.565
2022-03-22 15:00:00,396.65250000000003,24860.8675
2022-03-22 16:00:00,443.36,29746.145
2022-03-22 17:00:00,495.285,33227.0025
2022-03-22 18:00:00,501.6725,34808.79
2022-03-22 19:00:00,450.8825,34729.1725
2022-03-22 20:00:00,416.545,34024.695
2022-03-22 21:00:00,370.0875,33537.725
2022-03-22 22:00:00,315.7525,31633.6025
2022-03-22 23:00:00,300.105,33195.96
2022-03-23 00:00:00,381.96000000000004,33446.744999999995
2022-03-23 01:00:00,409.4925,33455.47
2022-03-23 02:00:00,395.34749999999997,33120.19
2022-03-23 03:00:00,384.84000000000003,33073.1225
2022-03-23 04:00:00,396.1025,33671.8125
2022-03-23 05:00:00,432.29999999999995,36116.5475
2022-03-23 06:00:00,485.16999999999996,37112.1075
2022-03-23 07:00:00,449.565,34184.0425
2022-03-23 08:00:00,340.6975,32693.5725
2022-03-23 09:00:00,74.64750000000001,28923.4625
2022-03-23 10:00:00,-60.945,26612.2825
2022-03-23 11:00:00,-80.0,27394.5325
2022-03-23 12:00:00,-80.0,23909.2225
2022-03-23 13:00:00,-80.0,26388.1475
2022-03-23 14:00:00,-80.0,28203.614999999998
2022-03-23 15:00:00,33.6925,31089.432500000003
2022-03-23 16:00:00,250.8625,34765.73
2022-03-23 17:00:00,414.855,36931.1625
2022-03-23 18:00:00,517.1225,39721.3
2022-03-23 19:00:00,492.16249999999997,40206.770000000004
2022-03-23 20:00:00,476.3475,39961.7025
2022-03-23 21:00:00,447.805,40133.595
2022-03-23 22:00:00,409.5725,38377.9225
2022-03-23 23:00:00,410.7025,40020.43
2022-03-24 00:00:00,408.6675,39853.0825
2022-03-24 01:00:00,406.33500000000004,39036.3275
2022-03-24 02:00:00,395.65749999999997,37570.957500000004
2022-03-24 03:00:00,395.1875,36522.8725
2022-03-24 04:00:00,430.0775,36184.41
2022-03-24 05:00:00,546.2725,37389.435
2022-03-24 06:00:00,663.5675,37221.455
2022-03-24 07:00:00,657.0124999999999,31508.995000000003
2022-03-24 08:00:00,514.5799999999999,27589.27
2022-03-24 09:00:00,273.51,23296.99
2022-03-24 10:00:00,53.19,20272.585
2022-03-24 11:00:00,-44.58,20750.035
2022-03-24 12:00:00,-75.0,19152.6125
2022-03-24 13:00:00,-80.0,20126.8825
2022-03-24 14:00:00,-80.0,20563.0775
2022-03-24 15:00:00,47.845,23182.1
2022-03-24 16:00:00,278.56,27519.0225
2022-03-24 17:00:00,476.605,31360.305
2022-03-24 18:00:00,593.9825000000001,33863.3375
2022-03-24 19:00:00,563.2825,32731.802499999998
2022-03-24 20:00:00,574.8925,30928.335
2022-03-24 21:00:00,552.2625,29880.940000000002
2022-03-24 22:00:00,500.1875,27401.4225
2022-03-24 23:00:00,530.8800000000001,28456.565000000002
2022-03-25 00:00:00,452.6825,27706.2225
2022-03-25 01:00:00,420.105,27018.6
2022-03-25 02:00:00,412.26,26501.42
2022-03-25 03:00:00,411.89,26235.565000000002
2022-03-25 04:00:00,417.3425,26824.38
2022-03-25 05:00:00,447.055,28816.7725
2022-03-25 06:00:00,509.0350000000001,29095.315
2022-03-25 07:00:00,501.2425,24034.795
2022-03-25 08:00:00,527.8625,21129.735
2022-03-25 09:00:00,520.44,16171.342499999999
2022-03-25 10:00:00,520.2425,14859.1675
2022-03-25 11:00:00,607.3199999999999,14971.735
2022-03-25 12:00:00,620.3675,14403.564999999999
2022-03-25 13:00:00,584.0625,15134.045
2022-03-25 14:00:00,482.4525,16191.39
2022-03-25 15:00:00,433.3,17427.754999999997
2022-03-25 16:00:00,409.575,18982.872499999998
2022-03-25 17:00:00,394.1425,22304.0025
2022-03-25 18:00:00,395.03499999999997,25962.725
2022-03-25 19:00:00,364.675,26977.142499999998
2022-03-25 20:00:00,355.48,26305.6425
2022-03-25 21:00:00,346.925,26039.88
2022-03-25 22:00:00,319.26750000000004,24498.7425
2022-03-25 23:00:00,321.235,26221.125
2022-03-26 00:00:00,300.8175,25537.5
2022-03-26 01:00:00,299.70500000000004,24220.4425
2022-03-26 02:00:00,292.91999999999996,24226.06
2022-03-26 03:00:00,272.2525,23706.8725
2022-03-26 04:00:00,289.3725,23859.0175
2022-03-26 05:00:00,352.03000000000003,25693.7525
2022-03-26 06:00:00,394.3675,25405.92
2022-03-26 07:00:00,383.515,19813.5875
2022-03-26 08:00:00,310.165,16309.9225
2022-03-26 09:00:00,135.515,15702.3375
2022-03-26 10:00:00,34.3125,15370.735
2022-03-26 11:00:00,18.8425,15697.72
2022-03-26 12:00:00,-48.4275,14702.2925
2022-03-26 13:00:00,41.800000000000004,15201.8325
2022-03-26 14:00:00,131.0675,15839.7275
2022-03-26 15:00:00,304.2375,17101.7125
2022-03-26 16:00:00,452.37,18993.5325
2022-03-26 17:00:00,553.96,21674.62
2022-03-26 18:00:00,612.72,25984.08
2022-03-26 19:00:00,536.53,27390.695
2022-03-26 20:00:00,498.93,27594.3075
2022-03-26 21:00:00,449.92,27977.42
2022-03-26 22:00:00,384.265,26950.9825
2022-03-26 23:00:00,365.59999999999997,29606.2175
2022-03-27 00:00:00,220.915,29473.875
2022-03-27 01:00:00,143.97250000000003,28601.8325
2022-03-27 02:00:00,88.89500000000001,28297.41
2022-03-27 03:00:00,49.712500000000006,28378.2925
2022-03-27 04:00:00,51.315000000000005,28285.88
2022-03-27 05:00:00,169.7575,29708.215
2022-03-27 06:00:00,243.91500000000002,29159.4825
2022-03-27 07:00:00,125.94500000000001,24340.517499999998
2022-03-27 08:00:00,-24.3375,21200.23
2022-03-27 09:00:00,-75.0,18498.21
2022-03-27 10:00:00,-80.0,18537.66
2022-03-27 11:00:00,-80.0,22333.2325
2022-03-27 12:00:00,-80.0,21446.5625
2022-03-27 13:00:00,-80.0,25482.535
2022-03-27 14:00:00,-41.75,27787.3975
2022-03-27 15:00:00,172.39000000000001,30337.71
2022-03-27 16:00:00,424.845,32625.7725
2022-03-27 17:00:00,689.525,34350.8275
2022-03-27 18:00:00,852.5450000000001,38003.1325
2022-03-27 19:00:00,839.235,38895.7625
2022-03-27 20:00:00,875.875,38322.4675
2022-03-27 21:00:00,771.1949999999999,38419.11
2022-03-27 22:00:00,615.1725,37516.8975
2022-03-27 23:00:00,599.705,38886.115
2022-03-28 00:00:00,640.835,38715.8225
2022-03-28 01:00:00,606.3900000000001,37359.435
2022-03-28 02:00:00,505.3075,35781.495
2022-03-28 03:00:00,417.2275,34577.270000000004
2022-03-28 04:00:00,389.8125,33901.555
2022-03-28 05:00:00,472.09749999999997,34085.582500000004
2022-03-28 06:00:00,575.3924999999999,30776.0
2022-03-28 07:00:00,457.7425,24693.2975
2022-03-28 08:00:00,300.1875,21501.6725
2022-03-28 09:00:00,28.004999999999995,16895.975
2022-03-28 10:00:00,-72.625,16137.914999999999
2022-03-28 11:00:00,-80.0,16063.725
2022-03-28 12:00:00,-80.0,15577.215
2022-03-28 13:00:00,-80.0,16200.7975
2022-03-28 14:00:00,-80.0,17245.875
2022-03-28 15:00:00,-65.0,18089.2925
2022-03-28 16:00:00,98.83500000000001,20936.36
2022-03-28 17:00:00,339.865,24908.39
2022-03-28 18:00:00,496.8125,27702.53
2022-03-28 19:00:00,438.215,28082.57
2022-03-28 20:00:00,408.9825,27090.65
2022-03-28 21:00:00,373.78,27104.6575
2022-03-28 22:00:00,320.62,25413.98
2022-03-28 23:00:00,332.6775,27024.3475
2022-03-29 00:00:00,269.7325,26358.14
2022-03-29 01:00:00,235.425,26024.85
2022-03-29 02:00:00,190.3975,25274.5625
2022-03-29 03:00:00,153.765,25209.8025
2022-03-29 04:00:00,160.5175,26692.7875
2022-03-29 05:00:00,248.3175,30259.5975
2022-03-29 06:00:00,297.3275,30646.9375
2022-03-29 07:00:00,231.855,26552.42
2022-03-29 08:00:00,76.6875,24934.315
2022-03-29 09:00:00,-51.7425,22075.585
2022-03-29 10:00:00,-80.0,21041.84
2022-03-29 11:00:00,-80.0,23664.45
2022-03-29 12:00:00,-80.0,21209.260000000002
2022-03-29 13:00:00,-80.0,22615.127500000002
2022-03-29 14:00:00,-80.0,24482.2975
2022-03-29 15:00:00,67.07499999999999,26698.4775
2022-03-29 16:00:00,258.105,30584.4025
2022-03-29 17:00:00,402.7825,31960.7175
2022-03-29 18:00:00,478.1225,33588.42
2022-03-29 19:00:00,429.18,33633.4825
2022-03-29 20:00:00,429.7225,33114.1225
2022-03-29 21:00:00,449.2975,32888.6525
2022-03-29 22:00:00,461.03999999999996,30811.3575
2022-03-29 23:00:00,575.2175,32396.565000000002
2022-03-30 00:00:00,597.625,32425.7625
2022-03-30 01:00:00,548.2,32669.462499999998
2022-03-30 02:00:00,502.515,32817.44
2022-03-30 03:00:00,483.77,33079.11
2022-03-30 04:00:00,470.2625,33572.442500000005
2022-03-30 05:00:00,528.47,36093.075
2022-03-30 06:00:00,559.3725,36998.37
2022-03-30 07:00:00,469.17249999999996,34609.4525
2022-03-30 08:00:00,378.3575,34686.53
2022-03-30 09:00:00,271.60249999999996,33806.4375
2022-03-30 10:00:00,171.54,33310.317500000005
2022-03-30 11:00:00,140.2725,33730.7775
2022-03-30 12:00:00,63.68,28473.6025
2022-03-30 13:00:00,77.405,27571.9075
2022-03-30 14:00:00,97.8825,26940.2625
2022-03-30 15:00:00,188.9175,28433.025
2022-03-30 16:00:00,289.615,31933.697500000002
2022-03-30 17:00:00,379.62,34057.775
2022-03-30 18:00:00,481.6675,36277.0875
2022-03-30 19:00:00,458.46750000000003,37175.7225
2022-03-30 20:00:00,485.9725,36563.75
2022-03-30 21:00:00,479.20000000000005,36342.5575
2022-03-30 22:00:00,418.85,34364.5725
2022-03-30 23:00:00,467.6675,34385.5025
2022-03-31 00:00:00,487.72,35494.307499999995
2022-03-31 01:00:00,457.22,35625.1925
2022-03-31 02:00:00,418.2575,35774.02250000001
2022-03-31 03:00:00,399.025,35648.965
2022-03-31 04:00:00,400.2125,35467.06
2022-03-31 05:00:00,454.7175,35728.95
2022-03-31 06:00:00,519.38,36443.45
2022-03-31 07:00:00,473.675,34038.25
2022-03-31 08:00:00,369.94,32078.5225
2022-03-31 09:00:00,209.6175,28398.5775
2022-03-31 10:00:00,90.4975,25078.447500000002
2022-03-31 11:00:00,9.75,24588.0875
2022-03-31 12:00:00,-62.21,20100.8975
2022-03-31 13:00:00,-65.0,19488.2925
2022-03-31 14:00:00,-33.0,18922.0425
2022-03-31 15:00:00,126.07499999999999,20883.3925
2022-03-31 16:00:00,295.65,25901.96
2022-03-31 17:00:00,427.885,30040.3675
2022-03-31 18:00:00,553.18,34336.9225
2022-03-31 19:00:00,517.495,34530.675
2022-03-31 20:00:00,529.4125,32588.7025
2022-03-31 21:00:00,521.7025000000001,31715.535
2022-03-31 22:00:00,446.08000000000004,28704.4575
2022-03-31 23:00:00,479.4825,29857.67
2022-04-01 00:00:00,433.045,29476.5475
2022-04-01 01:00:00,401.07500000000005,28279.585
2022-04-01 02:00:00,393.56,27043.8425
2022-04-01 03:00:00,390.72,26721.745
2022-04-01 04:00:00,396.2825,26079.2075
2022-04-01 05:00:00,453.22249999999997,27650.225
2022-04-01 06:00:00,471.0575,28480.585
2022-04-01 07:00:00,407.84749999999997,25032.255
2022-04-01 08:00:00,284.1775,22725.98
2022-04-01 09:00:00,66.84,20022.155
2022-04-01 10:00:00,-58.55,19847.16
2022-04-01 11:00:00,-63.3425,22518.8525
2022-04-01 12:00:00,-74.44749999999999,19205.47
2022-04-01 13:00:00,-80.0,21579.605
2022-04-01 14:00:00,-80.0,23151.425
2022-04-01 15:00:00,118.60000000000001,25069.7725
2022-04-01 16:00:00,303.825,28943.285
2022-04-01 17:00:00,413.4225,32102.675
2022-04-01 18:00:00,513.9875,34399.9975
2022-04-01 19:00:00,463.1275,35088.2
2022-04-01 20:00:00,443.05,35252.369999999995
2022-04-01 21:00:00,418.8675,35261.7225
2022-04-01 22:00:00,379.195,34187.6225
2022-04-01 23:00:00,394.29999999999995,36223.58
2022-04-02 00:00:00,416.475,36290.4475
2022-04-02 01:00:00,413.4875,35403.385
2022-04-02 02:00:00,405.525,34414.395000000004
2022-04-02 03:00:00,392.9475,33328.42
2022-04-02 04:00:00,405.4475,32602.1075
2022-04-02 05:00:00,504.7925,33686.619999999995
2022-04-02 06:00:00,525.8825,33878.09
2022-04-02 07:00:00,461.75,31102.9425
2022-04-02 08:00:00,365.85,29736.9675
2022-04-02 09:00:00,199.27,28319.3475
2022-04-02 10:00:00,69.92,28271.15
2022-04-02 11:00:00,26.0475,31062.38
2022-04-02 12:00:00,-54.86,30210.7425
2022-04-02 13:00:00,-10.535,33807.8325
2022-04-02 14:00:00,33.582499999999996,34458.6275
2022-04-02 15:00:00,190.0675,34347.925
2022-04-02 16:00:00,342.7625,34964.542499999996
2022-04-02 17:00:00,513.685,34990.235
2022-04-02 18:00:00,601.005,35623.71
2022-04-02 19:00:00,564.095,36177.015
2022-04-02 20:00:00,558.3025,36425.48
2022-04-02 21:00:00,591.855,37161.765
2022-04-02 22:00:00,525.1125,36516.96
2022-04-02 23:00:00,554.855,38725.3325
2022-04-03 00:00:00,435.155,38380.32
2022-04-03 01:00:00,389.185,37458.2775
2022-04-03 02:00:00,383.8325,36264.295
2022-04-03 03:00:00,377.945,34855.82
2022-04-03 04:00:00,376.2425,34817.3725
2022-04-03 05:00:00,387.89,35687.365
2022-04-03 06:00:00,382.0,35542.0625
2022-04-03 07:00:00,362.53,31315.1175
2022-04-03 08:00:00,299.7925,28608.34
2022-04-03 09:00:00,57.945,26760.84
2022-04-03 10:00:00,-64.075,27172.8775
2022-04-03 11:00:00,-65.0,29323.1625
2022-04-03 12:00:00,-75.0,25963.1975
2022-04-03 13:00:00,-80.0,27268.305
2022-04-03 14:00:00,-80.0,27329.645
2022-04-03 15:00:00,60.332499999999996,28482.8075
2022-04-03 16:00:00,269.57500000000005,32216.6125
2022-04-03 17:00:00,351.5175,34290.33
2022-04-03 18:00:00,368.0475,37110.4525
2022-04-03 19:00:00,358.96500000000003,38223.8625
2022-04-03 20:00:00,351.095,38218.8625
2022-04-03 21:00:00,339.0775,38385.74
2022-04-03 22:00:00,312.21,36909.29
2022-04-03 23:00:00,328.4475,38702.46
2022-04-04 00:00:00,344.3475,38052.9225
2022-04-04 01:00:00,361.125,36947.6
2022-04-04 02:00:00,348.28999999999996,35613.39
2022-04-04 03:00:00,327.1625,34913.1125
2022-04-04 04:00:00,329.2925,34166.22
2022-04-04 05:00:00,374.69,34201.207500000004
2022-04-04 06:00:00,369.2125,31147.2175
2022-04-04 07:00:00,238.5675,27111.11
2022-04-04 08:00:00,9.892500000000002,25487.739999999998
2022-04-04 09:00:00,-73.1375,22157.6725
2022-04-04 10:00:00,-80.0,22123.2725
2022-04-04 11:00:00,-80.0,25895.1425
2022-04-04 12:00:00,-80.0,21948.685
2022-04-04 13:00:00,-80.0,22454.3275
2022-04-04 14:00:00,-80.0,21400.9975
2022-04-04 15:00:00,-80.0,22444.66
2022-04-04 16:00:00,-37.0625,26188.72
2022-04-04 17:00:00,225.15500000000003,29500.27
2022-04-04 18:00:00,388.8725,33207.2525
2022-04-04 19:00:00,374.7625,34071.17
2022-04-04 20:00:00,367.52250000000004,32520.875
2022-04-04 21:00:00,348.09499999999997,32088.905
2022-04-04 22:00:00,314.0125,29753.73
2022-04-04 23:00:00,366.8875,30458.4125
2022-04-05 00:00:00,287.6825,29983.0925
2022-04-05 01:00:00,239.1775,30118.0175
2022-04-05 02:00:00,192.71499999999997,28098.74
2022-04-05 03:00:00,150.855,26342.3475
2022-04-05 04:00:00,179.89249999999998,25737.89
2022-04-05 05:00:00,280.2675,26347.4675
2022-04-05 06:00:00,282.8125,24994.317499999997
2022-04-05 07:00:00,101.1075,20481.8575
2022-04-05 08:00:00,-49.125,15681.7
2022-04-05 09:00:00,-80.0,15061.595
2022-04-05 10:00:00,-80.0,15316.73
2022-04-05 11:00:00,-80.0,15551.885
2022-04-05 12:00:00,-80.0,14439.1675
2022-04-05 13:00:00,-80.0,14811.8625
2022-04-05 14:00:00,-80.0,15921.985
2022-04-05 15:00:00,-80.0,17250.05
2022-04-05 16:00:00,60.1825,20019.1675
2022-04-05 17:00:00,300.605,26631.085
2022-04-05 18:00:00,439.2925,32540.21
2022-04-05 19:00:00,463.31,34637.635
2022-04-05 20:00:00,466.0725,33916.84
2022-04-05 21:00:00,445.23,33806.2175
2022-04-05 22:00:00,413.875,31895.89
2022-04-05 23:00:00,489.65500000000003,33085.5175
2022-04-06 00:00:00,422.52,33066.39
2022-04-06 01:00:00,345.5825,33064.1775
2022-04-06 02:00:00,302.915,32879.4475
2022-04-06 03:00:00,260.18,32334.2275
2022-04-06 04:00:00,253.0275,32684.7225
2022-04-06 05:00:00,336.375,34306.91
2022-04-06 06:00:00,366.755,33437.7175
2022-04-06 07:00:00,300.2325,28412.04
2022-04-06 08:00:00,152.54500000000002,23983.6575
2022-04-06 09:00:00,-32.295,19573.212499999998
2022-04-06 10:00:00,-80.0,17352.1025
2022-04-06 11:00:00,-40.79,18296.82
2022-04-06 12:00:00,-66.93,16569.2175
2022-04-06 13:00:00,-0.9049999999999994,17594.575
2022-04-06 14:00:00,71.2625,18497.25
2022-04-06 15:00:00,203.8675,21558.725
2022-04-06 16:00:00,336.1,27282.4125
2022-04-06 17:00:00,485.01,33088.46
2022-04-06 18:00:00,723.5975,35854.6025
2022-04-06 19:00:00,713.1025,35457.955
2022-04-06 20:00:00,686.41,33826.5175
2022-04-06 21:00:00,685.4225,32039.3475
2022-04-06 22:00:00,586.48,29142.7025
2022-04-06 23:00:00,897.3175,28888.905
2022-04-07 00:00:00,777.5625,27540.795
2022-04-07 01:00:00,662.9625,25990.795
2022-04-07 02:00:00,615.1375,24932.695
2022-04-07 03:00:00,588.49,24474.325
2022-04-07 04:00:00,591.0175,24873.2975
2022-04-07 05:00:00,614.755,26795.9625
2022-04-07 06:00:00,596.8275,25644.5625
2022-04-07 07:00:00,500.9425,20945.97
2022-04-07 08:00:00,304.6375,17164.895
2022-04-07 09:00:00,75.23,15400.405
2022-04-07 10:00:00,-55.667500000000004,14905.695
2022-04-07 11:00:00,-42.3125,15070.5375
2022-04-07 12:00:00,-67.4375,14547.23
2022-04-07 13:00:00,-62.105000000000004,15295.32
2022-04-07 14:00:00,-57.2425,16411.785
2022-04-07 15:00:00,80.2175,17913.84
2022-04-07 16:00:00,305.83000000000004,18959.75
2022-04-07 17:00:00,454.31,22811.8225
2022-04-07 18:00:00,558.4124999999999,26682.105
2022-04-07 19:00:00,536.86,27745.6825
2022-04-07 20:00:00,516.1624999999999,26654.302499999998
2022-04-07 21:00:00,456.4,25971.48
2022-04-07 22:00:00,366.28999999999996,24157.28
2022-04-07 23:00:00,365.7625,24998.255
2022-04-08 00:00:00,407.67999999999995,24084.8725
2022-04-08 01:00:00,445.13,22815.555
2022-04-08 02:00:00,426.4425,21919.4225
2022-04-08 03:00:00,395.35249999999996,21299.625
2022-04-08 04:00:00,386.455,21583.065000000002
2022-04-08 05:00:00,456.67,23790.7325
2022-04-08 06:00:00,453.32500000000005,22995.2025
2022-04-08 07:00:00,316.7,19032.785
2022-04-08 08:00:00,103.23249999999999,16373.7025
2022-04-08 09:00:00,-48.435,13604.8875
2022-04-08 10:00:00,-80.0,13476.6375
2022-04-08 11:00:00,-80.0,13419.8675
2022-04-08 12:00:00,-80.0,13283.61
2022-04-08 13:00:00,-80.0,14116.015
2022-04-08 14:00:00,-80.0,14564.625
2022-04-08 15:00:00,-61.0625,15371.4775
2022-04-08 16:00:00,94.08,17467.8425
2022-04-08 17:00:00,321.38,22268.315000000002
2022-04-08 18:00:00,477.5175,25839.13
2022-04-08 19:00:00,456.12,27359.6875
2022-04-08 20:00:00,411.72249999999997,26721.6725
2022-04-08 21:00:00,352.90999999999997,25936.95
2022-04-08 22:00:00,279.36249999999995,23822.905
2022-04-08 23:00:00,330.165,25017.975
2022-04-09 00:00:00,305.855,24060.8675
2022-04-09 01:00:00,251.8025,23208.4625
2022-04-09 02:00:00,210.2925,22664.715
2022-04-09 03:00:00,180.3375,21826.8825
2022-04-09 04:00:00,194.565,22090.989999999998
2022-04-09 05:00:00,290.52750000000003,24878.995
2022-04-09 06:00:00,268.355,24601.285
2022-04-09 07:00:00,134.4625,19301.1975
2022-04-09 08:00:00,0.5724999999999998,15596.65
2022-04-09 09:00:00,-67.775,13614.7575
2022-04-09 10:00:00,-80.0,13720.595000000001
2022-04-09 11:00:00,-80.0,14332.82
2022-04-09 12:00:00,-80.0,13655.1325
2022-04-09 13:00:00,-80.0,14972.025000000001
2022-04-09 14:00:00,-80.0,15301.115
2022-04-09 15:00:00,-57.5,15782.885
2022-04-09 16:00:00,101.89000000000001,18839.36
2022-04-09 17:00:00,295.5,23278.364999999998
2022-04-09 18:00:00,374.375,26439.5625
2022-04-09 19:00:00,344.955,27411.2725
2022-04-09 20:00:00,342.6,26707.3175
2022-04-09 21:00:00,314.1325,27440.4
2022-04-09 22:00:00,241.945,26470.82
2022-04-09 23:00:00,290.1725,28900.485
2022-04-10 00:00:00,306.77250000000004,27755.114999999998
2022-04-10 01:00:00,269.27000000000004,27162.2975
2022-04-10 02:00:00,211.1725,26610.655
2022-04-10 03:00:00,183.41750000000002,26330.4325
2022-04-10 04:00:00,190.3275,26741.2175
2022-04-10 05:00:00,277.46750000000003,29523.4675
2022-04-10 06:00:00,243.145,30969.1675
2022-04-10 07:00:00,82.02250000000001,29243.5075
2022-04-10 08:00:00,-51.195,28149.43
2022-04-10 09:00:00,-80.0,24099.63
2022-04-10 10:00:00,-80.0,21940.32
2022-04-10 11:00:00,-80.0,21877.6525
2022-04-10 12:00:00,-80.0,16674.197500000002
2022-04-10 13:00:00,-80.0,17066.1
2022-04-10 14:00:00,-80.0,17913.8625
2022-04-10 15:00:00,-80.0,20382.3125
2022-04-10 16:00:00,-33.5,24469.0925
2022-04-10 17:00:00,133.035,27892.505
2022-04-10 18:00:00,274.15250000000003,30550.15
2022-04-10 19:00:00,271.98,32865.66
2022-04-10 20:00:00,288.7475,34202.0275
2022-04-10 21:00:00,278.4925,35241.2775
2022-04-10 22:00:00,236.71499999999997,34039.035
2022-04-10 23:00:00,292.5475,34536.567500000005
2022-04-11 00:00:00,270.905,35458.7375
2022-04-11 01:00:00,193.92249999999999,34031.2325
2022-04-11 02:00:00,142.8775,32169.985
2022-04-11 03:00:00,115.635,30425.8
2022-04-11 04:00:00,152.6625,29673.215
2022-04-11 05:00:00,305.0075,30808.0875
2022-04-11 06:00:00,333.32500000000005,30373.6175
2022-04-11 07:00:00,274.9425,27315.9475
2022-04-11 08:00:00,93.46249999999999,25927.2325
2022-04-11 09:00:00,-50.3,22180.3425
2022-04-11 10:00:00,-80.0,20922.095
2022-04-11 11:00:00,-80.0,23895.7375
2022-04-11 12:00:00,-80.0,23871.1775
2022-04-11 13:00:00,-80.0,27568.9875
2022-04-11 14:00:00,-80.0,29633.495
2022-04-11 15:00:00,5.095000000000001,30553.545
2022-04-11 16:00:00,202.1275,33603.4225
2022-04-11 17:00:00,377.09000000000003,35893.92
2022-04-11 18:00:00,511.2900000000001,37245.135
2022-04-11 19:00:00,473.1625,37676.525
2022-04-11 20:00:00,499.5225,37816.6475
2022-04-11 21:00:00,493.595,38575.604999999996
2022-04-11 22:00:00,430.04,37625.01
2022-04-11 23:00:00,517.49,39789.84
2022-04-12 00:00:00,540.4425,39897.1
2022-04-12 01:00:00,459.335,38822.265
2022-04-12 02:00:00,388.755,37685.265
2022-04-12 03:00:00,336.8125,37546.207500000004
2022-04-12 04:00:00,303.8725,37631.2975
2022-04-12 05:00:00,344.25,38858.905
2022-04-12 06:00:00,330.67499999999995,38594.59
2022-04-12 07:00:00,293.975,36820.705
2022-04-12 08:00:00,271.875,36572.625
2022-04-12 09:00:00,203.7575,34315.8075
2022-04-12 10:00:00,213.77749999999997,33377.215000000004
2022-04-12 11:00:00,312.1825,36469.545
2022-04-12 12:00:00,270.6125,33658.475
2022-04-12 13:00:00,271.745,34789.68
2022-04-12 14:00:00,229.84,34713.89
2022-04-12 15:00:00,270.3225,34639.2025
2022-04-12 16:00:00,355.69,36270.83
2022-04-12 17:00:00,448.2525,37378.8575
2022-04-12 18:00:00,537.4024999999999,38459.1
2022-04-12 19:00:00,522.66,39286.2525
2022-04-12 20:00:00,525.1575,39699.457500000004
2022-04-12 21:00:00,532.4749999999999,39648.152500000004
2022-04-12 22:00:00,493.56,38285.6075
2022-04-12 23:00:00,576.1175,40211.615
2022-04-13 00:00:00,537.0775,38781.3125
2022-04-13 01:00:00,471.0675,37734.615
2022-04-13 02:00:00,426.3725,36622.5675
2022-04-13 03:00:00,395.0075,35838.69
2022-04-13 04:00:00,386.3225,36289.7975
2022-04-13 05:00:00,451.945,38366.009999999995
2022-04-13 06:00:00,451.71,38513.75
2022-04-13 07:00:00,367.4575,35867.575
2022-04-13 08:00:00,256.59,36483.13
2022-04-13 09:00:00,90.3875,36297.3925
2022-04-13 10:00:00,26.07,36941.2
2022-04-13 11:00:00,43.9775,39068.2075
2022-04-13 12:00:00,-14.3775,36429.685
2022-04-13 13:00:00,27.400000000000002,38815.3425
2022-04-13 14:00:00,38.05,38868.405
2022-04-13 15:00:00,134.835,39645.6825
2022-04-13 16:00:00,308.09499999999997,41044.525
2022-04-13 17:00:00,443.95,41509.6025
2022-04-13 18:00:00,546.0225,41642.5775
2022-04-13 19:00:00,546.61,41781.675
2022-04-13 20:00:00,541.1925,41637.8125
2022-04-13 21:00:00,546.5225,41163.455
2022-04-13 22:00:00,521.0600000000001,39579.625
2022-04-13 23:00:00,613.5,41490.5675
2022-04-14 00:00:00,720.9975,41034.5775
2022-04-14 01:00:00,747.8625,40309.369999999995
2022-04-14 02:00:00,622.8925,39282.270000000004
2022-04-14 03:00:00,527.4375,38524.0475
2022-04-14 04:00:00,504.1675,38348.29
2022-04-14 05:00:00,656.7625,40297.3025
2022-04-14 06:00:00,601.2275,40788.8525
2022-04-14 07:00:00,434.71500000000003,38478.3975
2022-04-14 08:00:00,325.15250000000003,38757.65
2022-04-14 09:00:00,167.9,36834.545
2022-04-14 10:00:00,85.7975,35641.755
2022-04-14 11:00:00,124.19,36055.1625
2022-04-14 12:00:00,76.1125,32524.83
2022-04-14 13:00:00,120.0225,34421.020000000004
2022-04-14 14:00:00,135.91750000000002,35507.7425
2022-04-14 15:00:00,248.14750000000004,35632.3125
2022-04-14 16:00:00,374.7425,36763.9525
2022-04-14 17:00:00,507.735,37820.667499999996
2022-04-14 18:00:00,585.7375,39532.3525
2022-04-14 19:00:00,557.49,40867.682499999995
2022-04-14 20:00:00,538.9125,41127.770000000004
2022-04-14 21:00:00,538.6700000000001,41302.405
2022-04-14 22:00:00,491.5875,39953.8775
2022-04-14 23:00:00,536.3299999999999,42038.655
2022-04-15 00:00:00,478.8425,41660.1175
2022-04-15 01:00:00,397.435,41054.715
2022-04-15 02:00:00,334.29,40094.425
2022-04-15 03:00:00,302.88,39505.14
2022-04-15 04:00:00,296.53,39382.3125
2022-04-15 05:00:00,348.015,41267.37
2022-04-15 06:00:00,332.84,40522.7525
2022-04-15 07:00:00,233.58249999999998,36379.285
2022-04-15 08:00:00,87.1,35987.145
2022-04-15 09:00:00,-47.975,33764.045
2022-04-15 10:00:00,-80.0,33157.9925
2022-04-15 11:00:00,-80.0,34522.9475
2022-04-15 12:00:00,-80.0,30291.945
2022-04-15 13:00:00,-80.0,31593.3975
2022-04-15 14:00:00,-71.1875,32989.4525
2022-04-15 15:00:00,57.2775,33996.380000000005
2022-04-15 16:00:00,247.1475,36682.7675
2022-04-15 17:00:00,415.77750000000003,38583.0875
2022-04-15 18:00:00,591.875,40157.065
2022-04-15 19:00:00,640.7774999999999,41680.1675
2022-04-15 20:00:00,649.415,41843.542499999996
2022-04-15 21:00:00,623.4925,42080.2075
2022-04-15 22:00:00,591.835,39936.2325
2022-04-15 23:00:00,771.34,41312.0175
2022-04-16 00:00:00,651.1575,40992.5575
2022-04-16 01:00:00,544.2875,39982.895000000004
2022-04-16 02:00:00,504.1075,38694.7125
2022-04-16 03:00:00,483.305,38034.707500000004
2022-04-16 04:00:00,495.22499999999997,37806.36
2022-04-16 05:00:00,616.855,39085.14
2022-04-16 06:00:00,562.4075,38264.145000000004
2022-04-16 07:00:00,408.77500000000003,35240.302500000005
2022-04-16 08:00:00,244.20000000000002,35136.630000000005
2022-04-16 09:00:00,34.0525,32262.81
2022-04-16 10:00:00,-65.5625,30748.11
2022-04-16 11:00:00,-62.5025,30990.715
2022-04-16 12:00:00,-74.1675,28655.2575
2022-04-16 13:00:00,-60.6875,31612.58
2022-04-16 14:00:00,-37.375,32916.115
2022-04-16 15:00:00,125.67500000000001,33752.3875
2022-04-16 16:00:00,332.9125,37063.6125
2022-04-16 17:00:00,487.32500000000005,38366.39
2022-04-16 18:00:00,576.53,39443.0275
2022-04-16 19:00:00,531.195,39707.0075
2022-04-16 20:00:00,496.45,39571.66
2022-04-16 21:00:00,477.45,39602.515
2022-04-16 22:00:00,442.2075,37620.425
2022-04-16 23:00:00,473.96500000000003,39279.5275
2022-04-17 00:00:00,493.90749999999997,40026.3275
2022-04-17 01:00:00,487.62,39739.945
2022-04-17 02:00:00,467.34000000000003,38588.4125
2022-04-17 03:00:00,454.48,37700.832500000004
2022-04-17 04:00:00,482.6875,37378.285
2022-04-17 05:00:00,573.6525,38460.6975
2022-04-17 06:00:00,529.825,38108.4275
2022-04-17 07:00:00,373.115,35474.07
2022-04-17 08:00:00,192.3825,35079.565
2022-04-17 09:00:00,-3.3924999999999983,31469.8525
2022-04-17 10:00:00,-73.375,28763.995
2022-04-17 11:00:00,-80.0,28110.3625
2022-04-17 12:00:00,-80.0,23936.567499999997
2022-04-17 13:00:00,-59.5625,22448.739999999998
2022-04-17 14:00:00,-2.5749999999999997,22527.49
2022-04-17 15:00:00,165.125,24039.34
2022-04-17 16:00:00,345.5,28772.1525
2022-04-17 17:00:00,461.72749999999996,33554.3075
2022-04-17 18:00:00,521.03,37038.96
2022-04-17 19:00:00,514.5275,38829.6775
2022-04-17 20:00:00,515.1225000000001,39087.957500000004
2022-04-17 21:00:00,505.79,39367.03
2022-04-17 22:00:00,467.095,37455.1475
2022-04-17 23:00:00,516.4625,37805.475
2022-04-18 00:00:00,430.6275,36697.6425
2022-04-18 01:00:00,394.31,35799.8275
2022-04-18 02:00:00,391.67499999999995,34767.7175
2022-04-18 03:00:00,392.9925,34664.965
2022-04-18 04:00:00,404.8125,34645.155
2022-04-18 05:00:00,439.1875,36893.775
2022-04-18 06:00:00,432.1825,36923.75
2022-04-18 07:00:00,397.19,34986.965000000004
2022-04-18 08:00:00,356.825,35360.32
2022-04-18 09:00:00,296.9925,33510.745
2022-04-18 10:00:00,247.98999999999998,30033.5375
2022-04-18 11:00:00,251.0075,30081.1725
2022-04-18 12:00:00,173.24,27515.25
2022-04-18 13:00:00,213.34,29146.3625
2022-04-18 14:00:00,232.6125,29369.985
2022-04-18 15:00:00,289.73749999999995,31111.545
2022-04-18 16:00:00,341.15,34038.435
2022-04-18 17:00:00,380.9425,36464.585
2022-04-18 18:00:00,419.27,38830.3825
2022-04-18 19:00:00,415.865,40396.825
2022-04-18 20:00:00,418.1125,40492.152500000004
2022-04-18 21:00:00,418.575,40297.4125
2022-04-18 22:00:00,411.6475,38635.4625
2022-04-18 23:00:00,441.71999999999997,39565.96
2022-04-19 00:00:00,707.8625,38556.7675
2022-04-19 01:00:00,733.9300000000001,37524.6425
2022-04-19 02:00:00,657.9075,36433.865
2022-04-19 03:00:00,598.9825000000001,35990.045
2022-04-19 04:00:00,599.22,36389.455
2022-04-19 05:00:00,777.835,38255.475
2022-04-19 06:00:00,654.8774999999999,36060.8575
2022-04-19 07:00:00,456.58,30145.2025
2022-04-19 08:00:00,260.575,25987.785
2022-04-19 09:00:00,56.475,21613.6525
2022-04-19 10:00:00,-56.345,19027.18
2022-04-19 11:00:00,-56.910000000000004,19912.39
2022-04-19 12:00:00,-70.0925,18673.695
2022-04-19 13:00:00,-44.3,19979.7175
2022-04-19 14:00:00,-26.9375,20980.260000000002
2022-04-19 15:00:00,118.08,22978.65
2022-04-19 16:00:00,318.1725,27375.4525
2022-04-19 17:00:00,452.9625,32552.275
2022-04-19 18:00:00,512.105,35115.695
2022-04-19 19:00:00,481.3225,35858.265
2022-04-19 20:00:00,461.6375,34375.465
2022-04-19 21:00:00,407.3225,32485.96
2022-04-19 22:00:00,326.41499999999996,28933.705
2022-04-19 23:00:00,355.4125,30730.8425
2022-04-20 00:00:00,504.1975,30145.8375
2022-04-20 01:00:00,512.115,29160.28
2022-04-20 02:00:00,461.77,27984.454999999998
2022-04-20 03:00:00,438.875,27665.41
2022-04-20 04:00:00,468.2975,28725.1475
2022-04-20 05:00:00,632.7775,31956.695
2022-04-20 06:00:00,587.7575,32723.1575
2022-04-20 07:00:00,425.58750000000003,29473.525
2022-04-20 08:00:00,222.15500000000003,27831.35
2022-04-20 09:00:00,-17.799999999999997,23934.8525
2022-04-20 10:00:00,-80.0,21473.735
2022-04-20 11:00:00,-80.0,22050.1375
2022-04-20 12:00:00,-80.0,19817.535
2022-04-20 13:00:00,-80.0,22143.775
2022-04-20 14:00:00,-80.0,24883.39
2022-04-20 15:00:00,-18.0425,27339.4975
2022-04-20 16:00:00,200.5275,31291.6675
2022-04-20 17:00:00,419.6875,35862.49
2022-04-20 18:00:00,518.7125000000001,39389.1975
2022-04-20 19:00:00,472.225,40752.3725
2022-04-20 20:00:00,501.455,40264.0675
2022-04-20 21:00:00,462.4,39510.5075
2022-04-20 22:00:00,399.0,36784.71
2022-04-20 23:00:00,501.3675,37164.9375
2022-04-21 00:00:00,423.1775,36223.0575
2022-04-21 01:00:00,342.83,35284.369999999995
2022-04-21 02:00:00,310.3675,33972.8525
2022-04-21 03:00:00,299.5325,32895.5075
2022-04-21 04:00:00,318.5725,32912.0725
2022-04-21 05:00:00,436.3925,34735.5325
2022-04-21 06:00:00,378.41499999999996,33295.9225
2022-04-21 07:00:00,137.975,27348.51
2022-04-21 08:00:00,-42.905,25453.725000000002
2022-04-21 09:00:00,-80.0,22049.872499999998
2022-04-21 10:00:00,-80.0,20169.84
2022-04-21 11:00:00,-80.0,21308.715
2022-04-21 12:00:00,-80.0,18247.1
2022-04-21 13:00:00,-80.0,18775.25
2022-04-21 14:00:00,-80.0,18684.435
2022-04-21 15:00:00,-58.685,20284.9725
2022-04-21 16:00:00,137.39749999999998,24236.497499999998
2022-04-21 17:00:00,348.1925,27964.9025
2022-04-21 18:00:00,486.0575,30939.6575
2022-04-21 19:00:00,501.0025,32020.955
2022-04-21 20:00:00,515.4525,31100.86
2022-04-21 21:00:00,513.3625,30271.4525
2022-04-21 22:00:00,471.145,28619.920000000002
2022-04-21 23:00:00,591.895,30822.5475
2022-04-22 00:00:00,485.10249999999996,31146.989999999998
2022-04-22 01:00:00,422.36,30991.815000000002
2022-04-22 02:00:00,415.5025,31671.535
2022-04-22 03:00:00,413.2,31526.6675
2022-04-22 04:00:00,412.185,32230.247499999998
2022-04-22 05:00:00,461.5225,35114.8
2022-04-22 06:00:00,449.125,35334.104999999996
2022-04-22 07:00:00,313.73,31130.1875
2022-04-22 08:00:00,162.385,28560.105
2022-04-22 09:00:00,58.905,25149.98
2022-04-22 10:00:00,42.2025,22965.537500000002
2022-04-22 11:00:00,101.3575,22787.465
2022-04-22 12:00:00,78.1275,20851.8575
2022-04-22 13:00:00,199.0275,23417.3225
2022-04-22 14:00:00,266.5675,27339.61
2022-04-22 15:00:00,366.78,31877.63
2022-04-22 16:00:00,432.6675,37616.042499999996
2022-04-22 17:00:00,471.8325,41211.1
2022-04-22 18:00:00,538.9449999999999,43301.51
2022-04-22 19:00:00,564.2674999999999,44658.8725
2022-04-22 20:00:00,537.305,44987.2375
2022-04-22 21:00:00,510.235,45217.575
2022-04-22 22:00:00,483.145,42882.292499999996
2022-04-22 23:00:00,512.2,43318.2275
2022-04-23 00:00:00,605.3025,43415.740000000005
2022-04-23 01:00:00,625.48,43090.6125
2022-04-23 02:00:00,598.0225,42168.9075
2022-04-23 03:00:00,541.4275,41533.7225
2022-04-23 04:00:00,503.58,41667.025
2022-04-23 05:00:00,566.5274999999999,44008.74
2022-04-23 06:00:00,517.7275,43496.17
2022-04-23 07:00:00,380.2375,38484.15
2022-04-23 08:00:00,162.10750000000002,36633.6375
2022-04-23 09:00:00,-34.5,33722.869999999995
2022-04-23 10:00:00,-80.0,31963.295
2022-04-23 11:00:00,-80.0,32479.005
2022-04-23 12:00:00,-80.0,29585.08
2022-04-23 13:00:00,-80.0,30886.21
2022-04-23 14:00:00,-80.0,32584.142499999998
2022-04-23 15:00:00,-10.1225,34980.2125
2022-04-23 16:00:00,209.955,38442.6975
2022-04-23 17:00:00,372.7425,40842.215
2022-04-23 18:00:00,430.90999999999997,42191.0475
2022-04-23 19:00:00,419.7525,42075.1525
2022-04-23 20:00:00,433.99,41923.479999999996
2022-04-23 21:00:00,408.11,42082.62
2022-04-23 22:00:00,355.11,40702.035
2022-04-23 23:00:00,403.6325,42309.2375
2022-04-24 00:00:00,376.9375,42561.072499999995
2022-04-24 01:00:00,336.03999999999996,42394.5625
2022-04-24 02:00:00,313.995,41922.625
2022-04-24 03:00:00,307.225,40643.04
2022-04-24 04:00:00,342.4525,40057.774999999994
2022-04-24 05:00:00,495.725,42357.7725
2022-04-24 06:00:00,494.20500000000004,42074.32
2022-04-24 07:00:00,379.2475,37069.965
2022-04-24 08:00:00,277.93,34736.9225
2022-04-24 09:00:00,121.1425,30998.6025
2022-04-24 10:00:00,56.0125,28671.25
2022-04-24 11:00:00,92.8475,28793.8325
2022-04-24 12:00:00,22.9875,26426.63
2022-04-24 13:00:00,133.54000000000002,29274.325
2022-04-24 14:00:00,204.4075,32320.11
2022-04-24 15:00:00,309.28,35940.692500000005
2022-04-24 16:00:00,390.88750000000005,40444.26
2022-04-24 17:00:00,458.45500000000004,42517.2275
2022-04-24 18:00:00,489.2825,43893.285
2022-04-24 19:00:00,468.62,44909.16
2022-04-24 20:00:00,452.4975,44059.1975
2022-04-24 21:00:00,453.635,43511.7925
2022-04-24 22:00:00,418.3,41714.932499999995
2022-04-24 23:00:00,489.29999999999995,41987.255
2022-04-25 00:00:00,464.4325,40788.7
2022-04-25 01:00:00,442.87249999999995,39907.945
2022-04-25 02:00:00,438.62,38794.479999999996
2022-04-25 03:00:00,436.0,37913.055
2022-04-25 04:00:00,453.74249999999995,38061.8675
2022-04-25 05:00:00,509.28749999999997,39579.9875
2022-04-25 06:00:00,484.9175,37838.604999999996
2022-04-25 07:00:00,439.7625,33220.01
2022-04-25 08:00:00,405.34000000000003,30277.177499999998
2022-04-25 09:00:00,357.305,25932.48
2022-04-25 10:00:00,349.83000000000004,23202.0575
2022-04-25 11:00:00,384.5425,23849.7375
2022-04-25 12:00:00,347.96999999999997,22178.33
2022-04-25 13:00:00,346.78000000000003,23757.41
2022-04-25 14:00:00,320.61,25747.48
2022-04-25 15:00:00,336.9975,29194.2825
2022-04-25 16:00:00,362.3275,33984.417499999996
2022-04-25 17:00:00,393.5625,37973.7525
2022-04-25 18:00:00,425.0625,40106.6975
2022-04-25 19:00:00,434.9875,40523.729999999996
2022-04-25 20:00:00,443.3775,39817.0525
2022-04-25 21:00:00,446.9625,39791.4075
2022-04-25 22:00:00,439.5775,37763.6975
2022-04-25 23:00:00,473.375,37649.025
2022-04-26 00:00:00,556.2475000000001,36736.740000000005
2022-04-26 01:00:00,560.6975,36476.9
2022-04-26 02:00:00,549.7975,35495.8075
2022-04-26 03:00:00,549.76,34911.86
2022-04-26 04:00:00,608.75,35740.0775
2022-04-26 05:00:00,729.1025,37681.0
2022-04-26 06:00:00,609.2475000000001,35784.072499999995
2022-04-26 07:00:00,486.765,31123.4675
2022-04-26 08:00:00,341.88,27859.7275
2022-04-26 09:00:00,90.655,23572.8725
2022-04-26 10:00:00,-54.9075,21521.8975
2022-04-26 11:00:00,-65.0,23370.97
2022-04-26 12:00:00,-76.635,22206.225
2022-04-26 13:00:00,-80.545,23716.0975
2022-04-26 14:00:00,-80.0,26090.395
2022-04-26 15:00:00,62.2675,30267.725
2022-04-26 16:00:00,256.24,35294.0375
2022-04-26 17:00:00,407.765,38827.575
2022-04-26 18:00:00,481.6125,41205.1225
2022-04-26 19:00:00,477.0375,42549.7725
2022-04-26 20:00:00,472.8575,42588.17
2022-04-26 21:00:00,470.6275,42121.5525
2022-04-26 22:00:00,443.6425,39974.8475
2022-04-26 23:00:00,468.7625,40288.307499999995
2022-04-27 00:00:00,477.6075,39710.212499999994
2022-04-27 01:00:00,435.415,38608.4075
2022-04-27 02:00:00,390.03,37869.8525
2022-04-27 03:00:00,352.97249999999997,37499.19
2022-04-27 04:00:00,355.245,38671.5875
2022-04-27 05:00:00,443.565,42253.7125
2022-04-27 06:00:00,427.41499999999996,42091.585
2022-04-27 07:00:00,270.4975,37422.185
2022-04-27 08:00:00,95.1325,35920.6025
2022-04-27 09:00:00,-46.8825,33463.6725
2022-04-27 10:00:00,-80.0,31341.4575
2022-04-27 11:00:00,-37.775,31144.2625
2022-04-27 12:00:00,-65.925,28127.91
2022-04-27 13:00:00,19.5175,29540.525
2022-04-27 14:00:00,65.65,32071.255
2022-04-27 15:00:00,212.6875,34950.9
2022-04-27 16:00:00,351.9625,38242.479999999996
2022-04-27 17:00:00,480.79499999999996,40721.905
2022-04-27 18:00:00,556.48,42254.9025
2022-04-27 19:00:00,578.14,43515.505000000005
2022-04-27 20:00:00,598.4325,43721.479999999996
2022-04-27 21:00:00,642.8025,43533.317500000005
2022-04-27 22:00:00,600.845,41398.7075
2022-04-27 23:00:00,796.3475000000001,41919.025
2022-04-28 00:00:00,532.05,41727.6775
2022-04-28 01:00:00,406.71500000000003,40808.805
2022-04-28 02:00:00,387.55,39468.1725
2022-04-28 03:00:00,371.27500000000003,38188.645000000004
2022-04-28 04:00:00,373.2025,37682.119999999995
2022-04-28 05:00:00,467.105,39465.8775
2022-04-28 06:00:00,430.66,38407.62
2022-04-28 07:00:00,365.6,33860.985
2022-04-28 08:00:00,348.1675,32411.665
2022-04-28 09:00:00,335.70750000000004,29373.6275
2022-04-28 10:00:00,334.22,26967.1325
2022-04-28 11:00:00,359.9125,27155.1825
2022-04-28 12:00:00,344.79,24998.184999999998
2022-04-28 13:00:00,355.9025,26981.0475
2022-04-28 14:00:00,352.865,28745.96
2022-04-28 15:00:00,368.185,31205.18
2022-04-28 16:00:00,380.98249999999996,34733.305
2022-04-28 17:00:00,396.3625,37244.619999999995
2022-04-28 18:00:00,408.4375,39563.4675
2022-04-28 19:00:00,407.61,41568.0175
2022-04-28 20:00:00,420.535,40954.28
2022-04-28 21:00:00,424.98,39912.2725
2022-04-28 22:00:00,406.6,37270.9475
2022-04-28 23:00:00,499.61249999999995,37626.9525
2022-04-29 00:00:00,1105.1625,37148.1
2022-04-29 01:00:00,1027.8375,36452.915
2022-04-29 02:00:00,623.5625,35734.545
2022-04-29 03:00:00,451.775,35388.6825
2022-04-29 04:00:00,446.855,34984.895
2022-04-29 05:00:00,568.2225,36981.1725
2022-04-29 06:00:00,472.40250000000003,37114.7525
2022-04-29 07:00:00,368.7375,33799.7975
2022-04-29 08:00:00,295.23749999999995,34018.990000000005
2022-04-29 09:00:00,167.315,31626.0075
2022-04-29 10:00:00,83.49249999999999,28405.7075
2022-04-29 11:00:00,109.66499999999999,28121.497499999998
2022-04-29 12:00:00,64.815,24010.955
2022-04-29 13:00:00,178.5075,23423.965
2022-04-29 14:00:00,253.1125,23149.7425
2022-04-29 15:00:00,317.1925,25501.21
2022-04-29 16:00:00,359.2375,29221.7575
2022-04-29 17:00:00,390.4175,33615.565
2022-04-29 18:00:00,422.3125,37158.515
2022-04-29 19:00:00,419.6,39990.1125
2022-04-29 20:00:00,421.52250000000004,40652.2875
2022-04-29 21:00:00,414.2025,40272.552500000005
2022-04-29 22:00:00,404.30999999999995,39192.46
2022-04-29 23:00:00,513.0074999999999,40959.155
2022-04-30 00:00:00,741.2874999999999,40571.95
2022-04-30 01:00:00,690.1125,38968.315
2022-04-30 02:00:00,535.7825,37146.0325
2022-04-30 03:00:00,465.34000000000003,35493.6575
2022-04-30 04:00:00,445.1875,34831.0425
2022-04-30 05:00:00,531.415,35642.2225
2022-04-30 06:00:00,463.225,33542.405
2022-04-30 07:00:00,372.5475,27476.440000000002
2022-04-30 08:00:00,269.8325,24126.615
2022-04-30 09:00:00,119.94,22082.1875
2022-04-30 10:00:00,54.504999999999995,21711.885000000002
2022-04-30 11:00:00,77.1975,21909.7975
2022-04-30 12:00:00,48.1725,21682.0975
2022-04-30 13:00:00,116.64500000000001,21939.5225
2022-04-30 14:00:00,160.01,22113.325
2022-04-30 15:00:00,273.9325,24429.11
2022-04-30 16:00:00,369.2325,29970.4825
2022-04-30 17:00:00,416.0675,35510.3825
2022-04-30 18:00:00,435.3175,38861.292499999996
2022-04-30 19:00:00,434.805,39430.65
2022-04-30 20:00:00,428.73749999999995,39187.68
2022-04-30 21:00:00,418.885,38694.485
2022-04-30 22:00:00,404.01750000000004,36425.46
2022-04-30 23:00:00,412.715,37152.915
2022-05-01 00:00:00,471.0425,36246.935
2022-05-01 01:00:00,560.4549999999999,35276.3
2022-05-01 02:00:00,500.79,34088.49
2022-05-01 03:00:00,449.2025,33571.604999999996
2022-05-01 04:00:00,437.77,33993.485
2022-05-01 05:00:00,489.85,36396.869999999995
2022-05-01 06:00:00,444.0225,35321.8725
2022-05-01 07:00:00,363.3775,30616.1225
2022-05-01 08:00:00,61.845,28647.18
2022-05-01 09:00:00,-68.015,25878.9475
2022-05-01 10:00:00,-80.0,24748.9225
2022-05-01 11:00:00,-80.0,26056.760000000002
2022-05-01 12:00:00,-80.0,24215.4175
2022-05-01 13:00:00,-80.0,25772.325
2022-05-01 14:00:00,-80.0,28000.2025
2022-05-01 15:00:00,-42.1025,31363.574999999997
2022-05-01 16:00:00,257.3825,35836.7525
2022-05-01 17:00:00,425.12,38671.082500000004
2022-05-01 18:00:00,599.25,40225.1625
2022-05-01 19:00:00,554.5024999999999,41245.755
2022-05-01 20:00:00,506.62,40817.3325
2022-05-01 21:00:00,486.7075,40145.865000000005
2022-05-01 22:00:00,466.03999999999996,37739.48
2022-05-01 23:00:00,631.6999999999999,37238.13
2022-05-02 00:00:00,539.775,35677.005
2022-05-02 01:00:00,479.3175,34355.4875
2022-05-02 02:00:00,469.515,33169.0
2022-05-02 03:00:00,459.2075,32590.8425
2022-05-02 04:00:00,473.38,32831.44
2022-05-02 05:00:00,563.785,34530.6125
2022-05-02 06:00:00,484.9625,32993.6175
2022-05-02 07:00:00,383.675,28693.434999999998
2022-05-02 08:00:00,193.8775,26200.6125
2022-05-02 09:00:00,-25.525,22813.28
2022-05-02 10:00:00,-80.0,20109.4825
2022-05-02 11:00:00,-80.0,19704.8275
2022-05-02 12:00:00,-80.0,19165.525
2022-05-02 13:00:00,-80.0,20573.3325
2022-05-02 14:00:00,-80.0,21888.760000000002
2022-05-02 15:00:00,92.19999999999999,25486.4625
2022-05-02 16:00:00,296.3,30034.1125
2022-05-02 17:00:00,400.13,33737.8275
2022-05-02 18:00:00,469.11,36178.994999999995
2022-05-02 19:00:00,469.35,36769.54
2022-05-02 20:00:00,458.5125,36268.4675
2022-05-02 21:00:00,420.555,35451.035
2022-05-02 22:00:00,359.40250000000003,33986.9125
2022-05-02 23:00:00,354.59000000000003,34579.84
2022-05-03 00:00:00,441.8625,34133.86
2022-05-03 01:00:00,464.5325,33406.354999999996
2022-05-03 02:00:00,444.295,32672.64
2022-05-03 03:00:00,432.45,32632.197500000002
2022-05-03 04:00:00,441.39,32825.16
2022-05-03 05:00:00,523.3075,34215.630000000005
2022-05-03 06:00:00,474.77,32674.454999999998
2022-05-03 07:00:00,374.5675,28043.735
2022-05-03 08:00:00,27.364999999999995,23810.48
2022-05-03 09:00:00,-80.0,21371.7175
2022-05-03 10:00:00,-80.0,20544.9425
2022-05-03 11:00:00,-80.0,22582.3075
2022-05-03 12:00:00,-80.0,23486.432500000003
2022-05-03 13:00:00,-80.0,27679.7875
2022-05-03 14:00:00,-80.0,29738.1625
2022-05-03 15:00:00,-80.0,31155.7275
2022-05-03 16:00:00,153.96249999999998,33649.685
2022-05-03 17:00:00,381.23,35953.8275
2022-05-03 18:00:00,462.6775,37855.21
2022-05-03 19:00:00,467.4875,39377.2825
2022-05-03 20:00:00,460.97249999999997,40142.33
2022-05-03 21:00:00,449.09749999999997,40316.2325
2022-05-03 22:00:00,425.01,38542.27
2022-05-03 23:00:00,440.16499999999996,39127.134999999995
2022-05-04 00:00:00,410.7525,38806.5475
2022-05-04 01:00:00,386.6725,37716.305
2022-05-04 02:00:00,369.9425,36337.145
2022-05-04 03:00:00,357.8575,35414.2
2022-05-04 04:00:00,382.985,36190.417499999996
2022-05-04 05:00:00,446.1025,38617.8525
2022-05-04 06:00:00,410.2025,39046.68
2022-05-04 07:00:00,248.19,34026.46
2022-05-04 08:00:00,-9.957500000000003,31348.017499999998
2022-05-04 09:00:00,-80.0,27937.035
2022-05-04 10:00:00,-80.0,25875.197500000002
2022-05-04 11:00:00,-80.0,23430.325
2022-05-04 12:00:00,-80.0,21872.61
2022-05-04 13:00:00,-80.0,22578.385
2022-05-04 14:00:00,-80.0,25297.035
2022-05-04 15:00:00,-80.0,29992.9125
2022-05-04 16:00:00,88.75,34673.2725
2022-05-04 17:00:00,362.95000000000005,35844.9425
2022-05-04 18:00:00,465.9,37685.3025
2022-05-04 19:00:00,460.4375,37453.7125
2022-05-04 20:00:00,445.57500000000005,36130.744999999995
2022-05-04 21:00:00,432.9075,34342.8225
2022-05-04 22:00:00,413.2375,31259.9975
2022-05-04 23:00:00,441.9075,31749.005
2022-05-05 00:00:00,436.0125,30781.9975
2022-05-05 01:00:00,409.385,29778.66
2022-05-05 02:00:00,372.8575,28880.3125
2022-05-05 03:00:00,348.39,27956.71
2022-05-05 04:00:00,377.9675,28523.98
2022-05-05 05:00:00,516.95,30493.425
2022-05-05 06:00:00,462.91,28757.8475
2022-05-05 07:00:00,255.875,23645.95
2022-05-05 08:00:00,3.835000000000001,21266.455
2022-05-05 09:00:00,-75.1875,21042.9225
2022-05-05 10:00:00,-80.0,20753.03
2022-05-05 11:00:00,-80.0,20969.245000000003
2022-05-05 12:00:00,-80.0,20560.19
2022-05-05 13:00:00,-80.0,20962.8125
2022-05-05 14:00:00,-80.0,21674.8975
2022-05-05 15:00:00,-80.0,22875.37
2022-05-05 16:00:00,152.0725,25138.252500000002
2022-05-05 17:00:00,396.1625,27532.989999999998
2022-05-05 18:00:00,534.825,28804.887499999997
2022-05-05 19:00:00,529.1375,31118.73
2022-05-05 20:00:00,486.8325,33261.34
2022-05-05 21:00:00,485.7625,33082.155
2022-05-05 22:00:00,438.8675,32003.4825
2022-05-05 23:00:00,559.975,34563.68
2022-05-06 00:00:00,445.55,34343.130000000005
2022-05-06 01:00:00,385.25250000000005,34070.14
2022-05-06 02:00:00,379.08500000000004,34309.405
2022-05-06 03:00:00,383.7375,34676.9
2022-05-06 04:00:00,434.62,35279.18
2022-05-06 05:00:00,561.3800000000001,37606.3575
2022-05-06 06:00:00,547.11,35427.025
2022-05-06 07:00:00,431.8525,31548.8525
2022-05-06 08:00:00,328.71500000000003,29885.7575
2022-05-06 09:00:00,135.1125,27336.05
2022-05-06 10:00:00,13.930000000000001,25958.815
2022-05-06 11:00:00,1.8975,27355.325
2022-05-06 12:00:00,-58.7375,25772.815
2022-05-06 13:00:00,-38.15,27889.095
2022-05-06 14:00:00,-29.8625,28847.695
2022-05-06 15:00:00,104.4425,32510.754999999997
2022-05-06 16:00:00,277.08500000000004,36892.4375
2022-05-06 17:00:00,423.7575,39969.4975
2022-05-06 18:00:00,554.0,41768.8525
2022-05-06 19:00:00,631.6925,43067.119999999995
2022-05-06 20:00:00,676.7625,43659.185
2022-05-06 21:00:00,654.2675,43705.2775
2022-05-06 22:00:00,650.3975,41836.7875
2022-05-06 23:00:00,699.6375,41788.45
2022-05-07 00:00:00,586.2125000000001,35873.7025
2022-05-07 01:00:00,477.64000000000004,34070.14
2022-05-07 02:00:00,421.7325,34309.405
2022-05-07 03:00:00,388.42,34676.9
2022-05-07 04:00:00,378.775,35279.18
2022-05-07 05:00:00,440.985,37606.3575
2022-05-07 06:00:00,400.38250000000005,35427.025
2022-05-07 07:00:00,319.01750000000004,31548.8525
2022-05-07 08:00:00,175.515,29885.7575
2022-05-07 09:00:00,-11.39,27336.05
2022-05-07 10:00:00,-75.0,25958.815
2022-05-07 11:00:00,-57.875,27355.325
2022-05-07 12:00:00,-72.625,25772.815
2022-05-07 13:00:00,3.700000000000001,27889.095
2022-05-07 14:00:00,71.845,28847.695
2022-05-07 15:00:00,239.0925,32510.754999999997
2022-05-07 16:00:00,332.6925,36892.4375
2022-05-07 17:00:00,401.10749999999996,39969.4975
2022-05-07 18:00:00,479.5625,41768.8525
2022-05-07 19:00:00,495.885,43067.119999999995
2022-05-07 20:00:00,516.0625,43659.185
2022-05-07 21:00:00,504.115,43705.2775
2022-05-07 22:00:00,462.0875,41836.7875
2022-05-07 23:00:00,633.2825,41788.45
2022-05-08 00:00:00,753.875,39628.8225
2022-05-08 01:00:00,623.1075,37381.005
2022-05-08 02:00:00,532.4675,36310.707500000004
2022-05-08 03:00:00,460.4075,35173.805
2022-05-08 04:00:00,405.46500000000003,34709.55
2022-05-08 05:00:00,368.355,35807.235
2022-05-08 06:00:00,344.7475,32340.0125
2022-05-08 07:00:00,324.60749999999996,26854.997499999998
2022-05-08 08:00:00,317.975,23812.165
2022-05-08 09:00:00,311.86,21718.745
2022-05-08 10:00:00,309.67,21269.3125
2022-05-08 11:00:00,313.46,24793.9075
2022-05-08 12:00:00,304.155,24247.675
2022-05-08 13:00:00,304.9025,24480.4975
2022-05-08 14:00:00,303.135,24159.002500000002
2022-05-08 15:00:00,307.4175,25744.895
2022-05-08 16:00:00,312.7925,28884.8975
2022-05-08 17:00:00,315.865,31938.059999999998
2022-05-08 18:00:00,317.7725,33663.275
2022-05-08 19:00:00,316.6475,34372.3575
2022-05-08 20:00:00,316.4225,34407.9225
2022-05-08 21:00:00,317.525,34430.86
2022-05-08 22:00:00,316.8925,33048.2975
2022-05-08 23:00:00,327.4225,31940.48
2022-05-09 00:00:00,632.6075,29847.395
2022-05-09 01:00:00,556.73,28627.052499999998
2022-05-09 02:00:00,432.20000000000005,27771.8675
2022-05-09 03:00:00,394.945,26902.835
2022-05-09 04:00:00,399.53499999999997,27394.445
2022-05-09 05:00:00,641.555,29048.2075
2022-05-09 06:00:00,523.0074999999999,27203.495
2022-05-09 07:00:00,407.92499999999995,24933.7575
2022-05-09 08:00:00,389.1125,25517.3325
2022-05-09 09:00:00,373.7475,24857.2925
2022-05-09 10:00:00,384.55999999999995,26299.0375
2022-05-09 11:00:00,508.82,30985.375
2022-05-09 12:00:00,415.69,31009.8775
2022-05-09 13:00:00,395.6075,33697.575
2022-05-09 14:00:00,385.9625,34286.0075
2022-05-09 15:00:00,393.1475,35706.3925
2022-05-09 16:00:00,418.1125,37095.2925
2022-05-09 17:00:00,448.16999999999996,38143.39
2022-05-09 18:00:00,468.1175,39229.4725
2022-05-09 19:00:00,419.765,40172.4925
2022-05-09 20:00:00,401.6975,41149.557499999995
2022-05-09 21:00:00,397.765,41689.57
2022-05-09 22:00:00,390.01,40450.59
2022-05-09 23:00:00,457.0725,41289.4725
2022-05-10 00:00:00,497.85,40570.0975
2022-05-10 01:00:00,486.515,38907.535
2022-05-10 02:00:00,463.0325,37871.415
2022-05-10 03:00:00,448.2925,36945.585
2022-05-10 04:00:00,453.5925,36675.0325
2022-05-10 05:00:00,618.9025,37620.1175
2022-05-10 06:00:00,557.935,36324.1475
2022-05-10 07:00:00,438.4075,34078.04
2022-05-10 08:00:00,373.97249999999997,33673.7225
2022-05-10 09:00:00,310.5025,31642.0
2022-05-10 10:00:00,280.8175,29946.0
2022-05-10 11:00:00,263.15,30989.595
2022-05-10 12:00:00,190.85500000000002,28212.3425
2022-05-10 13:00:00,238.945,29700.6075
2022-05-10 14:00:00,259.75,30708.8625
2022-05-10 15:00:00,286.9325,32403.18
2022-05-10 16:00:00,343.6775,36995.05
2022-05-10 17:00:00,394.9075,40382.8525
2022-05-10 18:00:00,403.9825,43042.8025
2022-05-10 19:00:00,390.56,43074.56
2022-05-10 20:00:00,390.545,42122.465
2022-05-10 21:00:00,374.84499999999997,40570.115
2022-05-10 22:00:00,353.6625,37454.825
2022-05-10 23:00:00,398.42,36797.8275
2022-05-11 00:00:00,397.015,36980.5175
2022-05-11 01:00:00,381.625,35313.7975
2022-05-11 02:00:00,361.3025,33157.005000000005
2022-05-11 03:00:00,348.88750000000005,31812.642499999998
2022-05-11 04:00:00,365.7025,32140.4575
2022-05-11 05:00:00,623.45,33712.2425
2022-05-11 06:00:00,507.3375,31893.8825
2022-05-11 07:00:00,350.985,26770.8475
2022-05-11 08:00:00,311.63,24647.285
2022-05-11 09:00:00,297.0425,22236.739999999998
2022-05-11 10:00:00,292.78,21505.7375
2022-05-11 11:00:00,296.3425,22883.3575
2022-05-11 12:00:00,285.7975,21042.73
2022-05-11 13:00:00,295.475,22122.8275
2022-05-11 14:00:00,300.8725,23058.0775
2022-05-11 15:00:00,312.1925,25391.325
2022-05-11 16:00:00,339.79499999999996,29298.677499999998
2022-05-11 17:00:00,398.8375,32943.445
2022-05-11 18:00:00,451.125,35154.78
2022-05-11 19:00:00,426.4,36882.695
2022-05-11 20:00:00,405.2475,38489.7275
2022-05-11 21:00:00,397.4125,38741.085
2022-05-11 22:00:00,380.16999999999996,38128.675
2022-05-11 23:00:00,432.4625,38032.28999999999
2022-05-12 00:00:00,581.68,38287.1775
2022-05-12 01:00:00,486.25,37976.72
2022-05-12 02:00:00,404.7925,37074.56
2022-05-12 03:00:00,373.8375,36350.307499999995
2022-05-12 04:00:00,372.7325,36764.165
2022-05-12 05:00:00,602.29,38454.3275
2022-05-12 06:00:00,486.6025,36333.8
2022-05-12 07:00:00,348.8925,29703.3025
2022-05-12 08:00:00,311.635,26938.165
2022-05-12 09:00:00,296.3875,24283.8675
2022-05-12 10:00:00,292.5825,23475.7075
2022-05-12 11:00:00,297.76,24984.5275
2022-05-12 12:00:00,285.31,23179.697500000002
2022-05-12 13:00:00,294.695,25870.177499999998
2022-05-12 14:00:00,298.68,28072.225
2022-05-12 15:00:00,306.96000000000004,31236.9775
2022-05-12 16:00:00,319.9025,35577.15
2022-05-12 17:00:00,337.4975,38162.2725
2022-05-12 18:00:00,365.7225,39505.6225
2022-05-12 19:00:00,365.0375,39094.7
2022-05-12 20:00:00,369.16,39179.2025
2022-05-12 21:00:00,366.5975,39058.04
2022-05-12 22:00:00,360.605,38025.185
2022-05-12 23:00:00,420.5375,37888.567500000005
2022-05-13 00:00:00,734.8499999999999,37155.42
2022-05-13 01:00:00,562.1625,36863.3575
2022-05-13 02:00:00,443.315,35706.62
2022-05-13 03:00:00,422.385,35281.1675
2022-05-13 04:00:00,422.085,34891.4425
2022-05-13 05:00:00,539.2524999999999,35426.5475
2022-05-13 06:00:00,493.0875,34740.0925
2022-05-13 07:00:00,411.45500000000004,31204.225
2022-05-13 08:00:00,373.70500000000004,28821.2925
2022-05-13 09:00:00,330.84749999999997,27080.635
2022-05-13 10:00:00,302.54999999999995,26715.072500000002
2022-05-13 11:00:00,290.2925,27918.35
2022-05-13 12:00:00,192.1075,25675.1225
2022-05-13 13:00:00,234.6225,28121.7925
2022-05-13 14:00:00,257.14,31030.2575
2022-05-13 15:00:00,296.28499999999997,33769.575
2022-05-13 16:00:00,355.5125,36048.5175
2022-05-13 17:00:00,408.46999999999997,37303.604999999996
2022-05-13 18:00:00,496.26,38414.5925
2022-05-13 19:00:00,498.375,39342.8225
2022-05-13 20:00:00,474.2275,40114.6525
2022-05-13 21:00:00,465.565,39660.7225
2022-05-13 22:00:00,436.94,38995.29
2022-05-13 23:00:00,471.9625,39612.6425
2022-05-14 00:00:00,451.6975,39903.0975
2022-05-14 01:00:00,427.41499999999996,39705.9775
2022-05-14 02:00:00,414.36,39050.4225
2022-05-14 03:00:00,408.53,38138.1275
2022-05-14 04:00:00,416.48,38320.225
2022-05-14 05:00:00,458.6825,39954.1875
2022-05-14 06:00:00,441.355,39039.5225
2022-05-14 07:00:00,394.815,35774.335
2022-05-14 08:00:00,353.6025,36329.2825
2022-05-14 09:00:00,298.91,34738.1825
2022-05-14 10:00:00,229.6775,33952.1
2022-05-14 11:00:00,196.015,34288.72
2022-05-14 12:00:00,78.11,31670.7975
2022-05-14 13:00:00,130.6525,33075.7575
2022-05-14 14:00:00,161.5975,33805.0525
2022-05-14 15:00:00,274.85,36066.3125
2022-05-14 16:00:00,364.0475,39061.6275
2022-05-14 17:00:00,423.1625,39591.945
2022-05-14 18:00:00,448.8925,39711.205
2022-05-14 19:00:00,451.295,40818.134999999995
2022-05-14 20:00:00,460.6975,41864.16
2022-05-14 21:00:00,440.5625,41991.425
2022-05-14 22:00:00,412.005,39752.36
2022-05-14 23:00:00,416.28749999999997,39677.47
2022-05-15 00:00:00,502.7075,38776.854999999996
2022-05-15 01:00:00,532.235,37211.2175
2022-05-15 02:00:00,515.535,37082.99
2022-05-15 03:00:00,500.495,37197.3125
2022-05-15 04:00:00,509.875,37279.11
2022-05-15 05:00:00,593.9350000000001,38440.6025
2022-05-15 06:00:00,526.475,37595.4925
2022-05-15 07:00:00,419.77250000000004,34045.6025
2022-05-15 08:00:00,207.445,34678.3825
2022-05-15 09:00:00,-23.740000000000002,34983.2875
2022-05-15 10:00:00,-80.0,35326.6675
2022-05-15 11:00:00,-63.125,37298.64
2022-05-15 12:00:00,-74.375,34994.447499999995
2022-05-15 13:00:00,-80.0,35423.432499999995
2022-05-15 14:00:00,-71.405,35286.6825
2022-05-15 15:00:00,139.45,35524.51
2022-05-15 16:00:00,357.76,37313.5
2022-05-15 17:00:00,462.35,38295.4025
2022-05-15 18:00:00,503.85749999999996,37793.985
2022-05-15 19:00:00,506.1375,37942.06
2022-05-15 20:00:00,502.21999999999997,38656.7825
2022-05-15 21:00:00,465.0475,38932.1425
2022-05-15 22:00:00,421.2925,38586.59
2022-05-15 23:00:00,419.3625,39084.005
2022-05-16 00:00:00,410.88250000000005,38712.725
2022-05-16 01:00:00,395.94000000000005,37177.6675
2022-05-16 02:00:00,378.6225,36674.270000000004
2022-05-16 03:00:00,371.03,36884.752499999995
2022-05-16 04:00:00,390.44,37086.100000000006
2022-05-16 05:00:00,489.1925,38516.7
2022-05-16 06:00:00,488.505,37418.66
2022-05-16 07:00:00,399.445,33791.1025
2022-05-16 08:00:00,149.785,31226.6725
2022-05-16 09:00:00,-41.175,28729.274999999998
2022-05-16 10:00:00,-80.0,28256.335
2022-05-16 11:00:00,-80.0,30009.5925
2022-05-16 12:00:00,-80.0,28345.46
2022-05-16 13:00:00,-80.0,29883.2725
2022-05-16 14:00:00,-61.955,30271.8475
2022-05-16 15:00:00,159.715,31343.2825
2022-05-16 16:00:00,372.195,34589.662500000006
2022-05-16 17:00:00,515.63,37559.93
2022-05-16 18:00:00,603.08,38438.7825
2022-05-16 19:00:00,617.9000000000001,39568.3625
2022-05-16 20:00:00,603.0575,38805.82
2022-05-16 21:00:00,569.125,38007.4275
2022-05-16 22:00:00,503.38,36869.167499999996
2022-05-16 23:00:00,507.37249999999995,36659.957500000004
2022-05-17 00:00:00,517.3575,35474.7325
2022-05-17 01:00:00,497.92,34242.18
2022-05-17 02:00:00,466.39,34151.0575
2022-05-17 03:00:00,447.6375,33949.630000000005
2022-05-17 04:00:00,465.6275,34439.5875
2022-05-17 05:00:00,594.0425,35998.155
2022-05-17 06:00:00,550.4075,34513.7675
2022-05-17 07:00:00,373.4925,31160.95
2022-05-17 08:00:00,124.525,29818.06
2022-05-17 09:00:00,-45.480000000000004,27477.3475
2022-05-17 10:00:00,-80.0,27181.715
2022-05-17 11:00:00,-80.0,30423.510000000002
2022-05-17 12:00:00,-80.0,28531.6625
2022-05-17 13:00:00,-80.0,29076.335
2022-05-17 14:00:00,-80.0,28525.725
2022-05-17 15:00:00,50.59,28965.955
2022-05-17 16:00:00,316.2475,30572.0925
2022-05-17 17:00:00,491.015,33398.4625
2022-05-17 18:00:00,560.1175000000001,35499.115
2022-05-17 19:00:00,545.5899999999999,37409.207500000004
2022-05-17 20:00:00,515.5,36824.447499999995
2022-05-17 21:00:00,461.5175,35283.99
2022-05-17 22:00:00,401.01,33351.6325
2022-05-17 23:00:00,467.305,33243.6125
2022-05-18 00:00:00,467.3675,32674.92
2022-05-18 01:00:00,431.46500000000003,32333.809999999998
2022-05-18 02:00:00,402.745,32439.88
2022-05-18 03:00:00,385.41999999999996,32947.240000000005
2022-05-18 04:00:00,392.535,32792.5475
2022-05-18 05:00:00,435.1975,34996.1775
2022-05-18 06:00:00,414.435,33709.7475
2022-05-18 07:00:00,337.9425,29818.085
2022-05-18 08:00:00,132.4125,28163.5475
2022-05-18 09:00:00,-42.2125,25348.695
2022-05-18 10:00:00,-80.0,24355.23
2022-05-18 11:00:00,-68.375,27435.8125
2022-05-18 12:00:00,-76.125,27259.68
2022-05-18 13:00:00,-34.595,29404.48
2022-05-18 14:00:00,70.14999999999999,31540.9225
2022-05-18 15:00:00,270.375,34803.1175
2022-05-18 16:00:00,372.1525,37105.2975
2022-05-18 17:00:00,424.9425,37224.035
2022-05-18 18:00:00,474.84499999999997,35918.2275
2022-05-18 19:00:00,486.3575,34463.3675
2022-05-18 20:00:00,497.12,33638.82
2022-05-18 21:00:00,481.835,33508.03
2022-05-18 22:00:00,445.885,34632.770000000004
2022-05-18 23:00:00,444.965,35405.2
2022-05-19 00:00:00,479.70500000000004,36514.6775
2022-05-19 01:00:00,481.0725,36902.02
2022-05-19 02:00:00,463.2025,36183.47
2022-05-19 03:00:00,450.6275,35273.207500000004
2022-05-19 04:00:00,460.2525,35834.61
2022-05-19 05:00:00,519.105,37780.8425
2022-05-19 06:00:00,489.52,37276.7725
2022-05-19 07:00:00,411.02,33886.82
2022-05-19 08:00:00,364.78999999999996,33655.875
2022-05-19 09:00:00,263.8175,32245.0925
2022-05-19 10:00:00,151.9725,31407.802499999998
2022-05-19 11:00:00,126.07249999999999,32385.0275
2022-05-19 12:00:00,5.659999999999998,30252.0
2022-05-19 13:00:00,123.9875,31266.7175
2022-05-19 14:00:00,276.8175,31890.432500000003
2022-05-19 15:00:00,360.795,33467.9625
2022-05-19 16:00:00,408.4825,36554.9
2022-05-19 17:00:00,450.32500000000005,39393.89
2022-05-19 18:00:00,475.39250000000004,40602.8425
2022-05-19 19:00:00,475.8375,42120.65
2022-05-19 20:00:00,471.9775,43039.87
2022-05-19 21:00:00,459.5625,42899.655
2022-05-19 22:00:00,439.5725,42602.79
2022-05-19 23:00:00,446.6275,43328.0375
2022-05-20 00:00:00,482.4875,42786.715000000004
2022-05-20 01:00:00,488.8075,41624.12
2022-05-20 02:00:00,484.11249999999995,40133.229999999996
2022-05-20 03:00:00,483.8825,38862.1725
2022-05-20 04:00:00,504.33000000000004,38532.5525
2022-05-20 05:00:00,800.04,39870.369999999995
2022-05-20 06:00:00,717.3225,37704.72
2022-05-20 07:00:00,486.9925,32930.68
2022-05-20 08:00:00,387.105,31243.4975
2022-05-20 09:00:00,266.3825,29370.625
2022-05-20 10:00:00,165.41500000000002,28171.585
2022-05-20 11:00:00,155.4975,29625.447500000002
2022-05-20 12:00:00,16.055,28353.0675
2022-05-20 13:00:00,107.41250000000001,29835.5925
2022-05-20 14:00:00,270.065,31274.675
2022-05-20 15:00:00,373.14,34225.655
2022-05-20 16:00:00,444.60499999999996,38569.535
2022-05-20 17:00:00,500.68500000000006,41852.2275
2022-05-20 18:00:00,531.0025,42800.0025
2022-05-20 19:00:00,536.2125,43124.6625
2022-05-20 20:00:00,530.445,42600.4975
2022-05-20 21:00:00,509.0575,40920.685
2022-05-20 22:00:00,465.2075,39299.43
2022-05-20 23:00:00,460.8225,40011.7225
2022-05-21 00:00:00,464.22249999999997,39784.4225
2022-05-21 01:00:00,467.8275,38442.79
2022-05-21 02:00:00,462.6125,36827.87
2022-05-21 03:00:00,456.86249999999995,35481.385
2022-05-21 04:00:00,476.44,35678.06
2022-05-21 05:00:00,529.3375,37584.6125
2022-05-21 06:00:00,490.2925,36900.045
2022-05-21 07:00:00,407.1675,33400.305
2022-05-21 08:00:00,256.635,33005.4125
2022-05-21 09:00:00,31.497500000000002,33035.2975
2022-05-21 10:00:00,-67.3075,33156.4525
2022-05-21 11:00:00,-59.292500000000004,34239.9875
2022-05-21 12:00:00,-73.0975,31018.405
2022-05-21 13:00:00,-32.5475,31507.92
2022-05-21 14:00:00,66.1375,30934.8825
2022-05-21 15:00:00,280.3825,33157.5525
2022-05-21 16:00:00,402.44,36908.8025
2022-05-21 17:00:00,476.645,39522.1475
2022-05-21 18:00:00,511.9875,40411.0125
2022-05-21 19:00:00,510.5625,40494.6475
2022-05-21 20:00:00,505.71,40001.317500000005
2022-05-21 21:00:00,482.6675,39633.35
2022-05-21 22:00:00,439.965,39017.5225
2022-05-21 23:00:00,445.0225,39217.0275
2022-05-22 00:00:00,469.155,38052.115
2022-05-22 01:00:00,466.1275,37159.445
2022-05-22 02:00:00,455.2075,36107.677500000005
2022-05-22 03:00:00,447.445,34833.88
2022-05-22 04:00:00,466.5275,34505.545
2022-05-22 05:00:00,510.6375,36678.9575
2022-05-22 06:00:00,462.6925,36506.42
2022-05-22 07:00:00,383.84749999999997,33908.155
2022-05-22 08:00:00,208.7275,33017.1075
2022-05-22 09:00:00,-4.895000000000001,30349.07
2022-05-22 10:00:00,-74.705,30195.245000000003
2022-05-22 11:00:00,-63.875,33613.1025
2022-05-22 12:00:00,-74.625,33546.6125
2022-05-22 13:00:00,-25.0025,35709.47
2022-05-22 14:00:00,103.28,36106.79
2022-05-22 15:00:00,309.84250000000003,38542.815
2022-05-22 16:00:00,429.5325,42359.175
2022-05-22 17:00:00,503.1925,44873.2625
2022-05-22 18:00:00,552.975,46429.3875
2022-05-22 19:00:00,568.2874999999999,47089.61
2022-05-22 20:00:00,575.9,47801.86
2022-05-22 21:00:00,549.37,48342.31
2022-05-22 22:00:00,523.1400000000001,47374.745
2022-05-22 23:00:00,532.99,45436.447499999995
2022-05-23 00:00:00,478.31,43839.425
2022-05-23 01:00:00,454.2675,43391.37
2022-05-23 02:00:00,444.3875,42162.835
2022-05-23 03:00:00,437.16999999999996,40418.955
2022-05-23 04:00:00,449.59250000000003,40303.14
2022-05-23 05:00:00,553.64,39772.822499999995
2022-05-23 06:00:00,502.65999999999997,38870.69
2022-05-23 07:00:00,408.5,35404.5
2022-05-23 08:00:00,349.635,36076.6925
2022-05-23 09:00:00,187.4875,34375.28
2022-05-23 10:00:00,75.625,34586.8925
2022-05-23 11:00:00,93.1125,38389.5
2022-05-23 12:00:00,23.2675,37909.9675
2022-05-23 13:00:00,78.565,40432.9275
2022-05-23 14:00:00,178.5,40591.1525
2022-05-23 15:00:00,317.42,42767.244999999995
2022-05-23 16:00:00,393.715,46612.0925
2022-05-23 17:00:00,443.02750000000003,48633.505
2022-05-23 18:00:00,494.9375,47648.44
2022-05-23 19:00:00,492.93,48588.85
2022-05-23 20:00:00,482.36,49741.0075
2022-05-23 21:00:00,470.0225,50525.582500000004
2022-05-23 22:00:00,448.175,51589.75
2022-05-23 23:00:00,452.9875,50688.22
2022-05-24 00:00:00,439.2375,48107.505000000005
2022-05-24 01:00:00,411.5475,46005.932499999995
2022-05-24 02:00:00,382.09499999999997,44852.82
2022-05-24 03:00:00,367.0525,43634.985
2022-05-24 04:00:00,381.9375,43518.525
2022-05-24 05:00:00,449.4375,44005.729999999996
2022-05-24 06:00:00,419.3525,41389.7975
2022-05-24 07:00:00,329.2325,37645.2025
2022-05-24 08:00:00,273.695,36739.285
2022-05-24 09:00:00,163.99,35929.6875
2022-05-24 10:00:00,100.7,36960.38
2022-05-24 11:00:00,115.105,41307.125
2022-05-24 12:00:00,-14.184999999999999,41858.395000000004
2022-05-24 13:00:00,120.18,43546.8825
2022-05-24 14:00:00,250.21500000000003,43517.57
2022-05-24 15:00:00,303.045,45247.715
2022-05-24 16:00:00,355.825,48305.567500000005
2022-05-24 17:00:00,412.35,49622.46
2022-05-24 18:00:00,431.01,48135.2025
2022-05-24 19:00:00,436.635,49865.365
2022-05-24 20:00:00,444.945,52136.095
2022-05-24 21:00:00,409.325,53397.5975
2022-05-24 22:00:00,357.395,53060.6875
2022-05-24 23:00:00,356.3225,52028.5475
2022-05-25 00:00:00,329.19,50664.485
2022-05-25 01:00:00,313.7175,48992.88
2022-05-25 02:00:00,311.66,47279.0
2022-05-25 03:00:00,313.40749999999997,45959.4625
2022-05-25 04:00:00,322.745,45624.1
2022-05-25 05:00:00,359.48249999999996,46563.745
2022-05-25 06:00:00,338.135,44444.1725
2022-05-25 07:00:00,304.0625,40627.0975
2022-05-25 08:00:00,293.39,41247.0275
2022-05-25 09:00:00,279.6825,40693.705
2022-05-25 10:00:00,259.495,41356.6225
2022-05-25 11:00:00,244.48250000000002,44749.9825
2022-05-25 12:00:00,168.7925,45682.8225
2022-05-25 13:00:00,218.3275,47247.0075
2022-05-25 14:00:00,268.0,47465.905
2022-05-25 15:00:00,290.665,49677.417499999996
2022-05-25 16:00:00,303.365,52907.485
2022-05-25 17:00:00,318.805,53414.862499999996
2022-05-25 18:00:00,354.36,51908.9225
2022-05-25 19:00:00,408.7475,53486.025
2022-05-25 20:00:00,442.135,54391.7325
2022-05-25 21:00:00,441.345,54704.545
2022-05-25 22:00:00,423.25,54363.935
2022-05-25 23:00:00,463.375,52125.3775
2022-05-26 00:00:00,556.74,48593.957500000004
2022-05-26 01:00:00,552.8575000000001,46375.5325
2022-05-26 02:00:00,520.655,44534.185
2022-05-26 03:00:00,490.12,43312.4125
2022-05-26 04:00:00,491.7475,42755.645
2022-05-26 05:00:00,529.615,43103.0575
2022-05-26 06:00:00,473.90250000000003,41113.235
2022-05-26 07:00:00,377.3025,37995.9025
2022-05-26 08:00:00,211.25,38594.6725
2022-05-26 09:00:00,-18.965000000000003,38524.205
2022-05-26 10:00:00,-80.0,39882.03
2022-05-26 11:00:00,-80.0,44375.3675
2022-05-26 12:00:00,-80.0,45448.67
2022-05-26 13:00:00,-25.4375,47464.682499999995
2022-05-26 14:00:00,110.5975,46516.6225
2022-05-26 15:00:00,303.2025,48015.6075
2022-05-26 16:00:00,412.0825,50888.5625
2022-05-26 17:00:00,495.03,52318.1775
2022-05-26 18:00:00,544.2875,53846.935
2022-05-26 19:00:00,560.995,55675.2825
2022-05-26 20:00:00,555.62,56865.4625
2022-05-26 21:00:00,525.98,56110.7775
2022-05-26 22:00:00,473.3125,53024.4875
2022-05-26 23:00:00,463.4775,51150.43
2022-05-27 00:00:00,419.58500000000004,48715.1125
2022-05-27 01:00:00,391.725,47000.785
2022-05-27 02:00:00,376.70500000000004,44923.2975
2022-05-27 03:00:00,371.70000000000005,43261.525
2022-05-27 04:00:00,386.305,42188.3825
2022-05-27 05:00:00,440.065,42010.865
2022-05-27 06:00:00,420.43,40514.325
2022-05-27 07:00:00,350.315,37353.43
2022-05-27 08:00:00,251.48250000000002,38065.47
2022-05-27 09:00:00,112.8225,38533.72
2022-05-27 10:00:00,46.38250000000001,40582.8525
2022-05-27 11:00:00,101.0125,44878.0975
2022-05-27 12:00:00,36.6425,46713.38
2022-05-27 13:00:00,142.6125,48102.985
2022-05-27 14:00:00,267.495,47461.55
2022-05-27 15:00:00,370.33250000000004,49378.9225
2022-05-27 16:00:00,450.92,51360.115
2022-05-27 17:00:00,521.3025,51784.0075
2022-05-27 18:00:00,539.1700000000001,52315.86
2022-05-27 19:00:00,536.5975,53376.7025
2022-05-27 20:00:00,533.0625,54585.4075
2022-05-27 21:00:00,485.20250000000004,55401.515
2022-05-27 22:00:00,429.88750000000005,52877.152500000004
2022-05-27 23:00:00,416.625,51775.345
2022-05-28 00:00:00,340.935,49482.7475
2022-05-28 01:00:00,312.28249999999997,46593.735
2022-05-28 02:00:00,307.975,44833.9925
2022-05-28 03:00:00,304.76750000000004,44317.8525
2022-05-28 04:00:00,309.1575,43680.54
2022-05-28 05:00:00,342.09749999999997,42925.2575
2022-05-28 06:00:00,326.95,41935.5725
2022-05-28 07:00:00,303.475,40623.87
2022-05-28 08:00:00,214.9475,42497.345
2022-05-28 09:00:00,5.097499999999998,41875.285
2022-05-28 10:00:00,-73.8925,41647.1025
2022-05-28 11:00:00,-80.0,42908.6475
2022-05-28 12:00:00,-80.0,41662.6425
2022-05-28 13:00:00,-65.0,40843.635
2022-05-28 14:00:00,14.047499999999998,39740.565
2022-05-28 15:00:00,227.9925,41497.5475
2022-05-28 16:00:00,308.63,45709.2675
2022-05-28 17:00:00,348.0425,49786.995
2022-05-28 18:00:00,356.9575,51541.4775
2022-05-28 19:00:00,349.5025,53096.0625
2022-05-28 20:00:00,339.5975,51508.4675
2022-05-28 21:00:00,328.0625,51312.99
2022-05-28 22:00:00,312.245,51161.51
2022-05-28 23:00:00,309.8075,49901.3175
2022-05-29 00:00:00,401.47749999999996,47458.307499999995
2022-05-29 01:00:00,414.8425,45352.79
2022-05-29 02:00:00,396.2275,43058.92
2022-05-29 03:00:00,387.4475,40761.3725
2022-05-29 04:00:00,399.0625,39178.652500000004
2022-05-29 05:00:00,436.52,39206.16
2022-05-29 06:00:00,408.0475,37513.74
2022-05-29 07:00:00,286.1825,34496.085
2022-05-29 08:00:00,51.41,35719.4025
2022-05-29 09:00:00,-63.692499999999995,35427.29
2022-05-29 10:00:00,-80.0,36627.2625
2022-05-29 11:00:00,-80.0,41211.01
2022-05-29 12:00:00,-80.0,42434.9875
2022-05-29 13:00:00,-16.2725,44255.840000000004
2022-05-29 14:00:00,144.8,44554.265
2022-05-29 15:00:00,345.0925,46172.665
2022-05-29 16:00:00,440.3825,49579.785
2022-05-29 17:00:00,494.4,52804.697499999995
2022-05-29 18:00:00,535.38,54939.255000000005
2022-05-29 19:00:00,560.2325,56353.3775
2022-05-29 20:00:00,573.4825,56987.265
2022-05-29 21:00:00,560.075,56377.0225
2022-05-29 22:00:00,519.1225,53584.4875
2022-05-29 23:00:00,523.6325,51659.9775
2022-05-30 00:00:00,722.0425,47266.71
2022-05-30 01:00:00,556.515,44080.6775
2022-05-30 02:00:00,448.1825,41908.4625
2022-05-30 03:00:00,414.21000000000004,40140.9225
2022-05-30 04:00:00,406.54499999999996,39113.854999999996
2022-05-30 05:00:00,461.3325,38814.065
2022-05-30 06:00:00,437.505,36443.807499999995
2022-05-30 07:00:00,347.46000000000004,33152.19
2022-05-30 08:00:00,301.6675,33478.369999999995
2022-05-30 09:00:00,276.89500000000004,33758.9
2022-05-30 10:00:00,206.815,35696.777500000004
2022-05-30 11:00:00,111.0575,40219.057499999995
2022-05-30 12:00:00,-38.435,40905.3275
2022-05-30 13:00:00,36.662499999999994,42966.2675
2022-05-30 14:00:00,131.29000000000002,42997.41
2022-05-30 15:00:00,261.2675,45105.3975
2022-05-30 16:00:00,329.5475,48542.365
2022-05-30 17:00:00,391.40999999999997,50064.1575
2022-05-30 18:00:00,435.1725,50527.4775
2022-05-30 19:00:00,444.475,51588.6025
2022-05-30 20:00:00,430.235,53446.567500000005
2022-05-30 21:00:00,386.83,54521.347499999996
2022-05-30 22:00:00,335.4625,53378.505000000005
2022-05-30 23:00:00,328.27750000000003,51506.4425
2022-05-31 00:00:00,363.2275,48531.8425
2022-05-31 01:00:00,372.555,46436.78
2022-05-31 02:00:00,368.39,44570.9375
2022-05-31 03:00:00,369.2525,43181.805
2022-05-31 04:00:00,398.6575,43005.155
2022-05-31 05:00:00,463.3625,44023.2125
2022-05-31 06:00:00,411.1725,42077.905
2022-05-31 07:00:00,293.825,40038.7225
2022-05-31 08:00:00,80.2625,42747.975
2022-05-31 09:00:00,-55.125,45949.5625
2022-05-31 10:00:00,-80.0,49180.630000000005
2022-05-31 11:00:00,-64.625,55702.3825
2022-05-31 12:00:00,-74.875,55920.0125
2022-05-31 13:00:00,-80.0,56550.305
2022-05-31 14:00:00,-64.4375,53032.7025
2022-05-31 15:00:00,107.47500000000001,50290.35
2022-05-31 16:00:00,292.245,47662.15
2022-05-31 17:00:00,394.2225,45662.4
2022-05-31 18:00:00,443.56,43155.3225
2022-05-31 19:00:00,471.025,42548.93
2022-05-31 20:00:00,477.3075,43649.6875
2022-05-31 21:00:00,473.535,43170.0
2022-05-31 22:00:00,456.315,40933.1075
2022-05-31 23:00:00,482.7275,40352.3525
2022-06-01 00:00:00,426.49,39903.0575
2022-06-01 01:00:00,404.445,37843.7675
2022-06-01 02:00:00,409.8375,35437.7425
2022-06-01 03:00:00,417.5425,33903.9525
2022-06-01 04:00:00,437.4975,33303.9525
2022-06-01 05:00:00,466.3725,34046.6425
2022-06-01 06:00:00,420.735,34096.8475
2022-06-01 07:00:00,337.1,33173.65
2022-06-01 08:00:00,140.7275,36607.865000000005
2022-06-01 09:00:00,-39.3525,37632.5575
2022-06-01 10:00:00,-80.0,39844.7925
2022-06-01 11:00:00,-10.055,44396.3025
2022-06-01 12:00:00,-56.685,43993.792499999996
2022-06-01 13:00:00,-0.35000000000000053,44081.78
2022-06-01 14:00:00,78.1825,43027.4725
2022-06-01 15:00:00,268.625,43886.417499999996
2022-06-01 16:00:00,381.47,45760.14
2022-06-01 17:00:00,442.2025,45842.7575
2022-06-01 18:00:00,492.44,45845.425
2022-06-01 19:00:00,522.21,46346.354999999996
2022-06-01 20:00:00,517.6875,47616.17
2022-06-01 21:00:00,492.8575,47294.1
2022-06-01 22:00:00,470.2375,45346.84
2022-06-01 23:00:00,483.03249999999997,44581.19
2022-06-02 00:00:00,441.64250000000004,43735.06
2022-06-02 01:00:00,418.2975,42204.927500000005
2022-06-02 02:00:00,409.2175,41018.055
2022-06-02 03:00:00,404.99,40679.25
2022-06-02 04:00:00,423.6975,40349.96
2022-06-02 05:00:00,459.8225,42086.1275
2022-06-02 06:00:00,411.375,40613.35
2022-06-02 07:00:00,331.21750000000003,37987.604999999996
2022-06-02 08:00:00,285.0,39400.8775
2022-06-02 09:00:00,213.27249999999998,39294.6925
2022-06-02 10:00:00,190.27,39973.305
2022-06-02 11:00:00,221.2525,43935.3225
2022-06-02 12:00:00,185.7575,43270.04
2022-06-02 13:00:00,241.58499999999998,42289.6975
2022-06-02 14:00:00,278.0675,39785.2775
2022-06-02 15:00:00,315.76250000000005,40497.475
2022-06-02 16:00:00,371.1825,42285.3425
2022-06-02 17:00:00,416.315,43027.475000000006
2022-06-02 18:00:00,437.705,44178.51
2022-06-02 19:00:00,448.765,46902.83
2022-06-02 20:00:00,451.3725,49223.435
2022-06-02 21:00:00,440.7125,48365.36
2022-06-02 22:00:00,416.5225,46881.0825
2022-06-02 23:00:00,416.3325,46851.185
2022-06-03 00:00:00,526.155,45296.5
2022-06-03 01:00:00,550.5825,43602.685
2022-06-03 02:00:00,539.9825000000001,41997.3875
2022-06-03 03:00:00,526.425,40679.885
2022-06-03 04:00:00,533.5875,40615.645000000004
2022-06-03 05:00:00,558.8,41974.46
2022-06-03 06:00:00,490.675,39748.66
2022-06-03 07:00:00,338.58,35860.369999999995
2022-06-03 08:00:00,94.17,36196.7425
2022-06-03 09:00:00,-53.2975,35790.74
2022-06-03 10:00:00,-61.4375,36306.71
2022-06-03 11:00:00,13.869999999999997,40085.385
2022-06-03 12:00:00,2.102499999999999,40813.62
2022-06-03 13:00:00,19.5625,41711.582500000004
2022-06-03 14:00:00,27.802500000000002,41125.99
2022-06-03 15:00:00,218.645,42312.619999999995
2022-06-03 16:00:00,369.36,45083.0025
2022-06-03 17:00:00,448.8975,46878.975
2022-06-03 18:00:00,493.95000000000005,47298.6525
2022-06-03 19:00:00,506.275,48967.4275
2022-06-03 20:00:00,514.3525,49870.2875
2022-06-03 21:00:00,504.09749999999997,49844.119999999995
2022-06-03 22:00:00,494.32500000000005,48838.66
2022-06-03 23:00:00,497.09000000000003,48420.4125
2022-06-04 00:00:00,429.1575,46843.495
2022-06-04 01:00:00,391.9375,45624.1
2022-06-04 02:00:00,374.5075,44099.875
2022-06-04 03:00:00,367.305,42544.575000000004
2022-06-04 04:00:00,384.04999999999995,41959.375
2022-06-04 05:00:00,400.73,42838.185
2022-06-04 06:00:00,358.65250000000003,40332.835
2022-06-04 07:00:00,218.79500000000002,36726.95
2022-06-04 08:00:00,82.7575,38032.075
2022-06-04 09:00:00,50.075,38214.1725
2022-06-04 10:00:00,171.8175,38861.3125
2022-06-04 11:00:00,319.7725,42115.185
2022-06-04 12:00:00,334.88,41863.6575
2022-06-04 13:00:00,355.09749999999997,42796.3
2022-06-04 14:00:00,367.4375,41712.1975
2022-06-04 15:00:00,397.3175,41597.8975
2022-06-04 16:00:00,424.1375,42420.145000000004
2022-06-04 17:00:00,440.905,42198.314999999995
2022-06-04 18:00:00,456.1,42974.34
2022-06-04 19:00:00,466.9225,43434.63
2022-06-04 20:00:00,471.335,44606.94
2022-06-04 21:00:00,471.3025,43851.6875
2022-06-04 22:00:00,457.40250000000003,43547.915
2022-06-04 23:00:00,468.285,44689.61
2022-06-05 00:00:00,476.2875,43309.42
2022-06-05 01:00:00,467.4975,42440.6125
2022-06-05 02:00:00,455.76,40916.5325
2022-06-05 03:00:00,441.17,39831.447499999995
2022-06-05 04:00:00,438.53249999999997,39255.0225
2022-06-05 05:00:00,444.24,40285.0275
2022-06-05 06:00:00,397.96999999999997,40056.715000000004
2022-06-05 07:00:00,324.16499999999996,36492.087499999994
2022-06-05 08:00:00,184.525,33625.5925
2022-06-05 09:00:00,43.4125,33027.385
2022-06-05 10:00:00,35.385,33655.57
2022-06-05 11:00:00,158.35750000000002,34080.799999999996
2022-06-05 12:00:00,163.875,33910.3275
2022-06-05 13:00:00,242.3025,34978.405
2022-06-05 14:00:00,283.46999999999997,36969.6175
2022-06-05 15:00:00,316.7975,39999.185
2022-06-05 16:00:00,376.42499999999995,42802.8325
2022-06-05 17:00:00,425.36749999999995,45122.46
2022-06-05 18:00:00,453.82,46084.31
2022-06-05 19:00:00,459.4475,46496.495
2022-06-05 20:00:00,463.9275,47032.755
2022-06-05 21:00:00,455.7225,47765.775
2022-06-05 22:00:00,437.2625,50011.775
2022-06-05 23:00:00,423.15999999999997,47045.7425
2022-06-06 00:00:00,483.255,44379.6575
2022-06-06 01:00:00,481.6775,43338.2125
2022-06-06 02:00:00,460.4,42060.95
2022-06-06 03:00:00,445.2675,40600.104999999996
2022-06-06 04:00:00,446.1075,39752.89
2022-06-06 05:00:00,468.0575,39544.2875
2022-06-06 06:00:00,427.835,38742.1275
2022-06-06 07:00:00,296.635,36338.8925
2022-06-06 08:00:00,58.96,33777.605
2022-06-06 09:00:00,-55.1075,33220.015
2022-06-06 10:00:00,-59.832499999999996,33646.665
2022-06-06 11:00:00,-6.775,36374.87
2022-06-06 12:00:00,-39.2675,36660.725
2022-06-06 13:00:00,58.5025,38824.275
2022-06-06 14:00:00,118.52,40885.6175
2022-06-06 15:00:00,296.115,42491.24
2022-06-06 16:00:00,406.075,44510.1375
2022-06-06 17:00:00,466.21500000000003,46137.2125
2022-06-06 18:00:00,499.8425,46365.325
2022-06-06 19:00:00,529.2225,47112.9725
2022-06-06 20:00:00,550.785,48102.01
2022-06-06 21:00:00,546.8575,49041.065
2022-06-06 22:00:00,533.5975,50484.4825
2022-06-06 23:00:00,548.7975,47752.4825
2022-06-07 00:00:00,511.4075,45133.845
2022-06-07 01:00:00,479.7775,43147.0075
2022-06-07 02:00:00,453.56,41753.36
2022-06-07 03:00:00,434.7275,40082.9725
2022-06-07 04:00:00,435.27500000000003,39487.8525
2022-06-07 05:00:00,449.135,39734.765
2022-06-07 06:00:00,412.67499999999995,39621.182499999995
2022-06-07 07:00:00,334.6125,37865.707500000004
2022-06-07 08:00:00,115.025,35420.94
2022-06-07 09:00:00,-9.215,36624.402500000004
2022-06-07 10:00:00,-23.625,38981.3
2022-06-07 11:00:00,46.245000000000005,41450.0275
2022-06-07 12:00:00,25.78,40294.2775
2022-06-07 13:00:00,155.79250000000002,40176.9775
2022-06-07 14:00:00,302.495,40495.4225
2022-06-07 15:00:00,378.33250000000004,40942.8325
2022-06-07 16:00:00,419.885,42794.134999999995
2022-06-07 17:00:00,455.8025,45273.347499999996
2022-06-07 18:00:00,485.9525,46159.305
2022-06-07 19:00:00,493.4175,46896.62
2022-06-07 20:00:00,495.2525,47781.0475
2022-06-07 21:00:00,484.06,47726.1025
2022-06-07 22:00:00,461.105,47797.1875
2022-06-07 23:00:00,449.1875,45634.4975
2022-06-08 00:00:00,407.3325,43150.6625
2022-06-08 01:00:00,378.07,41352.0475
2022-06-08 02:00:00,359.1025,40184.7075
2022-06-08 03:00:00,349.0,39365.12
2022-06-08 04:00:00,352.9025,39201.9775
2022-06-08 05:00:00,381.9925,40512.59
2022-06-08 06:00:00,356.7525,41494.6975
2022-06-08 07:00:00,319.31,40862.0
2022-06-08 08:00:00,303.515,40835.832500000004
2022-06-08 09:00:00,294.015,43100.46
2022-06-08 10:00:00,287.4625,44192.835
2022-06-08 11:00:00,285.7325,43963.1725
2022-06-08 12:00:00,233.1125,42738.7525
2022-06-08 13:00:00,279.26250000000005,43334.0225
2022-06-08 14:00:00,308.8275,43869.16
2022-06-08 15:00:00,328.4175,44082.4475
2022-06-08 16:00:00,354.8775,45160.5575
2022-06-08 17:00:00,386.3325,45989.54
2022-06-08 18:00:00,403.7325,47042.305
2022-06-08 19:00:00,413.3275,48925.994999999995
2022-06-08 20:00:00,425.2875,50139.869999999995
2022-06-08 21:00:00,420.75,50283.0775
2022-06-08 22:00:00,412.1425,50954.317500000005
2022-06-08 23:00:00,413.21500000000003,48330.8975
2022-06-09 00:00:00,406.08000000000004,45828.2725
2022-06-09 01:00:00,399.52750000000003,44155.25
2022-06-09 02:00:00,393.7125,42867.555
2022-06-09 03:00:00,390.49,41574.87
2022-06-09 04:00:00,393.625,41134.7475
2022-06-09 05:00:00,408.7275,42509.229999999996
2022-06-09 06:00:00,393.9925,42911.7325
2022-06-09 07:00:00,368.385,40906.225
2022-06-09 08:00:00,354.09499999999997,40742.715
2022-06-09 09:00:00,346.24,42642.5525
2022-06-09 10:00:00,348.505,44202.895
2022-06-09 11:00:00,355.7125,45910.055
2022-06-09 12:00:00,344.605,44978.96
2022-06-09 13:00:00,353.375,42669.7125
2022-06-09 14:00:00,362.3775,43053.4225
2022-06-09 15:00:00,376.4,42836.4275
2022-06-09 16:00:00,390.295,42288.3625
2022-06-09 17:00:00,398.4,44481.3675
2022-06-09 18:00:00,402.4275,45536.2
2022-06-09 19:00:00,411.5175,46491.28
2022-06-09 20:00:00,417.7525,47024.590000000004
2022-06-09 21:00:00,411.32000000000005,46151.07
2022-06-09 22:00:00,399.79,45567.57
2022-06-09 23:00:00,394.58500000000004,42668.3375
2022-06-10 00:00:00,396.1675,39683.2625
2022-06-10 01:00:00,393.265,37313.792499999996
2022-06-10 02:00:00,388.755,35889.7825
2022-06-10 03:00:00,387.39,34310.3075
2022-06-10 04:00:00,391.515,33438.95
2022-06-10 05:00:00,407.7475,34142.21
2022-06-10 06:00:00,398.095,35634.0025
2022-06-10 07:00:00,382.2425,35919.7275
2022-06-10 08:00:00,377.5675,36293.225
2022-06-10 09:00:00,373.51,38268.9575
2022-06-10 10:00:00,374.84999999999997,38643.3675
2022-06-10 11:00:00,383.4275,37134.155
2022-06-10 12:00:00,380.6,32690.6825
2022-06-10 13:00:00,386.255,32023.3375
2022-06-10 14:00:00,387.3,33773.4175
2022-06-10 15:00:00,396.6675,34628.595
2022-06-10 16:00:00,409.685,35095.035
2022-06-10 17:00:00,411.36249999999995,35154.582500000004
2022-06-10 18:00:00,409.925,35118.6175
2022-06-10 19:00:00,412.575,35421.3475
2022-06-10 20:00:00,414.2575,36403.994999999995
2022-06-10 21:00:00,411.1225,36904.6925
2022-06-10 22:00:00,407.48,38057.207500000004
2022-06-10 23:00:00,412.6325,37167.615
2022-06-11 00:00:00,421.3725,35064.5475
2022-06-11 01:00:00,415.5425,33740.384999999995
2022-06-11 02:00:00,409.775,33402.32
2022-06-11 03:00:00,406.485,33516.3125
2022-06-11 04:00:00,408.1825,33771.6475
2022-06-11 05:00:00,418.09000000000003,35072.38
2022-06-11 06:00:00,406.58500000000004,35834.06
2022-06-11 07:00:00,380.7475,32831.1425
2022-06-11 08:00:00,356.77,30335.165
2022-06-11 09:00:00,322.71500000000003,30132.335
2022-06-11 10:00:00,307.79,30894.3825
2022-06-11 11:00:00,323.8275,31767.32
2022-06-11 12:00:00,322.61,30373.04
2022-06-11 13:00:00,346.26,31783.265
2022-06-11 14:00:00,360.49,34558.9875
2022-06-11 15:00:00,381.3825,38049.635
2022-06-11 16:00:00,403.2025,42629.7525
2022-06-11 17:00:00,417.435,47229.604999999996
2022-06-11 18:00:00,422.86,49829.895000000004
2022-06-11 19:00:00,424.52250000000004,50869.3825
2022-06-11 20:00:00,419.3725,52243.79
2022-06-11 21:00:00,411.1325,52264.94
2022-06-11 22:00:00,400.98,50436.8725
2022-06-11 23:00:00,396.3225,45634.505000000005
2022-06-12 00:00:00,380.435,42071.2925
2022-06-12 01:00:00,372.495,39779.075
2022-06-12 02:00:00,368.3375,38109.619999999995
2022-06-12 03:00:00,364.8025,37016.6175
2022-06-12 04:00:00,369.54499999999996,36504.744999999995
2022-06-12 05:00:00,379.395,37635.417499999996
2022-06-12 06:00:00,363.775,37562.98
2022-06-12 07:00:00,329.6075,35531.745
2022-06-12 08:00:00,303.5625,33968.6625
2022-06-12 09:00:00,248.2075,34035.775
2022-06-12 10:00:00,256.5775,34554.162500000006
2022-06-12 11:00:00,306.12,35523.235
2022-06-12 12:00:00,304.695,34424.6175
2022-06-12 13:00:00,335.03999999999996,36177.425
2022-06-12 14:00:00,356.35749999999996,38620.7825
2022-06-12 15:00:00,374.0425,41859.9625
2022-06-12 16:00:00,391.4725,46390.815
2022-06-12 17:00:00,398.95500000000004,50660.1625
2022-06-12 18:00:00,401.1375,52597.07
2022-06-12 19:00:00,403.9975,52989.1175
2022-06-12 20:00:00,404.29,54322.1025
2022-06-12 21:00:00,398.68,54156.47
2022-06-12 22:00:00,390.975,53282.784999999996
2022-06-12 23:00:00,387.96000000000004,48998.4975
2022-06-13 00:00:00,379.5625,45582.3875
2022-06-13 01:00:00,362.1725,43164.8925
2022-06-13 02:00:00,351.075,41317.9325
2022-06-13 03:00:00,348.635,40623.155
2022-06-13 04:00:00,365.8425,40574.815
2022-06-13 05:00:00,394.9675,41933.8625
2022-06-13 06:00:00,376.84499999999997,41996.1175
2022-06-13 07:00:00,321.5225,39953.705
2022-06-13 08:00:00,275.8025,38857.175
2022-06-13 09:00:00,209.62,40865.9075
2022-06-13 10:00:00,204.92000000000002,43528.4325
2022-06-13 11:00:00,261.2425,46121.74
2022-06-13 12:00:00,254.865,45959.5775
2022-06-13 13:00:00,301.135,47565.485
2022-06-13 14:00:00,345.1075,49114.945
2022-06-13 15:00:00,393.6875,51456.4
2022-06-13 16:00:00,422.6075,54242.5775
2022-06-13 17:00:00,433.1875,56444.05
2022-06-13 18:00:00,438.22,56888.0075
2022-06-13 19:00:00,442.45,57523.5475
2022-06-13 20:00:00,443.56,58739.8225
2022-06-13 21:00:00,441.39750000000004,58808.675
2022-06-13 22:00:00,437.5875,58192.6275
2022-06-13 23:00:00,438.39,54412.417499999996
2022-06-14 00:00:00,401.71,50691.7
2022-06-14 01:00:00,383.025,47730.8375
2022-06-14 02:00:00,376.4475,45728.1
2022-06-14 03:00:00,373.435,43911.265
2022-06-14 04:00:00,378.9375,40985.305
2022-06-14 05:00:00,395.355,38955.6225
2022-06-14 06:00:00,374.03,39421.2725
2022-06-14 07:00:00,340.39,38397.25
2022-06-14 08:00:00,327.79,36759.985
2022-06-14 09:00:00,313.13,38646.28
2022-06-14 10:00:00,309.1025,41118.45
2022-06-14 11:00:00,323.2475,40654.6625
2022-06-14 12:00:00,316.07,38004.9375
2022-06-14 13:00:00,324.885,37652.7125
2022-06-14 14:00:00,331.45000000000005,38968.315
2022-06-14 15:00:00,355.53000000000003,38902.895000000004
2022-06-14 16:00:00,379.965,40076.14
2022-06-14 17:00:00,394.6325,41881.0175
2022-06-14 18:00:00,400.67,42719.465
2022-06-14 19:00:00,404.8275,44136.3975
2022-06-14 20:00:00,404.34999999999997,46847.9725
2022-06-14 21:00:00,401.8975,47650.575
2022-06-14 22:00:00,397.84499999999997,47154.957500000004
2022-06-14 23:00:00,401.9,45380.884999999995
2022-06-15 00:00:00,414.13,43451.515
2022-06-15 01:00:00,415.5,41792.265
2022-06-15 02:00:00,404.77,40127.1725
2022-06-15 03:00:00,394.1175,38403.14
2022-06-15 04:00:00,398.295,37990.9425
2022-06-15 05:00:00,435.6825,39303.015
2022-06-15 06:00:00,384.725,39900.6725
2022-06-15 07:00:00,306.9125,39647.195
2022-06-15 08:00:00,247.73250000000002,39382.5475
2022-06-15 09:00:00,179.22,41476.027500000004
2022-06-15 10:00:00,156.995,43199.815
2022-06-15 11:00:00,189.94750000000002,44290.005
2022-06-15 12:00:00,151.4475,42538.12
2022-06-15 13:00:00,205.385,43676.7575
2022-06-15 14:00:00,259.7725,45889.1525
2022-06-15 15:00:00,311.8125,47792.4975
2022-06-15 16:00:00,378.425,48180.399999999994
2022-06-15 17:00:00,434.0375,48811.565
2022-06-15 18:00:00,450.1325,48884.4325
2022-06-15 19:00:00,445.15,48668.81
2022-06-15 20:00:00,430.3525,47395.15
2022-06-15 21:00:00,423.3025,46764.765
2022-06-15 22:00:00,416.685,44913.7525
2022-06-15 23:00:00,422.8825,42352.74
2022-06-16 00:00:00,414.3825,39841.8475
2022-06-16 01:00:00,403.3075,37660.9775
2022-06-16 02:00:00,390.315,36768.9775
2022-06-16 03:00:00,384.9025,35513.06
2022-06-16 04:00:00,392.745,34527.1075
2022-06-16 05:00:00,429.01250000000005,34891.1875
2022-06-16 06:00:00,388.23,36441.94
2022-06-16 07:00:00,338.31,37187.0175
2022-06-16 08:00:00,316.0775,38181.59
2022-06-16 09:00:00,297.35,40746.832500000004
2022-06-16 10:00:00,285.74,42091.854999999996
2022-06-16 11:00:00,300.5625,42604.0925
2022-06-16 12:00:00,286.5375,39053.9725
2022-06-16 13:00:00,299.77,37358.462499999994
2022-06-16 14:00:00,302.88250000000005,37810.27
2022-06-16 15:00:00,323.725,38639.692500000005
2022-06-16 16:00:00,363.3475,39507.2875
2022-06-16 17:00:00,383.34250000000003,40443.042499999996
2022-06-16 18:00:00,384.695,41207.335
2022-06-16 19:00:00,384.8625,41925.957500000004
2022-06-16 20:00:00,383.49,42613.015
2022-06-16 21:00:00,382.71,42153.6275
2022-06-16 22:00:00,378.3625,42798.545
2022-06-16 23:00:00,376.445,41325.615
2022-06-17 00:00:00,385.6325,39543.175
2022-06-17 01:00:00,383.28249999999997,38601.9075
2022-06-17 02:00:00,374.005,37703.8075
2022-06-17 03:00:00,369.4425,37144.7
2022-06-17 04:00:00,376.25,36477.0225
2022-06-17 05:00:00,393.0225,38073.665
2022-06-17 06:00:00,373.8175,38791.68
2022-06-17 07:00:00,342.64,37699.5075
2022-06-17 08:00:00,275.0075,37041.9125
2022-06-17 09:00:00,183.54250000000002,37589.755
2022-06-17 10:00:00,175.82,38037.555
2022-06-17 11:00:00,232.8275,38690.055
2022-06-17 12:00:00,198.965,37143.2475
2022-06-17 13:00:00,265.6325,38768.9975
2022-06-17 14:00:00,315.52,40056.1025
2022-06-17 15:00:00,359.6,41833.1075
2022-06-17 16:00:00,397.95,44094.865
2022-06-17 17:00:00,428.0025,46701.7425
2022-06-17 18:00:00,441.9075,48871.3675
2022-06-17 19:00:00,449.3825,50384.785
2022-06-17 20:00:00,444.0925,51130.065
2022-06-17 21:00:00,430.77,51267.7975
2022-06-17 22:00:00,416.295,51383.1125
2022-06-17 23:00:00,409.5475,48891.0875
2022-06-18 00:00:00,411.185,46478.0175
2022-06-18 01:00:00,402.435,44972.95
2022-06-18 02:00:00,390.775,43599.572499999995
2022-06-18 03:00:00,383.31,42372.3025
2022-06-18 04:00:00,384.2125,41686.69
2022-06-18 05:00:00,394.7875,42571.7375
2022-06-18 06:00:00,381.42,42556.715
2022-06-18 07:00:00,358.89250000000004,41152.3225
2022-06-18 08:00:00,332.27500000000003,39832.3775
2022-06-18 09:00:00,276.15,41700.494999999995
2022-06-18 10:00:00,277.56,42016.51
2022-06-18 11:00:00,340.55,42048.259999999995
2022-06-18 12:00:00,354.2975,40262.6375
2022-06-18 13:00:00,365.26,41510.0725
2022-06-18 14:00:00,371.9375,43454.98
2022-06-18 15:00:00,392.0775,46642.1075
2022-06-18 16:00:00,435.0,50096.292499999996
2022-06-18 17:00:00,455.395,52365.645
2022-06-18 18:00:00,441.6475,54171.575
2022-06-18 19:00:00,462.0025,55720.67
2022-06-18 20:00:00,482.77,56984.075
2022-06-18 21:00:00,495.2725,56862.0875
2022-06-18 22:00:00,489.03749999999997,56272.01
2022-06-18 23:00:00,481.175,52114.0475
2022-06-19 00:00:00,490.39,49767.5
2022-06-19 01:00:00,465.04999999999995,47678.71
2022-06-19 02:00:00,437.2875,45626.695
2022-06-19 03:00:00,425.25,43976.95
2022-06-19 04:00:00,422.335,43314.2175
2022-06-19 05:00:00,425.3225,43792.807499999995
2022-06-19 06:00:00,407.2875,43679.6875
2022-06-19 07:00:00,371.675,42008.072499999995
2022-06-19 08:00:00,327.265,41132.18
2022-06-19 09:00:00,279.515,42680.935
2022-06-19 10:00:00,300.675,44678.845
2022-06-19 11:00:00,362.0375,46111.68
2022-06-19 12:00:00,376.325,45720.957500000004
2022-06-19 13:00:00,387.185,46854.2725
2022-06-19 14:00:00,394.26,47422.905
2022-06-19 15:00:00,415.495,48798.2325
2022-06-19 16:00:00,463.1175,51715.0775
2022-06-19 17:00:00,495.29,54149.1225
2022-06-19 18:00:00,488.45000000000005,56223.1625
2022-06-19 19:00:00,515.175,57987.71
2022-06-19 20:00:00,542.27,59851.509999999995
2022-06-19 21:00:00,566.525,60107.7875
2022-06-19 22:00:00,574.5125,59136.8775
2022-06-19 23:00:00,571.5074999999999,55034.325
2022-06-20 00:00:00,530.6875,49202.649999999994
2022-06-20 01:00:00,479.26,45370.615000000005
2022-06-20 02:00:00,450.095,43053.3725
2022-06-20 03:00:00,432.875,41387.355
2022-06-20 04:00:00,427.3925,39990.17
2022-06-20 05:00:00,438.825,39968.6975
2022-06-20 06:00:00,423.0775,39133.985
2022-06-20 07:00:00,399.59499999999997,37987.07
2022-06-20 08:00:00,390.84000000000003,38996.3625
2022-06-20 09:00:00,390.8125,42802.52
2022-06-20 10:00:00,399.0475,45225.7425
2022-06-20 11:00:00,416.3575,47099.0475
2022-06-20 12:00:00,420.23,45811.9025
2022-06-20 13:00:00,425.5825,45477.08
2022-06-20 14:00:00,424.015,44716.567500000005
2022-06-20 15:00:00,445.6225,43840.1625
2022-06-20 16:00:00,496.56,43305.4575
2022-06-20 17:00:00,515.57,43854.315
2022-06-20 18:00:00,489.08500000000004,44221.9925
2022-06-20 19:00:00,487.73,44861.995
2022-06-20 20:00:00,487.555,45515.525
2022-06-20 21:00:00,494.71000000000004,44623.895000000004
2022-06-20 22:00:00,494.35,43337.1975
2022-06-20 23:00:00,486.145,40602.665
2022-06-21 00:00:00,472.5,38266.57
2022-06-21 01:00:00,450.7725,36591.6975
2022-06-21 02:00:00,431.4675,34987.7525
2022-06-21 03:00:00,416.02,33397.86
2022-06-21 04:00:00,411.525,32796.5025
2022-06-21 05:00:00,418.8175,33380.7525
2022-06-21 06:00:00,393.245,33343.1875
2022-06-21 07:00:00,358.6125,31945.05
2022-06-21 08:00:00,364.8,29356.105
2022-06-21 09:00:00,376.2475,29834.25
2022-06-21 10:00:00,400.3775,30615.39
2022-06-21 11:00:00,436.985,30621.7175
2022-06-21 12:00:00,452.33,29255.4975
2022-06-21 13:00:00,464.225,28960.595
2022-06-21 14:00:00,463.7675,30680.34
2022-06-21 15:00:00,487.8275,32716.7875
2022-06-21 16:00:00,530.755,35691.6275
2022-06-21 17:00:00,567.045,39847.8275
2022-06-21 18:00:00,566.97,43853.84
2022-06-21 19:00:00,552.6475,44760.66
2022-06-21 20:00:00,553.075,45262.0075
2022-06-21 21:00:00,543.535,44554.32
2022-06-21 22:00:00,528.2175,45492.945
2022-06-21 23:00:00,506.27,42790.6975
2022-06-22 00:00:00,490.42499999999995,39228.195
2022-06-22 01:00:00,471.53499999999997,37593.3625
2022-06-22 02:00:00,449.665,35784.84
2022-06-22 03:00:00,430.2575,34348.1075
2022-06-22 04:00:00,424.6275,34071.225
2022-06-22 05:00:00,433.02,35593.6175
2022-06-22 06:00:00,376.6875,35761.415
2022-06-22 07:00:00,283.245,33747.725
2022-06-22 08:00:00,286.79,32348.752500000002
2022-06-22 09:00:00,328.83000000000004,33271.457500000004
2022-06-22 10:00:00,398.4375,35042.5475
2022-06-22 11:00:00,463.9625,36257.68
2022-06-22 12:00:00,486.27,35624.2825
2022-06-22 13:00:00,497.765,36555.96
2022-06-22 14:00:00,496.2525,38301.055
2022-06-22 15:00:00,515.5725,40535.792499999996
2022-06-22 16:00:00,553.6675,44146.0625
2022-06-22 17:00:00,571.8575000000001,47167.2175
2022-06-22 18:00:00,574.055,50229.4125
2022-06-22 19:00:00,561.98,52196.835
2022-06-22 20:00:00,584.91,53376.405
2022-06-22 21:00:00,599.3625000000001,52684.975
2022-06-22 22:00:00,560.2475000000001,51618.4525
2022-06-22 23:00:00,536.1825,47466.5225
2022-06-23 00:00:00,506.925,43411.46
2022-06-23 01:00:00,486.525,41972.0575
2022-06-23 02:00:00,467.8075,40207.7175
2022-06-23 03:00:00,452.7025,38713.604999999996
2022-06-23 04:00:00,448.47749999999996,38157.3125
2022-06-23 05:00:00,454.85249999999996,38916.9925
2022-06-23 06:00:00,429.15500000000003,38539.29
2022-06-23 07:00:00,407.4975,36733.9725
2022-06-23 08:00:00,428.1675,37704.770000000004
2022-06-23 09:00:00,456.98,40757.805
2022-06-23 10:00:00,485.1975,43913.365
2022-06-23 11:00:00,521.2774999999999,46604.8825
2022-06-23 12:00:00,530.5025,45961.26
2022-06-23 13:00:00,530.84,46468.64
2022-06-23 14:00:00,513.75,46996.8225
2022-06-23 15:00:00,520.1875,47364.1525
2022-06-23 16:00:00,554.6025,47742.4875
2022-06-23 17:00:00,586.005,47597.3975
2022-06-23 18:00:00,610.7175,47348.587499999994
2022-06-23 19:00:00,623.2275000000001,46977.927500000005
2022-06-23 20:00:00,639.7725,46861.3375
2022-06-23 21:00:00,668.925,45195.555
2022-06-23 22:00:00,641.9875,43532.9
2022-06-23 23:00:00,585.4575,40839.015
2022-06-24 00:00:00,562.8525,38344.0875
2022-06-24 01:00:00,533.1725,36367.61
2022-06-24 02:00:00,497.39250000000004,34163.94
2022-06-24 03:00:00,463.3175,32352.3575
2022-06-24 04:00:00,448.82500000000005,32003.8925
2022-06-24 05:00:00,456.6,33314.0125
2022-06-24 06:00:00,400.6725,35039.3175
2022-06-24 07:00:00,298.7625,35571.4375
2022-06-24 08:00:00,269.87,36459.6075
2022-06-24 09:00:00,268.5675,39283.595
2022-06-24 10:00:00,341.3125,40551.4075
2022-06-24 11:00:00,431.005,40474.3
2022-06-24 12:00:00,474.8775,35582.2025
2022-06-24 13:00:00,505.3025,34032.380000000005
2022-06-24 14:00:00,514.055,34273.494999999995
2022-06-24 15:00:00,543.135,35112.67
2022-06-24 16:00:00,600.5675,35375.035
2022-06-24 17:00:00,660.1775,35125.1325
2022-06-24 18:00:00,707.565,36501.9625
2022-06-24 19:00:00,778.8625,36781.542499999996
2022-06-24 20:00:00,808.3025,37198.8875
2022-06-24 21:00:00,807.6524999999999,37431.415
2022-06-24 22:00:00,744.615,38107.005
2022-06-24 23:00:00,659.1,37465.7675
2022-06-25 00:00:00,506.615,37115.85
2022-06-25 01:00:00,449.275,36930.845
2022-06-25 02:00:00,429.24249999999995,35911.9075
2022-06-25 03:00:00,410.7475,34841.1575
2022-06-25 04:00:00,404.7175,34610.9625
2022-06-25 05:00:00,405.6525,36087.69
2022-06-25 06:00:00,306.45000000000005,36498.5325
2022-06-25 07:00:00,208.21,34536.582500000004
2022-06-25 08:00:00,192.525,31963.475
2022-06-25 09:00:00,178.6875,31525.705
2022-06-25 10:00:00,239.0875,31102.4875
2022-06-25 11:00:00,359.08750000000003,30679.4725
2022-06-25 12:00:00,389.39,28974.5375
2022-06-25 13:00:00,399.36,30047.190000000002
2022-06-25 14:00:00,394.09999999999997,31978.5975
2022-06-25 15:00:00,412.12,35166.7675
2022-06-25 16:00:00,439.58500000000004,39250.0775
2022-06-25 17:00:00,465.6025,43174.8025
2022-06-25 18:00:00,483.9775,45799.33
2022-06-25 19:00:00,493.2425,47436.604999999996
2022-06-25 20:00:00,507.97499999999997,47832.42
2022-06-25 21:00:00,512.7425,47410.295
2022-06-25 22:00:00,501.34749999999997,46812.8625
2022-06-25 23:00:00,488.275,44163.6425
2022-06-26 00:00:00,430.9375,40630.4775
2022-06-26 01:00:00,403.00250000000005,40128.9775
2022-06-26 02:00:00,388.96500000000003,38330.6075
2022-06-26 03:00:00,379.785,36629.557499999995
2022-06-26 04:00:00,379.2925,35709.3425
2022-06-26 05:00:00,383.6875,36490.197499999995
2022-06-26 06:00:00,348.9175,36377.075
2022-06-26 07:00:00,322.0775,34309.16
2022-06-26 08:00:00,352.4275,32647.2375
2022-06-26 09:00:00,382.48249999999996,32844.895
2022-06-26 10:00:00,420.695,34333.4625
2022-06-26 11:00:00,515.0174999999999,36671.9575
2022-06-26 12:00:00,580.1949999999999,36352.55
2022-06-26 13:00:00,644.47,38477.735
2022-06-26 14:00:00,601.6225000000001,41291.21
2022-06-26 15:00:00,595.4625000000001,43529.635
2022-06-26 16:00:00,625.0350000000001,45359.0475
2022-06-26 17:00:00,595.16,46526.2675
2022-06-26 18:00:00,564.07,45605.92
2022-06-26 19:00:00,529.435,45372.985
2022-06-26 20:00:00,526.98,44895.99
2022-06-26 21:00:00,527.8149999999999,42104.89
2022-06-26 22:00:00,503.4525,40315.0175
2022-06-26 23:00:00,455.33,38367.565
2022-06-27 00:00:00,400.345,36458.009999999995
2022-06-27 01:00:00,367.43,34917.855
2022-06-27 02:00:00,336.2775,33443.4225
2022-06-27 03:00:00,285.1775,32092.947500000002
2022-06-27 04:00:00,240.555,31295.247499999998
2022-06-27 05:00:00,267.9775,31655.872499999998
2022-06-27 06:00:00,203.85500000000002,32760.002500000002
2022-06-27 07:00:00,164.6525,32236.6425
2022-06-27 08:00:00,259.6625,30964.440000000002
2022-06-27 09:00:00,335.87750000000005,31976.8125
2022-06-27 10:00:00,377.3025,31768.9025
2022-06-27 11:00:00,419.135,31128.6725
2022-06-27 12:00:00,423.38,27188.06
2022-06-27 13:00:00,425.16999999999996,26908.7975
2022-06-27 14:00:00,406.7775,27376.96
2022-06-27 15:00:00,409.86,28854.7625
2022-06-27 16:00:00,421.0825,32184.387499999997
2022-06-27 17:00:00,425.43,36321.16
2022-06-27 18:00:00,434.6225,39440.6875
2022-06-27 19:00:00,443.6725,40891.135
2022-06-27 20:00:00,475.61,41306.052500000005
2022-06-27 21:00:00,498.2525,41012.5275
2022-06-27 22:00:00,477.44500000000005,40923.792499999996
2022-06-27 23:00:00,460.61,38811.167499999996
2022-06-28 00:00:00,415.705,37098.5475
2022-06-28 01:00:00,390.13,35614.45
2022-06-28 02:00:00,369.51,34095.4825
2022-06-28 03:00:00,356.0525,32482.614999999998
2022-06-28 04:00:00,350.19,32097.65
2022-06-28 05:00:00,362.43,32602.177499999998
2022-06-28 06:00:00,295.1925,31915.8125
2022-06-28 07:00:00,243.60250000000002,28304.145
2022-06-28 08:00:00,257.3725,23659.46
2022-06-28 09:00:00,265.445,22305.11
2022-06-28 10:00:00,319.49,22153.6
2022-06-28 11:00:00,384.09499999999997,23539.807500000003
2022-06-28 12:00:00,398.38750000000005,24303.120000000003
2022-06-28 13:00:00,408.185,25022.785
2022-06-28 14:00:00,409.97,27100.1375
2022-06-28 15:00:00,425.3525,29721.072500000002
2022-06-28 16:00:00,447.9775,34631.12
2022-06-28 17:00:00,464.1,39501.2175
2022-06-28 18:00:00,484.5825,42170.4375
2022-06-28 19:00:00,502.7475,42868.7125
2022-06-28 20:00:00,526.6875,42411.854999999996
2022-06-28 21:00:00,522.8325,40722.1025
2022-06-28 22:00:00,496.22749999999996,39426.097499999996
2022-06-28 23:00:00,477.6225,37054.7975
2022-06-29 00:00:00,461.16499999999996,34823.79
2022-06-29 01:00:00,442.4825,32962.8
2022-06-29 02:00:00,424.09000000000003,31677.48
2022-06-29 03:00:00,409.825,31401.1425
2022-06-29 04:00:00,401.69,31229.595
2022-06-29 05:00:00,408.52750000000003,32577.3975
2022-06-29 06:00:00,354.08000000000004,32894.195
2022-06-29 07:00:00,292.675,31339.5775
2022-06-29 08:00:00,298.7075,30064.6325
2022-06-29 09:00:00,289.25,29592.864999999998
2022-06-29 10:00:00,342.81,29370.0975
2022-06-29 11:00:00,406.10249999999996,30027.8425
2022-06-29 12:00:00,414.1625,28518.6475
2022-06-29 13:00:00,422.1325,30013.204999999998
2022-06-29 14:00:00,420.6275,32191.5175
2022-06-29 15:00:00,437.40500000000003,35603.9325
2022-06-29 16:00:00,463.21999999999997,40665.075
2022-06-29 17:00:00,486.5425,44295.292499999996
2022-06-29 18:00:00,506.395,45749.55
2022-06-29 19:00:00,516.4525,47116.1375
2022-06-29 20:00:00,531.63,47333.5475
2022-06-29 21:00:00,536.76,46472.045
2022-06-29 22:00:00,514.3075,44242.4425
2022-06-29 23:00:00,493.52750000000003,40521.345
2022-06-30 00:00:00,428.29499999999996,38584.43
2022-06-30 01:00:00,394.76750000000004,36993.9625
2022-06-30 02:00:00,378.77000000000004,36078.985
2022-06-30 03:00:00,359.94,34666.0875
2022-06-30 04:00:00,345.98,33761.2075
2022-06-30 05:00:00,365.94,35156.6075
2022-06-30 06:00:00,298.0125,35637.655
2022-06-30 07:00:00,222.9375,34459.24
2022-06-30 08:00:00,215.175,33459.56
2022-06-30 09:00:00,194.73000000000002,35395.665
2022-06-30 10:00:00,232.6575,36741.2975
2022-06-30 11:00:00,326.05,37092.432499999995
2022-06-30 12:00:00,353.91499999999996,34513.625
2022-06-30 13:00:00,383.4175,35737.3275
2022-06-30 14:00:00,387.1925,36349.384999999995
2022-06-30 15:00:00,405.8725,37135.582500000004
2022-06-30 16:00:00,435.2125,39115.207500000004
2022-06-30 17:00:00,464.35249999999996,42247.115
2022-06-30 18:00:00,488.17499999999995,44973.115
2022-06-30 19:00:00,499.3725,47124.667499999996
2022-06-30 20:00:00,512.2775,48471.1875
2022-06-30 21:00:00,514.075,47260.075
2022-06-30 22:00:00,486.57000000000005,44901.8
2022-06-30 23:00:00,468.6325,41943.5875
2022-07-01 00:00:00,417.61,40279.567500000005
2022-07-01 01:00:00,398.2925,39076.46
2022-07-01 02:00:00,386.615,37809.405
2022-07-01 03:00:00,372.14,36803.1125
2022-07-01 04:00:00,365.745,36157.6425
2022-07-01 05:00:00,382.89,37077.8375
2022-07-01 06:00:00,384.0275,37637.885
2022-07-01 07:00:00,371.525,36070.015
2022-07-01 08:00:00,350.26,34502.3175
2022-07-01 09:00:00,354.24249999999995,34321.4
2022-07-01 10:00:00,357.8075,35154.8225
2022-07-01 11:00:00,363.6,35879.7925
2022-07-01 12:00:00,362.86,33984.7475
2022-07-01 13:00:00,375.36,35259.1975
2022-07-01 14:00:00,392.0525,36884.0425
2022-07-01 15:00:00,411.0775,39178.89
2022-07-01 16:00:00,441.7625,43076.7375
2022-07-01 17:00:00,471.5325,46903.520000000004
2022-07-01 18:00:00,523.495,50928.2175
2022-07-01 19:00:00,582.8375,52136.945
2022-07-01 20:00:00,599.355,51351.785
2022-07-01 21:00:00,614.0,49783.8725
2022-07-01 22:00:00,592.6875,49412.292499999996
2022-07-01 23:00:00,499.21,46361.05
2022-07-02 00:00:00,409.46250000000003,43275.7575
2022-07-02 01:00:00,380.18,41493.8625
2022-07-02 02:00:00,357.87,39725.37
2022-07-02 03:00:00,327.26,38261.9775
2022-07-02 04:00:00,318.7075,37150.535
2022-07-02 05:00:00,349.3275,37424.9375
2022-07-02 06:00:00,326.71,37922.8025
2022-07-02 07:00:00,224.145,37159.56
2022-07-02 08:00:00,96.575,36739.425
2022-07-02 09:00:00,68.3475,38214.705
2022-07-02 10:00:00,78.075,39787.09
2022-07-02 11:00:00,96.6925,39711.625
2022-07-02 12:00:00,103.845,37142.75
2022-07-02 13:00:00,167.8525,38665.095
2022-07-02 14:00:00,259.9675,39532.75
2022-07-02 15:00:00,358.345,40467.9525
2022-07-02 16:00:00,406.22249999999997,41962.5725
2022-07-02 17:00:00,431.3025,42192.375
2022-07-02 18:00:00,451.06,43018.58
2022-07-02 19:00:00,471.3025,43904.7425
2022-07-02 20:00:00,461.20000000000005,44770.557499999995
2022-07-02 21:00:00,458.5,45162.095
2022-07-02 22:00:00,462.1725,43925.375
2022-07-02 23:00:00,436.4825,41139.795
2022-07-03 00:00:00,428.995,39194.6175
2022-07-03 01:00:00,415.67499999999995,38825.01
2022-07-03 02:00:00,398.645,37849.1575
2022-07-03 03:00:00,388.1025,36720.5925
2022-07-03 04:00:00,384.03499999999997,36405.9025
2022-07-03 05:00:00,388.61,37371.104999999996
2022-07-03 06:00:00,381.1325,38425.305
2022-07-03 07:00:00,350.94,37604.86
2022-07-03 08:00:00,310.58,37409.8725
2022-07-03 09:00:00,333.245,38820.4325
2022-07-03 10:00:00,365.8125,39786.245
2022-07-03 11:00:00,395.595,40170.1325
2022-07-03 12:00:00,414.6275,38166.85
2022-07-03 13:00:00,420.2975,39178.1475
2022-07-03 14:00:00,426.535,39940.7725
2022-07-03 15:00:00,459.37,40675.265
2022-07-03 16:00:00,510.02500000000003,42019.2275
2022-07-03 17:00:00,537.9825000000001,43842.057499999995
2022-07-03 18:00:00,550.485,44924.990000000005
2022-07-03 19:00:00,567.7475,45568.06
2022-07-03 20:00:00,559.675,45700.520000000004
2022-07-03 21:00:00,584.2475,44654.64
2022-07-03 22:00:00,658.7325000000001,44330.425
2022-07-03 23:00:00,577.7125,42459.74
2022-07-04 00:00:00,437.5625,40162.2875
2022-07-04 01:00:00,386.6725,38799.54
2022-07-04 02:00:00,364.9425,37575.83
2022-07-04 03:00:00,346.9425,36680.1075
2022-07-04 04:00:00,340.77750000000003,36132.945
2022-07-04 05:00:00,354.795,37118.965
2022-07-04 06:00:00,359.5475,37553.2325
2022-07-04 07:00:00,349.045,36747.2625
2022-07-04 08:00:00,336.34999999999997,35167.665
2022-07-04 09:00:00,352.1725,35273.96
2022-07-04 10:00:00,379.9125,35071.285
2022-07-04 11:00:00,404.1675,35366.817500000005
2022-07-04 12:00:00,412.2175,34391.1575
2022-07-04 13:00:00,416.9975,34997.1925
2022-07-04 14:00:00,420.76,35924.317500000005
2022-07-04 15:00:00,442.7575,37541.155
2022-07-04 16:00:00,470.78249999999997,40218.8825
2022-07-04 17:00:00,485.36749999999995,42828.625
2022-07-04 18:00:00,491.515,44301.05
2022-07-04 19:00:00,501.195,44592.265
2022-07-04 20:00:00,503.8025,45611.695
2022-07-04 21:00:00,553.0725,45109.2125
2022-07-04 22:00:00,623.73,45218.4325
2022-07-04 23:00:00,522.67,43496.65
2022-07-05 00:00:00,438.59749999999997,41258.885
2022-07-05 01:00:00,409.05,39196.362499999996
2022-07-05 02:00:00,390.6075,37754.94
2022-07-05 03:00:00,381.15,36903.2575
2022-07-05 04:00:00,380.0625,36427.1175
2022-07-05 05:00:00,387.63750000000005,37404.1125
2022-07-05 06:00:00,392.245,37017.85
2022-07-05 07:00:00,392.90749999999997,33951.9075
2022-07-05 08:00:00,387.84250000000003,30590.7125
2022-07-05 09:00:00,405.2475,30762.3925
2022-07-05 10:00:00,430.57,31760.255
2022-07-05 11:00:00,445.0425,33863.0375
2022-07-05 12:00:00,445.825,32935.6725
2022-07-05 13:00:00,442.525,33226.3775
2022-07-05 14:00:00,451.0375,33591.365
2022-07-05 15:00:00,469.4925,35173.5
2022-07-05 16:00:00,481.4625,38743.485
2022-07-05 17:00:00,477.615,43594.9275
2022-07-05 18:00:00,463.96750000000003,47212.925
2022-07-05 19:00:00,465.6875,49108.0525
2022-07-05 20:00:00,459.99,50458.655
2022-07-05 21:00:00,461.28000000000003,49769.4925
2022-07-05 22:00:00,483.08500000000004,48315.7775
2022-07-05 23:00:00,448.59749999999997,45018.245
2022-07-06 00:00:00,403.7025,44515.5075
2022-07-06 01:00:00,381.6825,43094.9525
2022-07-06 02:00:00,361.615,41565.7025
2022-07-06 03:00:00,342.8775,40478.935
2022-07-06 04:00:00,334.4925,39876.1325
2022-07-06 05:00:00,340.57500000000005,40723.225
2022-07-06 06:00:00,345.56,41088.1125
2022-07-06 07:00:00,340.16749999999996,38964.542499999996
2022-07-06 08:00:00,338.285,36895.965000000004
2022-07-06 09:00:00,366.4075,37176.3325
2022-07-06 10:00:00,387.7,38750.93
2022-07-06 11:00:00,391.875,40298.8425
2022-07-06 12:00:00,374.5025,40335.6725
2022-07-06 13:00:00,367.985,41724.3875
2022-07-06 14:00:00,369.6925,43267.0625
2022-07-06 15:00:00,375.8975,45645.875
2022-07-06 16:00:00,388.4525,49056.8925
2022-07-06 17:00:00,391.8175,52533.655
2022-07-06 18:00:00,398.455,55986.1575
2022-07-06 19:00:00,410.395,58483.2825
2022-07-06 20:00:00,422.285,58340.295
2022-07-06 21:00:00,430.6375,57979.81
2022-07-06 22:00:00,445.40500000000003,58123.125
2022-07-06 23:00:00,423.125,54873.745
2022-07-07 00:00:00,354.5375,50739.565
2022-07-07 01:00:00,316.97499999999997,48768.520000000004
2022-07-07 02:00:00,267.6725,46916.1925
2022-07-07 03:00:00,221.48999999999998,45276.3825
2022-07-07 04:00:00,207.04999999999998,44015.86
2022-07-07 05:00:00,248.1125,44789.08
2022-07-07 06:00:00,262.365,45171.865
2022-07-07 07:00:00,211.905,43366.695
2022-07-07 08:00:00,151.1125,43066.3375
2022-07-07 09:00:00,166.3025,44030.5725
2022-07-07 10:00:00,206.9775,46036.4975
2022-07-07 11:00:00,215.51749999999998,48361.2525
2022-07-07 12:00:00,207.165,49003.3775
2022-07-07 13:00:00,274.3575,50327.42
2022-07-07 14:00:00,328.3625,51914.15
2022-07-07 15:00:00,369.27750000000003,53561.62
2022-07-07 16:00:00,416.94,56571.305
2022-07-07 17:00:00,496.20750000000004,59059.74
2022-07-07 18:00:00,525.1225000000001,60521.675
2022-07-07 19:00:00,553.5225,61549.16
2022-07-07 20:00:00,667.7524999999999,61421.8675
2022-07-07 21:00:00,727.46,59622.1875
2022-07-07 22:00:00,634.135,57302.8375
2022-07-07 23:00:00,474.885,54447.095
2022-07-08 00:00:00,388.8825,50799.082500000004
2022-07-08 01:00:00,354.71000000000004,48511.315
2022-07-08 02:00:00,327.9725,46554.0825
2022-07-08 03:00:00,283.435,44890.0675
2022-07-08 04:00:00,269.85749999999996,44021.9025
2022-07-08 05:00:00,311.4175,44273.375
2022-07-08 06:00:00,304.05,44767.4625
2022-07-08 07:00:00,229.7025,43996.1125
2022-07-08 08:00:00,161.98999999999998,44505.58
2022-07-08 09:00:00,168.04,45694.5025
2022-07-08 10:00:00,219.745,47666.115
2022-07-08 11:00:00,265.3425,51283.3425
2022-07-08 12:00:00,273.6375,51586.8125
2022-07-08 13:00:00,313.325,51979.4525
2022-07-08 14:00:00,344.7175,53186.134999999995
2022-07-08 15:00:00,377.6775,55261.955
2022-07-08 16:00:00,417.2475,57940.972499999996
2022-07-08 17:00:00,471.2625,60239.29
2022-07-08 18:00:00,534.0350000000001,61726.675
2022-07-08 19:00:00,591.3475000000001,62472.385
2022-07-08 20:00:00,672.0975,62236.21
2022-07-08 21:00:00,705.62,61807.4475
2022-07-08 22:00:00,638.0625,60845.5175
2022-07-08 23:00:00,503.825,56625.1675
2022-07-09 00:00:00,420.4475,52952.2
2022-07-09 01:00:00,393.83,50244.875
2022-07-09 02:00:00,377.26,47696.345
2022-07-09 03:00:00,349.7575,45585.9825
2022-07-09 04:00:00,351.8225,44178.832500000004
2022-07-09 05:00:00,369.0475,43537.5375
2022-07-09 06:00:00,355.71500000000003,44022.5125
2022-07-09 07:00:00,307.135,43438.16
2022-07-09 08:00:00,246.74,45092.53
2022-07-09 09:00:00,286.8325,47970.58
2022-07-09 10:00:00,335.8625,50101.375
2022-07-09 11:00:00,367.745,53016.315
2022-07-09 12:00:00,390.6925,53575.9775
2022-07-09 13:00:00,413.63750000000005,54692.3075
2022-07-09 14:00:00,429.76250000000005,55673.04
2022-07-09 15:00:00,445.785,57030.5125
2022-07-09 16:00:00,486.41,59007.355
2022-07-09 17:00:00,545.8974999999999,60967.8725
2022-07-09 18:00:00,597.17,61210.085
2022-07-09 19:00:00,626.235,60180.8875
2022-07-09 20:00:00,710.085,58818.4075
2022-07-09 21:00:00,740.92,57948.7975
2022-07-09 22:00:00,661.4525,57841.0275
2022-07-09 23:00:00,533.9975,57271.6175
2022-07-10 00:00:00,488.58000000000004,54572.880000000005
2022-07-10 01:00:00,457.15,52252.1775
2022-07-10 02:00:00,430.1275,49235.355
2022-07-10 03:00:00,411.6,45541.215
2022-07-10 04:00:00,399.9775,44559.3875
2022-07-10 05:00:00,392.8725,42873.6725
2022-07-10 06:00:00,382.27,44691.2375
2022-07-10 07:00:00,362.525,44468.295
2022-07-10 08:00:00,353.125,48298.5425
2022-07-10 09:00:00,404.1175,51172.555
2022-07-10 10:00:00,448.195,53703.1775
2022-07-10 11:00:00,460.71000000000004,57069.8625
2022-07-10 12:00:00,459.8575,58142.63
2022-07-10 13:00:00,461.6375,58457.9775
2022-07-10 14:00:00,467.28999999999996,57723.8625
2022-07-10 15:00:00,483.57,56757.792499999996
2022-07-10 16:00:00,501.7725,57749.505
2022-07-10 17:00:00,500.48749999999995,57791.3925
2022-07-10 18:00:00,523.5325,58891.795
2022-07-10 19:00:00,586.5775000000001,59916.0775
2022-07-10 20:00:00,650.4575,59422.677500000005
2022-07-10 21:00:00,702.5174999999999,57322.9075
2022-07-10 22:00:00,736.775,56685.58
2022-07-10 23:00:00,611.86,57206.55
2022-07-11 00:00:00,295.04999999999995,54756.84
2022-07-11 01:00:00,293.96750000000003,51932.9875
2022-07-11 02:00:00,307.665,49249.6625
2022-07-11 03:00:00,291.27750000000003,47035.3
2022-07-11 04:00:00,288.25750000000005,45465.4925
2022-07-11 05:00:00,306.47,45307.292499999996
2022-07-11 06:00:00,308.18,45304.12
2022-07-11 07:00:00,302.9325,45105.8875
2022-07-11 08:00:00,289.0375,46856.337499999994
2022-07-11 09:00:00,305.185,49426.167499999996
2022-07-11 10:00:00,326.22,51341.8025
2022-07-11 11:00:00,345.265,54741.8
2022-07-11 12:00:00,335.65999999999997,53806.9125
2022-07-11 13:00:00,356.29499999999996,52382.744999999995
2022-07-11 14:00:00,387.2025,52611.4775
2022-07-11 15:00:00,419.83500000000004,53980.915
2022-07-11 16:00:00,452.08500000000004,53700.270000000004
2022-07-11 17:00:00,466.805,54216.5525
2022-07-11 18:00:00,477.25,54738.052500000005
2022-07-11 19:00:00,486.8425,55414.705
2022-07-11 20:00:00,489.34000000000003,55476.167499999996
2022-07-11 21:00:00,485.39750000000004,54536.715
2022-07-11 22:00:00,480.7825,54849.66
2022-07-11 23:00:00,452.24,52593.715
2022-07-12 00:00:00,376.235,51528.3675
2022-07-12 01:00:00,317.53749999999997,49462.31
2022-07-12 02:00:00,246.1575,44664.557499999995
2022-07-12 03:00:00,197.325,42506.98
2022-07-12 04:00:00,179.17,41408.755
2022-07-12 05:00:00,195.2575,40491.935
2022-07-12 06:00:00,199.5275,40768.5475
2022-07-12 07:00:00,195.8875,41078.325
2022-07-12 08:00:00,211.4675,42769.82
2022-07-12 09:00:00,301.5225,45015.5275
2022-07-12 10:00:00,357.36,46601.917499999996
2022-07-12 11:00:00,375.2875,50308.182499999995
2022-07-12 12:00:00,361.9225,51478.2275
2022-07-12 13:00:00,376.28499999999997,52569.4025
2022-07-12 14:00:00,393.7025,53855.6725
2022-07-12 15:00:00,412.73,55005.705
2022-07-12 16:00:00,429.555,54915.075
2022-07-12 17:00:00,438.175,57003.0275
2022-07-12 18:00:00,439.9375,56590.2525
2022-07-12 19:00:00,440.9375,58254.2575
2022-07-12 20:00:00,452.0425,60531.0925
2022-07-12 21:00:00,440.445,60213.365
2022-07-12 22:00:00,432.5825,61060.15
2022-07-12 23:00:00,410.2375,61778.985
2022-07-13 00:00:00,388.13,57215.4
2022-07-13 01:00:00,371.5,54374.475
2022-07-13 02:00:00,353.4375,52073.832500000004
2022-07-13 03:00:00,342.1475,49721.9075
2022-07-13 04:00:00,336.3075,47548.475000000006
2022-07-13 05:00:00,346.565,46660.5075
2022-07-13 06:00:00,359.2325,47218.8075
2022-07-13 07:00:00,358.3175,46622.354999999996
2022-07-13 08:00:00,361.08,49447.54
2022-07-13 09:00:00,389.265,54201.8675
2022-07-13 10:00:00,406.43,57311.095
2022-07-13 11:00:00,408.9975,60041.13
2022-07-13 12:00:00,394.195,59144.3725
2022-07-13 13:00:00,395.7675,58315.1375
2022-07-13 14:00:00,405.3925,57685.3975
2022-07-13 15:00:00,423.1575,56251.58
2022-07-13 16:00:00,441.5175,55401.0525
2022-07-13 17:00:00,456.11,52758.542499999996
2022-07-13 18:00:00,476.975,53034.9525
2022-07-13 19:00:00,489.865,54342.18
2022-07-13 20:00:00,497.22249999999997,54323.705
2022-07-13 21:00:00,494.1875,53894.93
2022-07-13 22:00:00,509.27750000000003,55638.82
2022-07-13 23:00:00,480.27,54704.18
2022-07-14 00:00:00,416.475,50289.875
2022-07-14 01:00:00,393.065,46835.515
2022-07-14 02:00:00,379.6475,44200.61
2022-07-14 03:00:00,367.215,41462.705
2022-07-14 04:00:00,363.41,39250.135
2022-07-14 05:00:00,372.385,38613.6375
2022-07-14 06:00:00,370.455,38895.74
2022-07-14 07:00:00,356.225,38426.9775
2022-07-14 08:00:00,351.515,38162.23
2022-07-14 09:00:00,366.28749999999997,39219.54
2022-07-14 10:00:00,379.505,38727.1575
2022-07-14 11:00:00,381.26,38624.9125
2022-07-14 12:00:00,376.04,37068.725
2022-07-14 13:00:00,385.84,37380.725
2022-07-14 14:00:00,397.6525,38019.025
2022-07-14 15:00:00,416.84250000000003,38417.8975
2022-07-14 16:00:00,445.66,39900.18
2022-07-14 17:00:00,479.545,40823.71
2022-07-14 18:00:00,524.415,40406.1875
2022-07-14 19:00:00,563.14,39767.6875
2022-07-14 20:00:00,573.3425,38837.3325
2022-07-14 21:00:00,573.3675000000001,38292.0625
2022-07-14 22:00:00,574.7075,40826.325
2022-07-14 23:00:00,489.3625,39835.615
2022-07-15 00:00:00,445.96,40791.1
2022-07-15 01:00:00,425.6325,40250.99
2022-07-15 02:00:00,405.89,38991.425
2022-07-15 03:00:00,393.4225,37910.335
2022-07-15 04:00:00,389.16499999999996,37730.935
2022-07-15 05:00:00,390.3975,38481.655
2022-07-15 06:00:00,382.6675,40855.185
2022-07-15 07:00:00,365.1075,40745.31
2022-07-15 08:00:00,351.51,40286.6875
2022-07-15 09:00:00,370.27250000000004,41409.35
2022-07-15 10:00:00,387.435,41791.7925
2022-07-15 11:00:00,400.21500000000003,41530.2675
2022-07-15 12:00:00,401.0825,38287.3725
2022-07-15 13:00:00,411.0225,38625.6125
2022-07-15 14:00:00,423.335,40154.4775
2022-07-15 15:00:00,451.67499999999995,42047.9225
2022-07-15 16:00:00,506.785,43702.025
2022-07-15 17:00:00,568.35,44398.292499999996
2022-07-15 18:00:00,660.3100000000001,44494.2825
2022-07-15 19:00:00,715.3625000000001,44837.2675
2022-07-15 20:00:00,739.0225,44147.4225
2022-07-15 21:00:00,731.285,43747.4075
2022-07-15 22:00:00,694.6949999999999,45181.3125
2022-07-15 23:00:00,551.315,43579.63
2022-07-16 00:00:00,431.0875,40885.5775
2022-07-16 01:00:00,392.87,40062.1925
2022-07-16 02:00:00,372.395,39341.8775
2022-07-16 03:00:00,354.7525,38491.7425
2022-07-16 04:00:00,350.1675,38323.78
2022-07-16 05:00:00,350.0,39238.095
2022-07-16 06:00:00,344.2475,41480.0925
2022-07-16 07:00:00,328.4925,41596.44
2022-07-16 08:00:00,322.1925,39843.36
2022-07-16 09:00:00,358.72499999999997,40247.8125
2022-07-16 10:00:00,386.09,39848.51
2022-07-16 11:00:00,396.94,39081.9875
2022-07-16 12:00:00,398.42499999999995,36501.5575
2022-07-16 13:00:00,405.71,37423.69
2022-07-16 14:00:00,418.105,40581.1125
2022-07-16 15:00:00,435.39,42411.5375
2022-07-16 16:00:00,452.7625,45441.935
2022-07-16 17:00:00,464.6875,47073.9025
2022-07-16 18:00:00,478.665,48491.815
2022-07-16 19:00:00,496.18,49944.494999999995
2022-07-16 20:00:00,519.755,49659.1825
2022-07-16 21:00:00,516.0174999999999,49085.7425
2022-07-16 22:00:00,502.95500000000004,49504.7875
2022-07-16 23:00:00,453.2875,46766.695
2022-07-17 00:00:00,370.61,44135.81
2022-07-17 01:00:00,339.4425,42995.295
2022-07-17 02:00:00,308.965,41133.025
2022-07-17 03:00:00,278.945,39909.055
2022-07-17 04:00:00,264.84499999999997,39299.785
2022-07-17 05:00:00,277.0475,40122.29
2022-07-17 06:00:00,280.665,41677.95
2022-07-17 07:00:00,274.775,41259.315
2022-07-17 08:00:00,243.91,40742.715
2022-07-17 09:00:00,272.18,40952.994999999995
2022-07-17 10:00:00,313.075,40445.585
2022-07-17 11:00:00,323.2625,40834.37
2022-07-17 12:00:00,303.09,39955.325
2022-07-17 13:00:00,325.08,42235.692500000005
2022-07-17 14:00:00,355.35,44240.207500000004
2022-07-17 15:00:00,387.5675,46214.8625
2022-07-17 16:00:00,414.715,50828.32
2022-07-17 17:00:00,431.645,54242.222499999996
2022-07-17 18:00:00,451.74,54799.09
2022-07-17 19:00:00,464.99,55311.7475
2022-07-17 20:00:00,463.52,53666.485
2022-07-17 21:00:00,460.37,52384.1375
2022-07-17 22:00:00,451.0025,51762.335
2022-07-17 23:00:00,429.02250000000004,47682.192500000005
2022-07-18 00:00:00,323.7975,44129.5825
2022-07-18 01:00:00,243.125,42326.525
2022-07-18 02:00:00,174.24,40765.2875
2022-07-18 03:00:00,126.775,40212.125
2022-07-18 04:00:00,111.755,39278.6075
2022-07-18 05:00:00,148.25,39558.807499999995
2022-07-18 06:00:00,161.6925,41899.3225
2022-07-18 07:00:00,118.8875,41983.457500000004
2022-07-18 08:00:00,78.29,41527.445
2022-07-18 09:00:00,78.87,42321.9425
2022-07-18 10:00:00,90.2975,45228.375
2022-07-18 11:00:00,110.47749999999999,47261.037500000006
2022-07-18 12:00:00,98.055,46489.24
2022-07-18 13:00:00,136.9875,47768.14
2022-07-18 14:00:00,235.75,50228.479999999996
2022-07-18 15:00:00,341.88,51855.8025
2022-07-18 16:00:00,413.925,54647.6475
2022-07-18 17:00:00,461.665,54329.85
2022-07-18 18:00:00,521.835,54465.770000000004
2022-07-18 19:00:00,561.135,55486.8675
2022-07-18 20:00:00,576.7375,55088.2175
2022-07-18 21:00:00,572.095,53895.3375
2022-07-18 22:00:00,542.9225,55085.375
2022-07-18 23:00:00,479.22249999999997,51972.0275
2022-07-19 00:00:00,383.65749999999997,49533.057499999995
2022-07-19 01:00:00,358.59499999999997,48371.229999999996
2022-07-19 02:00:00,334.455,46280.31
2022-07-19 03:00:00,304.48249999999996,44349.822499999995
2022-07-19 04:00:00,292.025,42486.145000000004
2022-07-19 05:00:00,296.90000000000003,42469.4725
2022-07-19 06:00:00,285.435,42547.97
2022-07-19 07:00:00,280.15250000000003,40498.39
2022-07-19 08:00:00,294.385,38877.81
2022-07-19 09:00:00,355.865,39116.69
2022-07-19 10:00:00,395.36,40234.2025
2022-07-19 11:00:00,414.575,43782.455
2022-07-19 12:00:00,415.7575,44089.7375
2022-07-19 13:00:00,425.2425,45271.472499999996
2022-07-19 14:00:00,441.5025,46158.8075
2022-07-19 15:00:00,466.7675,47792.5875
2022-07-19 16:00:00,484.5775,52536.1275
2022-07-19 17:00:00,501.89750000000004,54830.7075
2022-07-19 18:00:00,518.875,55814.2225
2022-07-19 19:00:00,513.005,57855.5475
2022-07-19 20:00:00,519.7425000000001,57205.78
2022-07-19 21:00:00,514.5875,55367.97
2022-07-19 22:00:00,506.0575,54076.4825
2022-07-19 23:00:00,442.84,48024.207500000004
2022-07-20 00:00:00,319.3125,45612.06
2022-07-20 01:00:00,339.0775,45030.795
2022-07-20 02:00:00,300.57000000000005,43692.2375
2022-07-20 03:00:00,226.43,41068.165
2022-07-20 04:00:00,201.29500000000002,39691.0825
2022-07-20 05:00:00,273.6175,39689.0125
2022-07-20 06:00:00,342.5325,41112.405
2022-07-20 07:00:00,369.9925,42113.015
2022-07-20 08:00:00,373.71,45332.2975
2022-07-20 09:00:00,393.53249999999997,49696.64
2022-07-20 10:00:00,405.14250000000004,52741.587499999994
2022-07-20 11:00:00,401.28499999999997,54952.2225
2022-07-20 12:00:00,379.9275,55551.815
2022-07-20 13:00:00,380.95,58245.185
2022-07-20 14:00:00,385.14,55769.7225
2022-07-20 15:00:00,388.4975,54251.2575
2022-07-20 16:00:00,394.08,53508.5625
2022-07-20 17:00:00,397.37,53802.235
2022-07-20 18:00:00,401.5725,54301.6875
2022-07-20 19:00:00,405.2625,56039.3325
2022-07-20 20:00:00,412.315,56086.47
2022-07-20 21:00:00,410.40749999999997,55846.3375
2022-07-20 22:00:00,413.55,56838.03
2022-07-20 23:00:00,402.8225,55215.035
2022-07-21 00:00:00,400.73749999999995,50219.8875
2022-07-21 01:00:00,395.28,45947.597499999996
2022-07-21 02:00:00,379.3275,42593.485
2022-07-21 03:00:00,361.0025,39462.104999999996
2022-07-21 04:00:00,359.8675,37173.925
2022-07-21 05:00:00,377.075,37387.165
2022-07-21 06:00:00,361.79,38475.2025
2022-07-21 07:00:00,187.405,36340.7175
2022-07-21 08:00:00,90.6425,35285.2925
2022-07-21 09:00:00,89.045,36317.6325
2022-07-21 10:00:00,95.535,37603.4975
2022-07-21 11:00:00,103.2225,39541.917499999996
2022-07-21 12:00:00,94.545,40504.7675
2022-07-21 13:00:00,135.07999999999998,42403.76
2022-07-21 14:00:00,238.01000000000002,43917.665
2022-07-21 15:00:00,354.215,46192.7125
2022-07-21 16:00:00,411.2825,49303.8775
2022-07-21 17:00:00,447.165,51449.182499999995
2022-07-21 18:00:00,481.04999999999995,49283.582500000004
2022-07-21 19:00:00,512.1175000000001,49623.4275
2022-07-21 20:00:00,528.015,48555.7025
2022-07-21 21:00:00,508.41749999999996,47492.1625
2022-07-21 22:00:00,484.9175,50025.7575
2022-07-21 23:00:00,445.295,48267.3075
2022-07-22 00:00:00,328.2775,45160.2025
2022-07-22 01:00:00,308.97999999999996,43062.2875
2022-07-22 02:00:00,305.43,41087.4975
2022-07-22 03:00:00,278.345,39671.9
2022-07-22 04:00:00,271.3275,38472.47
2022-07-22 05:00:00,295.95500000000004,38984.5225
2022-07-22 06:00:00,256.77750000000003,39691.8925
2022-07-22 07:00:00,276.9375,36357.85
2022-07-22 08:00:00,253.45,33590.4525
2022-07-22 09:00:00,288.88,33216.385
2022-07-22 10:00:00,310.615,33830.4625
2022-07-22 11:00:00,317.01250000000005,35560.54
2022-07-22 12:00:00,314.9325,36002.222499999996
2022-07-22 13:00:00,329.89,38533.525
2022-07-22 14:00:00,364.295,41704.770000000004
2022-07-22 15:00:00,434.4425,45060.485
2022-07-22 16:00:00,525.7675,48714.94
2022-07-22 17:00:00,589.705,51788.295
2022-07-22 18:00:00,598.5275,53938.3475
2022-07-22 19:00:00,589.9725,54260.915
2022-07-22 20:00:00,609.2675,52937.0175
2022-07-22 21:00:00,557.905,50868.9
2022-07-22 22:00:00,493.185,48375.24
2022-07-22 23:00:00,389.88250000000005,44755.5775
2022-07-23 00:00:00,370.52,44270.6275
2022-07-23 01:00:00,313.5325,43144.0525
2022-07-23 02:00:00,175.34,41894.0925
2022-07-23 03:00:00,97.115,41511.635
2022-07-23 04:00:00,80.66499999999999,40450.7
2022-07-23 05:00:00,91.2825,41418.4475
2022-07-23 06:00:00,97.0325,42022.152500000004
2022-07-23 07:00:00,89.6075,40439.8025
2022-07-23 08:00:00,79.4825,37917.965
2022-07-23 09:00:00,81.3125,39771.807499999995
2022-07-23 10:00:00,85.48,40758.5325
2022-07-23 11:00:00,79.865,44368.925
2022-07-23 12:00:00,61.61,45192.1525
2022-07-23 13:00:00,63.9375,46690.994999999995
2022-07-23 14:00:00,83.27,46322.155
2022-07-23 15:00:00,250.23,48127.777500000004
2022-07-23 16:00:00,394.83000000000004,49733.42
2022-07-23 17:00:00,499.22249999999997,48574.365000000005
2022-07-23 18:00:00,602.9275,47071.4
2022-07-23 19:00:00,629.5,48348.725
2022-07-23 20:00:00,685.1475,47216.9275
2022-07-23 21:00:00,666.125,46018.17
2022-07-23 22:00:00,656.4449999999999,46626.707500000004
2022-07-23 23:00:00,540.765,42955.4525
2022-07-24 00:00:00,427.72249999999997,40096.5975
2022-07-24 01:00:00,382.255,38694.265
2022-07-24 02:00:00,325.03,37127.2475
2022-07-24 03:00:00,222.9625,36495.8175
2022-07-24 04:00:00,183.3775,35619.8925
2022-07-24 05:00:00,244.6925,36522.3275
2022-07-24 06:00:00,199.0125,39321.130000000005
2022-07-24 07:00:00,110.965,38482.1725
2022-07-24 08:00:00,59.775,44254.380000000005
2022-07-24 09:00:00,56.0,48686.14
2022-07-24 10:00:00,55.0,50199.59
2022-07-24 11:00:00,31.3125,52180.4675
2022-07-24 12:00:00,-33.25,51602.9125
2022-07-24 13:00:00,28.75,51213.29
2022-07-24 14:00:00,76.03,51224.095
2022-07-24 15:00:00,150.77,50766.8775
2022-07-24 16:00:00,336.81,51231.9375
2022-07-24 17:00:00,441.775,51769.625
2022-07-24 18:00:00,535.5374999999999,51809.71
2022-07-24 19:00:00,606.0225,52000.9525
2022-07-24 20:00:00,605.5125,50385.9375
2022-07-24 21:00:00,514.665,47878.29
2022-07-24 22:00:00,466.825,47236.725
2022-07-24 23:00:00,418.5725,43531.475
2022-07-25 00:00:00,223.5575,42929.072499999995
2022-07-25 01:00:00,127.59,40700.42
2022-07-25 02:00:00,98.7775,38340.715
2022-07-25 03:00:00,80.6575,36403.8725
2022-07-25 04:00:00,83.565,35526.79
2022-07-25 05:00:00,102.5775,36428.6275
2022-07-25 06:00:00,114.7225,37437.4875
2022-07-25 07:00:00,107.74000000000001,35158.805
2022-07-25 08:00:00,83.1925,32120.0575
2022-07-25 09:00:00,94.63,30333.945
2022-07-25 10:00:00,112.395,31115.1175
2022-07-25 11:00:00,121.86749999999999,31997.3
2022-07-25 12:00:00,104.9975,30376.5025
2022-07-25 13:00:00,118.28,32612.989999999998
2022-07-25 14:00:00,222.2975,33781.24
2022-07-25 15:00:00,356.86,36458.417499999996
2022-07-25 16:00:00,489.3325,41716.2475
2022-07-25 17:00:00,665.0025,46443.66
2022-07-25 18:00:00,799.845,48235.3525
2022-07-25 19:00:00,851.6675,49179.305
2022-07-25 20:00:00,866.39,47942.9825
2022-07-25 21:00:00,827.01,46946.9925
2022-07-25 22:00:00,748.365,47584.73
2022-07-25 23:00:00,553.1725,45653.880000000005
2022-07-26 00:00:00,395.10749999999996,43847.405
2022-07-26 01:00:00,347.3025,42037.4075
2022-07-26 02:00:00,279.305,39915.0775
2022-07-26 03:00:00,229.485,38305.89
2022-07-26 04:00:00,226.35,37424.8825
2022-07-26 05:00:00,265.145,37796.975
2022-07-26 06:00:00,275.01250000000005,37838.17
2022-07-26 07:00:00,235.98,33964.0625
2022-07-26 08:00:00,198.14249999999998,29654.17
2022-07-26 09:00:00,308.5125,28039.3325
2022-07-26 10:00:00,369.41999999999996,27583.5
2022-07-26 11:00:00,383.115,29193.845
2022-07-26 12:00:00,372.40250000000003,30965.945
2022-07-26 13:00:00,369.9,31899.565
2022-07-26 14:00:00,376.01250000000005,34582.0325
2022-07-26 15:00:00,391.3125,38485.275
2022-07-26 16:00:00,404.7625,42940.845
2022-07-26 17:00:00,428.5625,46645.2775
2022-07-26 18:00:00,454.6325,46743.695
2022-07-26 19:00:00,506.7225,47447.1725
2022-07-26 20:00:00,575.96,45707.155
2022-07-26 21:00:00,537.2225,43992.245
2022-07-26 22:00:00,462.03749999999997,43616.9725
2022-07-26 23:00:00,399.5475,40267.6325
2022-07-27 00:00:00,366.4,37396.8175
2022-07-27 01:00:00,346.28249999999997,34974.1425
2022-07-27 02:00:00,328.08,33162.1475
2022-07-27 03:00:00,319.63,32151.705
2022-07-27 04:00:00,319.205,32856.0975
2022-07-27 05:00:00,324.6975,33968.6475
2022-07-27 06:00:00,327.915,35283.085
2022-07-27 07:00:00,323.5425,36117.2375
2022-07-27 08:00:00,315.98,39673.14
2022-07-27 09:00:00,328.36249999999995,44081.67
2022-07-27 10:00:00,340.1625,47153.06
2022-07-27 11:00:00,338.29999999999995,48962.5725
2022-07-27 12:00:00,323.97,46848.215
2022-07-27 13:00:00,327.01,47736.025
2022-07-27 14:00:00,342.28499999999997,49413.955
2022-07-27 15:00:00,371.1375,51035.009999999995
2022-07-27 16:00:00,399.31,48528.3525
2022-07-27 17:00:00,419.53000000000003,48633.1125
2022-07-27 18:00:00,451.2975,47654.3125
2022-07-27 19:00:00,453.525,47482.065
2022-07-27 20:00:00,445.8625,44163.4725
2022-07-27 21:00:00,442.4575,39546.3875
2022-07-27 22:00:00,432.98,37700.7825
2022-07-27 23:00:00,380.92,35064.784999999996
2022-07-28 00:00:00,369.96,33397.85
2022-07-28 01:00:00,353.7,32157.355
2022-07-28 02:00:00,328.96000000000004,30300.465
2022-07-28 03:00:00,302.76250000000005,29325.912500000002
2022-07-28 04:00:00,299.38750000000005,29278.965
2022-07-28 05:00:00,312.5475,31198.5225
2022-07-28 06:00:00,321.0175,33141.03
2022-07-28 07:00:00,319.86,29796.8325
2022-07-28 08:00:00,304.5125,24039.7975
2022-07-28 09:00:00,332.7425,21230.505
2022-07-28 10:00:00,359.5325,21211.4725
2022-07-28 11:00:00,364.145,20823.705
2022-07-28 12:00:00,333.1425,19719.487500000003
2022-07-28 13:00:00,342.08000000000004,23886.495
2022-07-28 14:00:00,368.385,28805.74
2022-07-28 15:00:00,393.6875,32249.28
2022-07-28 16:00:00,415.015,35807.869999999995
2022-07-28 17:00:00,422.735,40501.8625
2022-07-28 18:00:00,422.07,42464.925
2022-07-28 19:00:00,438.97249999999997,43296.295
2022-07-28 20:00:00,437.7075,42155.130000000005
2022-07-28 21:00:00,421.01,41623.740000000005
2022-07-28 22:00:00,405.21250000000003,42298.1925
2022-07-28 23:00:00,340.53499999999997,41482.095
2022-07-29 00:00:00,371.23,41061.2025
2022-07-29 01:00:00,368.17,40461.8875
2022-07-29 02:00:00,339.0025,39203.880000000005
2022-07-29 03:00:00,319.405,37947.942500000005
2022-07-29 04:00:00,310.03,37742.567500000005
2022-07-29 05:00:00,325.97249999999997,38831.4875
2022-07-29 06:00:00,340.52,40408.525
2022-07-29 07:00:00,331.5125,37240.325
2022-07-29 08:00:00,329.2675,32763.1875
2022-07-29 09:00:00,356.15,29840.755
2022-07-29 10:00:00,369.015,28496.505
2022-07-29 11:00:00,349.7025,28468.62
2022-07-29 12:00:00,312.9375,28363.9025
2022-07-29 13:00:00,319.6975,31008.98
2022-07-29 14:00:00,338.0125,35875.4525
2022-07-29 15:00:00,369.6575,38738.56
2022-07-29 16:00:00,408.1975,43540.3375
2022-07-29 17:00:00,440.0575,46132.865000000005
2022-07-29 18:00:00,459.575,46648.2175
2022-07-29 19:00:00,483.95500000000004,47104.9925
2022-07-29 20:00:00,486.245,45850.805
2022-07-29 21:00:00,474.90999999999997,45395.2725
2022-07-29 22:00:00,451.8075,45816.625
2022-07-29 23:00:00,408.5925,44512.765
2022-07-30 00:00:00,375.07500000000005,43245.3675
2022-07-30 01:00:00,359.18,42069.855
2022-07-30 02:00:00,329.71500000000003,40723.4725
2022-07-30 03:00:00,266.3075,39568.045
2022-07-30 04:00:00,261.08,38950.045
2022-07-30 05:00:00,314.5775,39647.205
2022-07-30 06:00:00,330.3925,41308.29
2022-07-30 07:00:00,305.27,40826.5325
2022-07-30 08:00:00,206.825,40276.8725
2022-07-30 09:00:00,248.23250000000002,40887.735
2022-07-30 10:00:00,283.9975,39386.7025
2022-07-30 11:00:00,256.4725,37940.05
2022-07-30 12:00:00,149.0325,33428.6775
2022-07-30 13:00:00,171.1925,31710.377500000002
2022-07-30 14:00:00,281.3225,33621.9825
2022-07-30 15:00:00,354.52,37234.87
2022-07-30 16:00:00,398.505,41586.67
2022-07-30 17:00:00,465.7175,44326.8575
2022-07-30 18:00:00,545.635,44792.7225
2022-07-30 19:00:00,624.3349999999999,44443.56
2022-07-30 20:00:00,633.4375,42804.28
2022-07-30 21:00:00,587.44,41936.33
2022-07-30 22:00:00,562.625,42818.05
2022-07-30 23:00:00,459.77250000000004,41169.9225
2022-07-31 00:00:00,366.85,39263.16
2022-07-31 01:00:00,336.2975,38168.1125
2022-07-31 02:00:00,323.3775,36753.9775
2022-07-31 03:00:00,314.8575,35655.192500000005
2022-07-31 04:00:00,308.845,35787.5875
2022-07-31 05:00:00,313.53,37119.1925
2022-07-31 06:00:00,301.5725,38486.99
2022-07-31 07:00:00,183.3,35697.5875
2022-07-31 08:00:00,86.1425,31909.4175
2022-07-31 09:00:00,70.64,29314.29
2022-07-31 10:00:00,93.7125,26933.61
2022-07-31 11:00:00,110.395,26625.58
2022-07-31 12:00:00,84.2025,24955.0775
2022-07-31 13:00:00,92.2325,28111.83
2022-07-31 14:00:00,201.625,31862.575
2022-07-31 15:00:00,305.1625,35817.604999999996
2022-07-31 16:00:00,385.105,39730.3025
2022-07-31 17:00:00,476.095,41755.635
2022-07-31 18:00:00,557.8875,41540.615000000005
2022-07-31 19:00:00,615.9925000000001,40962.8175
2022-07-31 20:00:00,604.325,38999.72
2022-07-31 21:00:00,579.0275,37110.25
2022-07-31 22:00:00,563.3475,38634.8675
2022-07-31 23:00:00,466.5925,37096.79
2022-08-01 00:00:00,435.1125,36112.3175
2022-08-01 01:00:00,420.765,34571.332500000004
2022-08-01 02:00:00,405.03999999999996,32439.795
2022-08-01 03:00:00,392.8375,31642.747499999998
2022-08-01 04:00:00,388.73,32164.7775
2022-08-01 05:00:00,396.545,33735.385
2022-08-01 06:00:00,397.985,35790.4875
2022-08-01 07:00:00,370.9925,33809.975
2022-08-01 08:00:00,237.2725,29557.2975
2022-08-01 09:00:00,196.8275,26900.98
2022-08-01 10:00:00,218.91750000000002,23145.18
2022-08-01 11:00:00,263.2525,22214.9125
2022-08-01 12:00:00,260.7025,21942.879999999997
2022-08-01 13:00:00,320.4925,24501.045
2022-08-01 14:00:00,372.2375,26402.7575
2022-08-01 15:00:00,402.915,30230.07
2022-08-01 16:00:00,435.6275,36763.792499999996
2022-08-01 17:00:00,469.2525,42226.4125
2022-08-01 18:00:00,506.3075,43883.0775
2022-08-01 19:00:00,530.6625,43190.305
2022-08-01 20:00:00,536.4975,42520.5625
2022-08-01 21:00:00,532.7275,42404.2675
2022-08-01 22:00:00,527.47,43859.9625
2022-08-01 23:00:00,484.1475,42093.0825
2022-08-02 00:00:00,357.4375,40826.375
2022-08-02 01:00:00,314.7625,39922.38
2022-08-02 02:00:00,310.9075,37538.2275
2022-08-02 03:00:00,309.2075,36575.975000000006
2022-08-02 04:00:00,308.8275,36087.195
2022-08-02 05:00:00,309.155,36682.8825
2022-08-02 06:00:00,308.7375,37318.925
2022-08-02 07:00:00,306.84999999999997,34959.3175
2022-08-02 08:00:00,301.2475,30895.03
2022-08-02 09:00:00,303.875,29838.8325
2022-08-02 10:00:00,307.6725,30144.0625
2022-08-02 11:00:00,309.9225,31786.0275
2022-08-02 12:00:00,310.65000000000003,30979.7225
2022-08-02 13:00:00,311.99,33138.3825
2022-08-02 14:00:00,315.45500000000004,34701.4275
2022-08-02 15:00:00,321.8625,35752.875
2022-08-02 16:00:00,331.325,37617.9925
2022-08-02 17:00:00,338.125,39085.1425
2022-08-02 18:00:00,341.13750000000005,39769.955
2022-08-02 19:00:00,340.95750000000004,38907.175
2022-08-02 20:00:00,340.8025,38338.4825
2022-08-02 21:00:00,343.2075,37724.6075
2022-08-02 22:00:00,344.5175,38521.9975
2022-08-02 23:00:00,329.39,37105.4375
2022-08-03 00:00:00,448.9925,36446.21
2022-08-03 01:00:00,425.13,35705.509999999995
2022-08-03 02:00:00,355.5525,34131.9325
2022-08-03 03:00:00,299.76,33766.995
2022-08-03 04:00:00,273.9375,34122.905
2022-08-03 05:00:00,294.6525,35164.305
2022-08-03 06:00:00,296.98,37799.817500000005
2022-08-03 07:00:00,254.0475,37370.457500000004
2022-08-03 08:00:00,211.78,36072.93
2022-08-03 09:00:00,247.9,36463.2375
2022-08-03 10:00:00,334.1375,35519.05
2022-08-03 11:00:00,407.8125,34956.165
2022-08-03 12:00:00,439.54,31257.7825
2022-08-03 13:00:00,448.28749999999997,32134.0075
2022-08-03 14:00:00,483.03249999999997,35485.94
2022-08-03 15:00:00,595.42,38999.1325
2022-08-03 16:00:00,784.0125,41876.7975
2022-08-03 17:00:00,925.9449999999999,42737.8825
2022-08-03 18:00:00,988.9375,42999.1575
2022-08-03 19:00:00,1033.6950000000002,42781.31
2022-08-03 20:00:00,1034.415,42366.3225
2022-08-03 21:00:00,1075.7725,42225.61
2022-08-03 22:00:00,1040.51,42175.9125
2022-08-03 23:00:00,785.165,39987.58
2022-08-04 00:00:00,508.5825,39095.715
2022-08-04 01:00:00,385.4125,36501.3225
2022-08-04 02:00:00,308.17,34895.28
2022-08-04 03:00:00,246.29250000000002,33558.66
2022-08-04 04:00:00,223.3975,33239.6275
2022-08-04 05:00:00,241.04,34362.8075
2022-08-04 06:00:00,257.5725,36657.985
2022-08-04 07:00:00,223.195,36701.68
2022-08-04 08:00:00,226.72500000000002,35199.8975
2022-08-04 09:00:00,300.4575,35806.555
2022-08-04 10:00:00,374.1075,35461.705
2022-08-04 11:00:00,430.36,33256.69
2022-08-04 12:00:00,457.9425,28851.715
2022-08-04 13:00:00,481.8575,27920.125
2022-08-04 14:00:00,525.5775,29885.6925
2022-08-04 15:00:00,661.1125,32579.135000000002
2022-08-04 16:00:00,906.14,36433.972499999996
2022-08-04 17:00:00,1069.7424999999998,39658.3825
2022-08-04 18:00:00,1106.725,39423.975
2022-08-04 19:00:00,1112.8775,38514.83
2022-08-04 20:00:00,1023.7524999999999,36778.815
2022-08-04 21:00:00,962.0725,36058.6975
2022-08-04 22:00:00,822.865,37305.505
2022-08-04 23:00:00,674.72,36685.395000000004
2022-08-05 00:00:00,528.7525,36028.065
2022-08-05 01:00:00,447.1425,34030.4975
2022-08-05 02:00:00,382.3625,32844.465
2022-08-05 03:00:00,308.9775,32213.4325
2022-08-05 04:00:00,269.1875,32324.94
2022-08-05 05:00:00,265.785,34220.79
2022-08-05 06:00:00,291.21750000000003,36574.625
2022-08-05 07:00:00,260.6375,33424.0675
2022-08-05 08:00:00,353.635,27775.357500000002
2022-08-05 09:00:00,436.6825,23775.114999999998
2022-08-05 10:00:00,515.5699999999999,21840.4325
2022-08-05 11:00:00,636.175,21030.525
2022-08-05 12:00:00,718.7149999999999,18823.9825
2022-08-05 13:00:00,813.2425,21160.1875
2022-08-05 14:00:00,942.275,24501.84
2022-08-05 15:00:00,1029.0575,28697.5825
2022-08-05 16:00:00,1152.1775,34355.1575
2022-08-05 17:00:00,1137.7025,39002.155
2022-08-05 18:00:00,1040.41,41223.925
2022-08-05 19:00:00,1034.9575,41737.535
2022-08-05 20:00:00,1003.5224999999999,40236.2
2022-08-05 21:00:00,1017.1125,39533.8425
2022-08-05 22:00:00,1006.895,40463.32
2022-08-05 23:00:00,880.6474999999999,40522.917499999996
2022-08-06 00:00:00,617.3299999999999,42170.4025
2022-08-06 01:00:00,490.45500000000004,42324.7025
2022-08-06 02:00:00,429.5475,41232.455
2022-08-06 03:00:00,385.3925,40580.105
2022-08-06 04:00:00,356.34499999999997,40320.5325
2022-08-06 05:00:00,364.57,41583.9275
2022-08-06 06:00:00,380.03,41164.6275
2022-08-06 07:00:00,392.1325,35455.1625
2022-08-06 08:00:00,436.8025,30861.1025
2022-08-06 09:00:00,529.28,27118.95
2022-08-06 10:00:00,686.53,25725.565000000002
2022-08-06 11:00:00,882.5450000000001,26566.0075
2022-08-06 12:00:00,853.4675,24443.265
2022-08-06 13:00:00,719.3375,25982.5475
2022-08-06 14:00:00,746.1624999999999,27848.5475
2022-08-06 15:00:00,838.2325000000001,31639.22
2022-08-06 16:00:00,870.7425,37500.205
2022-08-06 17:00:00,887.155,42171.19
2022-08-06 18:00:00,950.105,44121.2275
2022-08-06 19:00:00,952.5275,44052.9775
2022-08-06 20:00:00,903.325,42368.535
2022-08-06 21:00:00,857.68,41758.2025
2022-08-06 22:00:00,954.3175,41323.995
2022-08-06 23:00:00,706.9024999999999,42541.4775
2022-08-07 00:00:00,485.4225,42146.18
2022-08-07 01:00:00,425.86,41578.9475
2022-08-07 02:00:00,303.9625,40757.075
2022-08-07 03:00:00,205.87,39859.625
2022-08-07 04:00:00,157.0925,39896.6475
2022-08-07 05:00:00,152.1325,41059.445
2022-08-07 06:00:00,154.1275,41157.665
2022-08-07 07:00:00,196.78,36269.7625
2022-08-07 08:00:00,301.0475,32465.84
2022-08-07 09:00:00,382.5675,29072.805
2022-08-07 10:00:00,453.48249999999996,27464.572500000002
2022-08-07 11:00:00,528.745,27756.59
2022-08-07 12:00:00,563.9175,25405.64
2022-08-07 13:00:00,588.95,27206.9425
2022-08-07 14:00:00,646.6225,29396.0025
2022-08-07 15:00:00,757.905,33849.245
2022-08-07 16:00:00,796.235,39901.655
2022-08-07 17:00:00,796.02,44349.5125
2022-08-07 18:00:00,706.4325,45066.104999999996
2022-08-07 19:00:00,723.9649999999999,44017.085
2022-08-07 20:00:00,755.1949999999999,41605.042499999996
2022-08-07 21:00:00,666.5375,40686.8275
2022-08-07 22:00:00,789.445,41468.715
2022-08-07 23:00:00,796.635,43237.917499999996
2022-08-08 00:00:00,543.475,43270.7475
2022-08-08 01:00:00,428.4425,42950.4625
2022-08-08 02:00:00,390.8725,42186.015
2022-08-08 03:00:00,348.175,41409.55
2022-08-08 04:00:00,318.95,41335.837499999994
2022-08-08 05:00:00,304.86249999999995,41956.307499999995
2022-08-08 06:00:00,308.8775,40796.725
2022-08-08 07:00:00,319.0475,36013.24
2022-08-08 08:00:00,364.7625,32441.372499999998
2022-08-08 09:00:00,428.575,29871.975
2022-08-08 10:00:00,511.1725,29235.9025
2022-08-08 11:00:00,638.2175,31695.055
2022-08-08 12:00:00,715.8199999999999,31157.72
2022-08-08 13:00:00,709.035,34843.067500000005
2022-08-08 14:00:00,697.6675,37497.2725
2022-08-08 15:00:00,674.76,41169.6575
2022-08-08 16:00:00,625.6624999999999,44085.6425
2022-08-08 17:00:00,555.31,45696.885
2022-08-08 18:00:00,544.3199999999999,45755.2275
2022-08-08 19:00:00,615.2975,44736.82
2022-08-08 20:00:00,598.295,43074.0925
2022-08-08 21:00:00,544.875,42643.4425
2022-08-08 22:00:00,559.5325,42918.615
2022-08-08 23:00:00,516.8675,44022.945
2022-08-09 00:00:00,509.8275,43525.090000000004
2022-08-09 01:00:00,477.125,42715.4325
2022-08-09 02:00:00,424.79,41273.3725
2022-08-09 03:00:00,370.96500000000003,40037.270000000004
2022-08-09 04:00:00,322.985,39640.285
2022-08-09 05:00:00,313.0025,39285.54
2022-08-09 06:00:00,322.0525,38445.6325
2022-08-09 07:00:00,314.6325,34870.6175
2022-08-09 08:00:00,324.68,31718.3275
2022-08-09 09:00:00,381.95500000000004,28081.045
2022-08-09 10:00:00,438.8125,27100.745
2022-08-09 11:00:00,458.095,27989.105
2022-08-09 12:00:00,449.0525,26408.8575
2022-08-09 13:00:00,449.76750000000004,28051.555
2022-08-09 14:00:00,468.46,29739.2125
2022-08-09 15:00:00,499.05499999999995,34238.015
2022-08-09 16:00:00,525.7075,39649.917499999996
2022-08-09 17:00:00,523.625,44750.9375
2022-08-09 18:00:00,527.8499999999999,46004.457500000004
2022-08-09 19:00:00,541.51,45515.815
2022-08-09 20:00:00,579.055,44327.677500000005
2022-08-09 21:00:00,610.905,43226.295
2022-08-09 22:00:00,676.4275,42718.7475
2022-08-09 23:00:00,555.325,43473.4675
2022-08-10 00:00:00,368.19,43293.6975
2022-08-10 01:00:00,296.60749999999996,42627.3575
2022-08-10 02:00:00,249.7125,41768.945
2022-08-10 03:00:00,218.915,41348.4375
2022-08-10 04:00:00,201.24,41341.2575
2022-08-10 05:00:00,227.25,42507.4375
2022-08-10 06:00:00,267.49,43138.575
2022-08-10 07:00:00,293.18,39594.1575
2022-08-10 08:00:00,303.03749999999997,37525.6375
2022-08-10 09:00:00,359.8875,33899.1325
2022-08-10 10:00:00,402.8075,30146.87
2022-08-10 11:00:00,412.755,29287.0175
2022-08-10 12:00:00,400.35249999999996,25630.239999999998
2022-08-10 13:00:00,416.9375,26998.2475
2022-08-10 14:00:00,433.0525,29541.005
2022-08-10 15:00:00,446.7875,34559.1875
2022-08-10 16:00:00,466.31,41783.8875
2022-08-10 17:00:00,477.1575,46168.595
2022-08-10 18:00:00,485.8025,46177.7175
2022-08-10 19:00:00,537.585,45033.4125
2022-08-10 20:00:00,552.1475,43792.1275
2022-08-10 21:00:00,518.6875,44635.66
2022-08-10 22:00:00,519.0,44558.1775
2022-08-10 23:00:00,445.545,44866.545
2022-08-11 00:00:00,396.2375,45342.6525
2022-08-11 01:00:00,373.8375,44508.8875
2022-08-11 02:00:00,357.605,43540.2425
2022-08-11 03:00:00,336.2075,42668.1525
2022-08-11 04:00:00,325.7575,42521.47
2022-08-11 05:00:00,345.2075,43336.1575
2022-08-11 06:00:00,383.685,43502.895
2022-08-11 07:00:00,394.87,38356.745
2022-08-11 08:00:00,365.52750000000003,34769.225000000006
2022-08-11 09:00:00,391.31,32181.745
2022-08-11 10:00:00,407.54,30440.3675
2022-08-11 11:00:00,399.72,30666.5775
2022-08-11 12:00:00,378.66,28230.4425
2022-08-11 13:00:00,391.5625,30066.6825
2022-08-11 14:00:00,406.40250000000003,32329.63
2022-08-11 15:00:00,414.0725,36598.34
2022-08-11 16:00:00,427.8075,42142.2225
2022-08-11 17:00:00,437.1375,46432.4575
2022-08-11 18:00:00,441.47249999999997,47835.375
2022-08-11 19:00:00,440.695,47721.275
2022-08-11 20:00:00,440.2025,45698.61
2022-08-11 21:00:00,446.235,44768.667499999996
2022-08-11 22:00:00,450.8125,44636.1325
2022-08-11 23:00:00,433.31,45847.0675
2022-08-12 00:00:00,417.29,45148.805
2022-08-12 01:00:00,410.075,43902.925
2022-08-12 02:00:00,399.7775,42596.08
2022-08-12 03:00:00,385.7475,41941.3125
2022-08-12 04:00:00,381.1625,41857.6575
2022-08-12 05:00:00,394.34499999999997,42871.4275
2022-08-12 06:00:00,406.085,42937.2025
2022-08-12 07:00:00,401.975,36847.307499999995
2022-08-12 08:00:00,381.74,32866.8725
2022-08-12 09:00:00,389.6925,29908.8675
2022-08-12 10:00:00,401.7225,28727.1
2022-08-12 11:00:00,405.38750000000005,28948.322500000002
2022-08-12 12:00:00,403.6975,26935.8725
2022-08-12 13:00:00,413.275,28668.89
2022-08-12 14:00:00,426.945,30380.9375
2022-08-12 15:00:00,443.695,34708.5675
2022-08-12 16:00:00,467.685,41207.075
2022-08-12 17:00:00,477.95,46918.417499999996
2022-08-12 18:00:00,499.9075,48423.25
2022-08-12 19:00:00,519.29,47937.035
2022-08-12 20:00:00,518.8075,46060.2525
2022-08-12 21:00:00,501.4875,44967.104999999996
2022-08-12 22:00:00,482.88,44875.9775
2022-08-12 23:00:00,444.97249999999997,45741.44
2022-08-13 00:00:00,438.0875,44797.25
2022-08-13 01:00:00,431.40999999999997,44109.0575
2022-08-13 02:00:00,421.03000000000003,43149.1175
2022-08-13 03:00:00,412.74,42305.332500000004
2022-08-13 04:00:00,409.27,42321.4975
2022-08-13 05:00:00,415.21500000000003,43537.6025
2022-08-13 06:00:00,422.155,42998.585
2022-08-13 07:00:00,424.335,37488.155
2022-08-13 08:00:00,426.735,34530.4075
2022-08-13 09:00:00,439.62,32989.515
2022-08-13 10:00:00,477.3225,32611.47
2022-08-13 11:00:00,518.795,33450.409999999996
2022-08-13 12:00:00,519.37,31676.1025
2022-08-13 13:00:00,512.0975000000001,33075.345
2022-08-13 14:00:00,555.1825,34566.935
2022-08-13 15:00:00,678.885,38466.9975
2022-08-13 16:00:00,801.295,43582.317500000005
2022-08-13 17:00:00,733.505,47738.1725
2022-08-13 18:00:00,727.9875,49784.2525
2022-08-13 19:00:00,788.17,48979.565
2022-08-13 20:00:00,786.4525,46200.6975
2022-08-13 21:00:00,749.895,45112.957500000004
2022-08-13 22:00:00,827.8125,44681.9925
2022-08-13 23:00:00,620.3375,45246.1775
2022-08-14 00:00:00,552.8825,44243.54
2022-08-14 01:00:00,522.3675000000001,43286.39
2022-08-14 02:00:00,476.6675,42361.7525
2022-08-14 03:00:00,444.9925,41727.4025
2022-08-14 04:00:00,427.695,41800.770000000004
2022-08-14 05:00:00,429.9925,42614.43
2022-08-14 06:00:00,437.375,42550.065
2022-08-14 07:00:00,431.0825,38833.275
2022-08-14 08:00:00,406.09000000000003,36982.61
2022-08-14 09:00:00,414.2525,36344.9025
2022-08-14 10:00:00,433.97749999999996,36919.06
2022-08-14 11:00:00,441.6775,38388.1525
2022-08-14 12:00:00,421.03749999999997,35747.6625
2022-08-14 13:00:00,427.745,36886.555
2022-08-14 14:00:00,459.545,37649.94
2022-08-14 15:00:00,510.9375,40400.6125
2022-08-14 16:00:00,723.9875,43270.39
2022-08-14 17:00:00,799.9825000000001,45579.5325
2022-08-14 18:00:00,881.0,45978.2675
2022-08-14 19:00:00,961.6724999999999,45665.9625
2022-08-14 20:00:00,882.2249999999999,44002.375
2022-08-14 21:00:00,801.0450000000001,43417.64
2022-08-14 22:00:00,733.5025,43755.9975
2022-08-14 23:00:00,542.6975,44658.5925
2022-08-15 00:00:00,442.16999999999996,43730.79
2022-08-15 01:00:00,400.6975,42508.6325
2022-08-15 02:00:00,325.67,41334.3825
2022-08-15 03:00:00,273.02250000000004,40514.884999999995
2022-08-15 04:00:00,252.7575,40198.41
2022-08-15 05:00:00,301.2125,40156.315
2022-08-15 06:00:00,363.54,38369.615
2022-08-15 07:00:00,406.025,32582.3525
2022-08-15 08:00:00,434.57500000000005,25094.4925
2022-08-15 09:00:00,515.2974999999999,20916.745
2022-08-15 10:00:00,630.815,19990.765
2022-08-15 11:00:00,748.7375000000001,22178.7825
2022-08-15 12:00:00,777.105,23035.2625
2022-08-15 13:00:00,843.63,23334.08
2022-08-15 14:00:00,958.8924999999999,22996.59
2022-08-15 15:00:00,1032.7975,25995.86
2022-08-15 16:00:00,1068.7,30401.6175
2022-08-15 17:00:00,1103.23,34639.1725
2022-08-15 18:00:00,1108.26,36872.5
2022-08-15 19:00:00,1108.55,36277.8375
2022-08-15 20:00:00,1094.955,34910.582500000004
2022-08-15 21:00:00,1073.1025,34261.785
2022-08-15 22:00:00,1044.7475,34502.6425
2022-08-15 23:00:00,881.02,35366.0175
2022-08-16 00:00:00,635.6475,34051.7
2022-08-16 01:00:00,512.5450000000001,32752.5
2022-08-16 02:00:00,447.93,32008.075
2022-08-16 03:00:00,391.9975,31734.9225
2022-08-16 04:00:00,317.15999999999997,31992.795
2022-08-16 05:00:00,317.29499999999996,32850.45
2022-08-16 06:00:00,335.3375,32143.5075
2022-08-16 07:00:00,317.95000000000005,29571.905
2022-08-16 08:00:00,274.22,26685.1525
2022-08-16 09:00:00,329.7825,23451.0775
2022-08-16 10:00:00,405.1275,22489.379999999997
2022-08-16 11:00:00,447.985,24716.3375
2022-08-16 12:00:00,474.05,24121.5575
2022-08-16 13:00:00,492.02750000000003,25386.0225
2022-08-16 14:00:00,518.2075,26000.1975
2022-08-16 15:00:00,566.645,29875.739999999998
2022-08-16 16:00:00,738.6925,34703.405
2022-08-16 17:00:00,888.3275,38894.3225
2022-08-16 18:00:00,765.4725,40606.8
2022-08-16 19:00:00,766.845,40137.835
2022-08-16 20:00:00,768.6025,38340.307499999995
2022-08-16 21:00:00,742.5675,37325.7375
2022-08-16 22:00:00,833.145,37338.167499999996
2022-08-16 23:00:00,673.7225,39168.2475
2022-08-17 00:00:00,511.38,38941.9825
2022-08-17 01:00:00,441.22499999999997,38439.5925
2022-08-17 02:00:00,389.72499999999997,37514.792499999996
2022-08-17 03:00:00,292.35,36999.5325
2022-08-17 04:00:00,228.6425,37059.4375
2022-08-17 05:00:00,266.25,37983.58
2022-08-17 06:00:00,278.14250000000004,37091.5075
2022-08-17 07:00:00,164.41,33377.3725
2022-08-17 08:00:00,101.5025,29503.785
2022-08-17 09:00:00,95.625,26365.372499999998
2022-08-17 10:00:00,106.8275,25625.6975
2022-08-17 11:00:00,124.48249999999999,28249.19
2022-08-17 12:00:00,151.3525,26918.822500000002
2022-08-17 13:00:00,278.625,28139.99
2022-08-17 14:00:00,395.45,29378.31
2022-08-17 15:00:00,469.09250000000003,33593.875
2022-08-17 16:00:00,547.2375000000001,38584.4775
2022-08-17 17:00:00,642.9125,42692.5475
2022-08-17 18:00:00,760.21,43796.509999999995
2022-08-17 19:00:00,853.6800000000001,42949.93
2022-08-17 20:00:00,817.7,41313.7025
2022-08-17 21:00:00,722.3000000000001,39995.3825
2022-08-17 22:00:00,654.2725,39314.775
2022-08-17 23:00:00,540.2725,41212.585
2022-08-18 00:00:00,501.4275,41085.36
2022-08-18 01:00:00,484.18,40399.840000000004
2022-08-18 02:00:00,450.6775,39722.0
2022-08-18 03:00:00,439.1125,39106.875
2022-08-18 04:00:00,419.99,39295.5375
2022-08-18 05:00:00,433.0875,40274.4375
2022-08-18 06:00:00,442.42499999999995,39780.755
2022-08-18 07:00:00,425.325,34968.270000000004
2022-08-18 08:00:00,337.1225,31552.095
2022-08-18 09:00:00,373.6825,28458.135
2022-08-18 10:00:00,413.555,27634.6125
2022-08-18 11:00:00,470.68,29234.285
2022-08-18 12:00:00,487.2175,27048.3675
2022-08-18 13:00:00,518.3975,27939.41
2022-08-18 14:00:00,543.3075,28616.875
2022-08-18 15:00:00,604.995,31995.875
2022-08-18 16:00:00,631.0,36527.4175
2022-08-18 17:00:00,637.145,39152.02
2022-08-18 18:00:00,618.565,39841.33
2022-08-18 19:00:00,624.67,38129.7675
2022-08-18 20:00:00,574.4,36293.345
2022-08-18 21:00:00,526.3050000000001,35745.2325
2022-08-18 22:00:00,513.135,36457.0275
2022-08-18 23:00:00,431.9925,38702.29
2022-08-19 00:00:00,353.685,39026.5475
2022-08-19 01:00:00,235.05,38384.8125
2022-08-19 02:00:00,133.56,37010.155
2022-08-19 03:00:00,100.395,35516.38
2022-08-19 04:00:00,91.25,34767.875
2022-08-19 05:00:00,113.8975,34484.905
2022-08-19 06:00:00,188.5125,33859.99
2022-08-19 07:00:00,288.2625,31358.485
2022-08-19 08:00:00,380.265,31494.502500000002
2022-08-19 09:00:00,485.665,30610.945
2022-08-19 10:00:00,588.9225,30536.18
2022-08-19 11:00:00,637.6975,33065.5375
2022-08-19 12:00:00,656.4075,31513.72
2022-08-19 13:00:00,689.7275,32647.387499999997
2022-08-19 14:00:00,714.705,32691.6075
2022-08-19 15:00:00,817.635,34417.45
2022-08-19 16:00:00,907.3525,36695.34
2022-08-19 17:00:00,895.135,38314.485
2022-08-19 18:00:00,857.24,39119.0275
2022-08-19 19:00:00,882.505,37839.715
2022-08-19 20:00:00,813.3625,35617.545
2022-08-19 21:00:00,725.185,34781.0825
2022-08-19 22:00:00,679.325,34956.277500000004
2022-08-19 23:00:00,557.6825,36763.012500000004
2022-08-20 00:00:00,425.3025,36387.815
2022-08-20 01:00:00,379.83,35470.35
2022-08-20 02:00:00,359.59749999999997,34518.5875
2022-08-20 03:00:00,311.065,32792.770000000004
2022-08-20 04:00:00,264.985,32689.25
2022-08-20 05:00:00,306.445,32571.875
2022-08-20 06:00:00,340.505,31978.6025
2022-08-20 07:00:00,252.78,30186.5375
2022-08-20 08:00:00,136.4275,29795.5375
2022-08-20 09:00:00,145.375,29666.5925
2022-08-20 10:00:00,231.3675,30741.78
2022-08-20 11:00:00,312.385,32796.905
2022-08-20 12:00:00,333.9425,29474.552499999998
2022-08-20 13:00:00,366.6125,28586.0925
2022-08-20 14:00:00,392.92,27797.5325
2022-08-20 15:00:00,418.935,28163.7975
2022-08-20 16:00:00,469.885,29925.2775
2022-08-20 17:00:00,578.325,30628.36
2022-08-20 18:00:00,698.59,30370.335
2022-08-20 19:00:00,793.585,28936.615
2022-08-20 20:00:00,730.4825000000001,27518.05
2022-08-20 21:00:00,638.845,26289.7325
2022-08-20 22:00:00,605.01,26212.4025
2022-08-20 23:00:00,505.7525,27636.885000000002
2022-08-21 00:00:00,427.7525,26755.12
2022-08-21 01:00:00,405.3425,25714.6175
2022-08-21 02:00:00,393.5925,25164.947500000002
2022-08-21 03:00:00,382.7475,24474.1075
2022-08-21 04:00:00,374.69,24257.440000000002
2022-08-21 05:00:00,377.90749999999997,25514.6925
2022-08-21 06:00:00,376.275,27568.190000000002
2022-08-21 07:00:00,336.9275,26152.35
2022-08-21 08:00:00,157.515,24658.1125
2022-08-21 09:00:00,121.325,23434.8225
2022-08-21 10:00:00,235.855,24634.3375
2022-08-21 11:00:00,255.44,27173.989999999998
2022-08-21 12:00:00,159.98250000000002,24674.1025
2022-08-21 13:00:00,293.6475,26465.5425
2022-08-21 14:00:00,383.2625,27603.39
2022-08-21 15:00:00,413.7825,31660.3425
2022-08-21 16:00:00,443.1375,36979.6
2022-08-21 17:00:00,475.13,41443.97
2022-08-21 18:00:00,485.645,43157.8025
2022-08-21 19:00:00,494.0775,42355.825
2022-08-21 20:00:00,464.8275,40531.5025
2022-08-21 21:00:00,438.21000000000004,39883.425
2022-08-21 22:00:00,435.8775,40892.307499999995
2022-08-21 23:00:00,414.9575,40000.332500000004
2022-08-22 00:00:00,389.7775,39407.145
2022-08-22 01:00:00,374.3925,38511.0425
2022-08-22 02:00:00,351.2025,37545.3525
2022-08-22 03:00:00,310.1325,36692.395000000004
2022-08-22 04:00:00,301.13,36556.4275
2022-08-22 05:00:00,338.61749999999995,37198.3125
2022-08-22 06:00:00,372.125,36744.415
2022-08-22 07:00:00,389.495,32509.5875
2022-08-22 08:00:00,395.2825,28834.059999999998
2022-08-22 09:00:00,416.53000000000003,26280.84
2022-08-22 10:00:00,441.1325,25724.9425
2022-08-22 11:00:00,460.935,28192.5275
2022-08-22 12:00:00,468.0725,26452.3675
2022-08-22 13:00:00,486.1375,27942.8
2022-08-22 14:00:00,516.4425,29459.175
2022-08-22 15:00:00,553.5575,33603.5925
2022-08-22 16:00:00,499.8175,39447.8275
2022-08-22 17:00:00,512.41,43851.3
2022-08-22 18:00:00,502.55999999999995,45229.9925
2022-08-22 19:00:00,510.06499999999994,44596.985
2022-08-22 20:00:00,466.60249999999996,43166.3
2022-08-22 21:00:00,433.475,41907.5525
2022-08-22 22:00:00,424.1025,40783.634999999995
2022-08-22 23:00:00,400.6025,41929.255
2022-08-23 00:00:00,258.615,41402.667499999996
2022-08-23 01:00:00,173.96499999999997,40802.1875
2022-08-23 02:00:00,116.8625,39689.755000000005
2022-08-23 03:00:00,90.4975,38695.2275
2022-08-23 04:00:00,93.315,38279.22
2022-08-23 05:00:00,126.025,38843.3425
2022-08-23 06:00:00,165.66250000000002,38329.9625
2022-08-23 07:00:00,120.23,32990.5325
2022-08-23 08:00:00,7.827500000000001,27790.127500000002
2022-08-23 09:00:00,-26.3125,22301.925
2022-08-23 10:00:00,21.057499999999997,18960.96
2022-08-23 11:00:00,-10.7725,21156.760000000002
2022-08-23 12:00:00,-66.6875,19950.24
2022-08-23 13:00:00,-28.955,20240.985
2022-08-23 14:00:00,81.96000000000001,19493.0325
2022-08-23 15:00:00,254.59749999999997,22097.34
2022-08-23 16:00:00,418.65749999999997,28236.5325
2022-08-23 17:00:00,528.3499999999999,33342.8675
2022-08-23 18:00:00,648.5649999999999,34451.995
2022-08-23 19:00:00,708.0725,32362.195
2022-08-23 20:00:00,669.0725,30380.57
2022-08-23 21:00:00,672.3375,29386.2875
2022-08-23 22:00:00,697.925,29437.1525
2022-08-23 23:00:00,623.2725,30810.3525
2022-08-24 00:00:00,483.595,30510.0325
2022-08-24 01:00:00,434.1975,29119.525
2022-08-24 02:00:00,419.915,27581.18
2022-08-24 03:00:00,404.23,26491.99
2022-08-24 04:00:00,400.4125,25739.3475
2022-08-24 05:00:00,417.75,26754.155
2022-08-24 06:00:00,419.195,27229.0475
2022-08-24 07:00:00,351.3325,21897.8675
2022-08-24 08:00:00,132.795,18818.6125
2022-08-24 09:00:00,53.957499999999996,16308.372500000001
2022-08-24 10:00:00,42.96,14243.2875
2022-08-24 11:00:00,36.82,12440.445
2022-08-24 12:00:00,35.875,11507.4825
2022-08-24 13:00:00,59.3925,13467.1925
2022-08-24 14:00:00,167.98250000000002,18371.91
2022-08-24 15:00:00,321.65500000000003,23236.0375
2022-08-24 16:00:00,439.14750000000004,28092.27
2022-08-24 17:00:00,500.2425,32875.49
2022-08-24 18:00:00,533.375,34347.3775
2022-08-24 19:00:00,577.4975000000001,32847.575
2022-08-24 20:00:00,584.835,31887.105
2022-08-24 21:00:00,566.2049999999999,31579.115
2022-08-24 22:00:00,562.2675,32289.035
2022-08-24 23:00:00,511.2175,34625.57
2022-08-25 00:00:00,399.255,34731.215
2022-08-25 01:00:00,362.975,34463.1125
2022-08-25 02:00:00,350.3025,33802.96
2022-08-25 03:00:00,331.9225,33304.7925
2022-08-25 04:00:00,324.11249999999995,33676.947499999995
2022-08-25 05:00:00,345.0775,35508.9825
2022-08-25 06:00:00,365.21500000000003,37686.962499999994
2022-08-25 07:00:00,351.175,36697.515
2022-08-25 08:00:00,325.975,36453.2425
2022-08-25 09:00:00,318.065,35126.634999999995
2022-08-25 10:00:00,315.6825,32906.325
2022-08-25 11:00:00,281.22749999999996,32087.02
2022-08-25 12:00:00,211.5025,26762.079999999998
2022-08-25 13:00:00,256.42999999999995,27046.7925
2022-08-25 14:00:00,323.38,27893.6225
2022-08-25 15:00:00,372.1025,31442.08
2022-08-25 16:00:00,440.95000000000005,37309.1425
2022-08-25 17:00:00,464.055,41183.695
2022-08-25 18:00:00,473.9975,42484.917499999996
2022-08-25 19:00:00,472.86,40393.02
2022-08-25 20:00:00,461.635,39060.1875
2022-08-25 21:00:00,448.7625,38425.835
2022-08-25 22:00:00,457.3375,38640.1375
2022-08-25 23:00:00,407.35749999999996,39888.5
2022-08-26 00:00:00,436.43,39490.58
2022-08-26 01:00:00,436.12,38904.5575
2022-08-26 02:00:00,415.34749999999997,38283.1625
2022-08-26 03:00:00,389.71,37656.399999999994
2022-08-26 04:00:00,387.425,37662.99
2022-08-26 05:00:00,417.47,38760.5775
2022-08-26 06:00:00,435.7925,39553.735
2022-08-26 07:00:00,378.94,33636.455
2022-08-26 08:00:00,197.9625,28501.0925
2022-08-26 09:00:00,97.14250000000001,24317.7275
2022-08-26 10:00:00,70.045,21679.6325
2022-08-26 11:00:00,60.8125,21893.135
2022-08-26 12:00:00,47.96,20361.7925
2022-08-26 13:00:00,67.9575,21793.7775
2022-08-26 14:00:00,179.2675,23623.8875
2022-08-26 15:00:00,344.105,28222.06
2022-08-26 16:00:00,454.28,33956.36
2022-08-26 17:00:00,483.96,37650.21
2022-08-26 18:00:00,506.27750000000003,37579.4125
2022-08-26 19:00:00,501.835,34123.825
2022-08-26 20:00:00,486.39,31742.6675
2022-08-26 21:00:00,467.4175,30323.965
2022-08-26 22:00:00,480.3025,29769.79
2022-08-26 23:00:00,440.235,30820.510000000002
2022-08-27 00:00:00,394.7325,30115.872499999998
2022-08-27 01:00:00,355.805,29490.62
2022-08-27 02:00:00,209.16250000000002,28752.9
2022-08-27 03:00:00,152.885,28333.795
2022-08-27 04:00:00,202.075,28321.285
2022-08-27 05:00:00,329.3375,29587.4
2022-08-27 06:00:00,382.955,30507.21
2022-08-27 07:00:00,254.92249999999999,27479.78
2022-08-27 08:00:00,99.2525,25041.8125
2022-08-27 09:00:00,49.8675,20317.07
2022-08-27 10:00:00,33.1875,19285.685
2022-08-27 11:00:00,9.41,19087.395
2022-08-27 12:00:00,-38.0925,17935.855
2022-08-27 13:00:00,24.435,18733.0975
2022-08-27 14:00:00,88.1925,20890.945
2022-08-27 15:00:00,271.86,27098.385
2022-08-27 16:00:00,418.46750000000003,34762.44
2022-08-27 17:00:00,485.1,39390.417499999996
2022-08-27 18:00:00,515.5375,39977.3775
2022-08-27 19:00:00,511.325,37566.81
2022-08-27 20:00:00,522.84,35910.965
2022-08-27 21:00:00,528.5925,34571.0125
2022-08-27 22:00:00,603.1225,32583.375
2022-08-27 23:00:00,521.6575,33313.15
2022-08-28 00:00:00,416.86,31945.72
2022-08-28 01:00:00,388.645,30783.475
2022-08-28 02:00:00,357.03999999999996,28141.1725
2022-08-28 03:00:00,330.3675,27011.684999999998
2022-08-28 04:00:00,329.915,27034.1025
2022-08-28 05:00:00,353.715,28484.905
2022-08-28 06:00:00,365.3025,29826.5425
2022-08-28 07:00:00,344.765,24263.06
2022-08-28 08:00:00,274.3675,20068.745
2022-08-28 09:00:00,297.16999999999996,20427.9975
2022-08-28 10:00:00,326.5475,19102.685
2022-08-28 11:00:00,333.24,18687.99
2022-08-28 12:00:00,314.4275,16458.23
2022-08-28 13:00:00,342.8275,20611.14
2022-08-28 14:00:00,374.13,23583.9325
2022-08-28 15:00:00,397.0025,27484.1175
2022-08-28 16:00:00,416.9225,37092.0475
2022-08-28 17:00:00,421.1425,44348.3825
2022-08-28 18:00:00,423.8275,45697.3675
2022-08-28 19:00:00,418.6625,44759.7075
2022-08-28 20:00:00,420.48249999999996,44593.22
2022-08-28 21:00:00,423.8475,43877.957500000004
2022-08-28 22:00:00,428.8825,43402.1025
2022-08-28 23:00:00,390.745,44010.8375
2022-08-29 00:00:00,399.04499999999996,43207.3825
2022-08-29 01:00:00,375.09250000000003,42050.4225
2022-08-29 02:00:00,292.255,40988.895
2022-08-29 03:00:00,248.1125,40002.9175
2022-08-29 04:00:00,250.735,40000.21
2022-08-29 05:00:00,337.70250000000004,40773.0625
2022-08-29 06:00:00,394.1225,40599.965
2022-08-29 07:00:00,378.65,36303.9875
2022-08-29 08:00:00,272.8225,33273.835
2022-08-29 09:00:00,330.23,31147.9875
2022-08-29 10:00:00,346.745,30923.8125
2022-08-29 11:00:00,313.865,32343.182500000003
2022-08-29 12:00:00,242.3225,30370.405
2022-08-29 13:00:00,326.99,33913.01
2022-08-29 14:00:00,395.4175,37426.225
2022-08-29 15:00:00,428.525,40270.5775
2022-08-29 16:00:00,463.70000000000005,43735.785
2022-08-29 17:00:00,451.395,45168.167499999996
2022-08-29 18:00:00,466.355,45061.7225
2022-08-29 19:00:00,473.1775,42177.6475
2022-08-29 20:00:00,456.325,40058.0975
2022-08-29 21:00:00,464.8025,38808.335
2022-08-29 22:00:00,462.04,38145.6075
2022-08-29 23:00:00,423.5825,39291.4225
2022-08-30 00:00:00,322.535,38777.135
2022-08-30 01:00:00,252.08,37817.485
2022-08-30 02:00:00,216.485,36732.28
2022-08-30 03:00:00,184.4825,36235.775
2022-08-30 04:00:00,174.4675,36666.7675
2022-08-30 05:00:00,218.36,37719.3625
2022-08-30 06:00:00,300.39750000000004,38047.2775
2022-08-30 07:00:00,286.125,32841.2825
2022-08-30 08:00:00,203.295,28213.1575
2022-08-30 09:00:00,235.8375,23853.365
2022-08-30 10:00:00,264.34749999999997,21678.465
2022-08-30 11:00:00,218.69,23803.2125
2022-08-30 12:00:00,134.4975,23918.0475
2022-08-30 13:00:00,126.1725,26308.835
2022-08-30 14:00:00,190.0775,27959.135000000002
2022-08-30 15:00:00,326.4375,32609.427499999998
2022-08-30 16:00:00,418.12,39071.715
2022-08-30 17:00:00,432.5625,43416.270000000004
2022-08-30 18:00:00,424.7,44241.0225
2022-08-30 19:00:00,403.20000000000005,41669.2625
2022-08-30 20:00:00,354.52750000000003,39738.0575
2022-08-30 21:00:00,301.665,38262.057499999995
2022-08-30 22:00:00,344.72,37031.54
2022-08-30 23:00:00,311.8325,38148.335
2022-08-31 00:00:00,258.035,38046.075
2022-08-31 01:00:00,255.48250000000002,37801.1225
2022-08-31 02:00:00,228.55,37426.3
2022-08-31 03:00:00,189.2425,37712.575
2022-08-31 04:00:00,191.805,38803.0925
2022-08-31 05:00:00,316.2025,40700.625
2022-08-31 06:00:00,400.76,42341.235
2022-08-31 07:00:00,252.3125,36807.604999999996
2022-08-31 08:00:00,97.87,33213.6375
2022-08-31 09:00:00,53.97,30551.6025
2022-08-31 10:00:00,22.475,29217.2575
2022-08-31 11:00:00,-3.6275000000000004,29993.5125
2022-08-31 12:00:00,-62.305,28095.5475
2022-08-31 13:00:00,-44.2325,30055.165
2022-08-31 14:00:00,47.834999999999994,32096.1675
2022-08-31 15:00:00,130.905,37112.1425
2022-08-31 16:00:00,334.445,43777.67
2022-08-31 17:00:00,523.6875,47246.935
2022-08-31 18:00:00,576.26,48374.917499999996
2022-08-31 19:00:00,516.2925,45513.06
2022-08-31 20:00:00,460.5325,43520.9375
2022-08-31 21:00:00,443.29499999999996,42589.63
2022-08-31 22:00:00,503.455,42230.7125
2022-08-31 23:00:00,560.38,43416.855
2022-09-01 00:00:00,645.7875,43569.3725
2022-09-01 01:00:00,665.37,43152.43
2022-09-01 02:00:00,603.5699999999999,42582.525
2022-09-01 03:00:00,543.475,42011.2
2022-09-01 04:00:00,536.3175,42097.145000000004
2022-09-01 05:00:00,594.93,43838.15
2022-09-01 06:00:00,549.3325,45047.505
2022-09-01 07:00:00,315.3675,39910.385
2022-09-01 08:00:00,122.89,35526.082500000004
2022-09-01 09:00:00,54.545,31846.3925
2022-09-01 10:00:00,39.085,30449.16
2022-09-01 11:00:00,11.1225,31194.1
2022-09-01 12:00:00,-59.3775,29774.2025
2022-09-01 13:00:00,-1.4674999999999994,33069.6275
2022-09-01 14:00:00,44.3975,37357.7025
2022-09-01 15:00:00,85.49000000000001,42254.5825
2022-09-01 16:00:00,235.1875,46792.8775
2022-09-01 17:00:00,426.5625,47455.979999999996
2022-09-01 18:00:00,519.3625,47828.885
2022-09-01 19:00:00,504.27,45829.12
2022-09-01 20:00:00,465.7725,44328.9425
2022-09-01 21:00:00,439.1225,43540.6
2022-09-01 22:00:00,454.5,42919.395000000004
2022-09-01 23:00:00,481.48,44270.06
2022-09-02 00:00:00,485.28,44069.6875
2022-09-02 01:00:00,492.4,43315.1225
2022-09-02 02:00:00,478.9725,42442.130000000005
2022-09-02 03:00:00,460.4525,42155.0
2022-09-02 04:00:00,471.7075,42320.5425
2022-09-02 05:00:00,553.15,43471.455
2022-09-02 06:00:00,525.8874999999999,44948.8575
2022-09-02 07:00:00,395.35749999999996,40659.8975
2022-09-02 08:00:00,255.3775,37147.63
2022-09-02 09:00:00,110.0825,32701.440000000002
2022-09-02 10:00:00,63.69,29873.572500000002
2022-09-02 11:00:00,64.0,29619.7375
2022-09-02 12:00:00,43.15,26697.204999999998
2022-09-02 13:00:00,52.035,29219.5525
2022-09-02 14:00:00,117.04249999999999,32316.1425
2022-09-02 15:00:00,291.815,37602.65
2022-09-02 16:00:00,430.45,43928.58
2022-09-02 17:00:00,578.445,46191.505
2022-09-02 18:00:00,617.8025,46376.3825
2022-09-02 19:00:00,596.8725,44000.99
2022-09-02 20:00:00,536.4625,42089.4675
2022-09-02 21:00:00,478.40999999999997,41167.2175
2022-09-02 22:00:00,481.4625,40564.520000000004
2022-09-02 23:00:00,499.76,41564.020000000004
2022-09-03 00:00:00,490.59000000000003,40980.134999999995
2022-09-03 01:00:00,474.59749999999997,40007.82
2022-09-03 02:00:00,452.58,38858.555
2022-09-03 03:00:00,436.9425,37788.885
2022-09-03 04:00:00,435.15250000000003,37816.565
2022-09-03 05:00:00,448.73,39148.875
2022-09-03 06:00:00,434.725,40371.5125
2022-09-03 07:00:00,377.42,35390.84
2022-09-03 08:00:00,194.85750000000002,32521.2525
2022-09-03 09:00:00,82.735,29991.572500000002
2022-09-03 10:00:00,61.6875,28248.8875
2022-09-03 11:00:00,62.162499999999994,28078.4625
2022-09-03 12:00:00,47.1375,26234.265
2022-09-03 13:00:00,54.847500000000004,28432.622499999998
2022-09-03 14:00:00,126.2775,31660.425
2022-09-03 15:00:00,314.71,36709.7825
2022-09-03 16:00:00,420.2725,42803.61
2022-09-03 17:00:00,483.4875,44158.9575
2022-09-03 18:00:00,561.59,43771.585
2022-09-03 19:00:00,564.7825,40799.4725
2022-09-03 20:00:00,507.125,38348.0975
2022-09-03 21:00:00,467.1,36925.625
2022-09-03 22:00:00,471.2775,35835.97
2022-09-03 23:00:00,504.285,37034.165
2022-09-04 00:00:00,515.4725000000001,37365.34
2022-09-04 01:00:00,505.22249999999997,36838.9025
2022-09-04 02:00:00,470.78499999999997,35762.3775
2022-09-04 03:00:00,447.9375,35338.835
2022-09-04 04:00:00,445.085,35831.575
2022-09-04 05:00:00,452.6325,37590.725
2022-09-04 06:00:00,434.9375,38939.67
2022-09-04 07:00:00,384.67499999999995,34753.94
2022-09-04 08:00:00,227.89,32671.4925
2022-09-04 09:00:00,92.9675,30116.1675
2022-09-04 10:00:00,57.7625,27899.7575
2022-09-04 11:00:00,56.349999999999994,28161.795000000002
2022-09-04 12:00:00,44.7,26494.4525
2022-09-04 13:00:00,51.167500000000004,28631.375
2022-09-04 14:00:00,94.75,31925.4225
2022-09-04 15:00:00,294.7875,36675.895000000004
2022-09-04 16:00:00,419.425,41798.4175
2022-09-04 17:00:00,546.9100000000001,44577.3225
2022-09-04 18:00:00,626.405,45161.020000000004
2022-09-04 19:00:00,613.345,42168.69
2022-09-04 20:00:00,560.2874999999999,39197.2375
2022-09-04 21:00:00,503.0125,37920.2975
2022-09-04 22:00:00,499.40999999999997,37413.845
2022-09-04 23:00:00,524.0174999999999,38531.395000000004
2022-09-05 00:00:00,587.92,37637.3025
2022-09-05 01:00:00,589.345,37110.115
2022-09-05 02:00:00,536.6850000000001,36429.2225
2022-09-05 03:00:00,498.7825,36001.8125
2022-09-05 04:00:00,511.6075,36089.7975
2022-09-05 05:00:00,597.74,36694.705
2022-09-05 06:00:00,572.2850000000001,36468.34
2022-09-05 07:00:00,439.075,34171.95
2022-09-05 08:00:00,330.4125,31209.362500000003
2022-09-05 09:00:00,129.53,29021.465
2022-09-05 10:00:00,49.0875,29065.5925
2022-09-05 11:00:00,17.0625,30332.715
2022-09-05 12:00:00,-57.8125,29898.295
2022-09-05 13:00:00,-31.625,30967.670000000002
2022-09-05 14:00:00,25.9375,31598.2925
2022-09-05 15:00:00,203.32500000000002,32162.0675
2022-09-05 16:00:00,376.83000000000004,32957.240000000005
2022-09-05 17:00:00,477.15,34692.3525
2022-09-05 18:00:00,526.365,35287.3625
2022-09-05 19:00:00,510.3575,33199.2925
2022-09-05 20:00:00,478.0625,31487.2575
2022-09-05 21:00:00,451.805,29972.995
2022-09-05 22:00:00,454.84,29782.62
2022-09-05 23:00:00,476.7525,30588.985
2022-09-06 00:00:00,616.3225,30295.6675
2022-09-06 01:00:00,627.3824999999999,29902.4025
2022-09-06 02:00:00,568.695,28933.9025
2022-09-06 03:00:00,521.0325,28409.3325
2022-09-06 04:00:00,524.3125,29017.345
2022-09-06 05:00:00,578.7475000000001,30795.4075
2022-09-06 06:00:00,551.4225,31920.475
2022-09-06 07:00:00,438.725,33631.457500000004
2022-09-06 08:00:00,353.69,33747.3125
2022-09-06 09:00:00,185.8425,32550.0525
2022-09-06 10:00:00,95.3,33915.292499999996
2022-09-06 11:00:00,86.765,36968.0475
2022-09-06 12:00:00,60.224999999999994,36530.1025
2022-09-06 13:00:00,67.4575,36000.895
2022-09-06 14:00:00,164.74,34679.185
2022-09-06 15:00:00,335.24,35990.5725
2022-09-06 16:00:00,439.675,39178.34
2022-09-06 17:00:00,560.085,42209.770000000004
2022-09-06 18:00:00,623.47,44128.21
2022-09-06 19:00:00,599.0925,42247.527500000004
2022-09-06 20:00:00,528.3525,40961.3625
2022-09-06 21:00:00,487.0175,39945.02
2022-09-06 22:00:00,489.49,39060.56
2022-09-06 23:00:00,497.87,39357.8625
2022-09-07 00:00:00,543.9074999999999,38508.41
2022-09-07 01:00:00,521.5775,37411.585
2022-09-07 02:00:00,489.02750000000003,36208.3975
2022-09-07 03:00:00,469.9925,35189.285
2022-09-07 04:00:00,471.725,34647.245
2022-09-07 05:00:00,507.45000000000005,35351.69
2022-09-07 06:00:00,496.285,34900.66
2022-09-07 07:00:00,432.3275,34833.83
2022-09-07 08:00:00,368.0425,35108.5
2022-09-07 09:00:00,210.8175,34394.455
2022-09-07 10:00:00,156.56,34548.8525
2022-09-07 11:00:00,155.91,35190.8675
2022-09-07 12:00:00,90.19,32207.77
2022-09-07 13:00:00,137.29500000000002,30567.8125
2022-09-07 14:00:00,285.21999999999997,29077.2625
2022-09-07 15:00:00,395.72749999999996,29292.572500000002
2022-09-07 16:00:00,479.3275,28000.775
2022-09-07 17:00:00,567.25,27474.655
2022-09-07 18:00:00,685.325,26561.800000000003
2022-09-07 19:00:00,661.54,23827.165
2022-09-07 20:00:00,586.96,24362.190000000002
2022-09-07 21:00:00,530.3975,24548.245
2022-09-07 22:00:00,518.625,22139.4725
2022-09-07 23:00:00,529.4325,21855.3725
2022-09-08 00:00:00,505.6025,23829.5625
2022-09-08 01:00:00,492.1775,23329.515
2022-09-08 02:00:00,473.145,22379.91
2022-09-08 03:00:00,460.1475,21411.8525
2022-09-08 04:00:00,463.365,21513.9325
2022-09-08 05:00:00,495.2975,22783.6625
2022-09-08 06:00:00,475.65,23384.892499999998
2022-09-08 07:00:00,407.995,20779.4675
2022-09-08 08:00:00,238.92,20594.44
2022-09-08 09:00:00,102.1825,21016.11
2022-09-08 10:00:00,71.5625,22236.925
2022-09-08 11:00:00,76.69999999999999,24317.755
2022-09-08 12:00:00,58.5,22394.205
2022-09-08 13:00:00,83.75,23790.4
2022-09-08 14:00:00,252.05,24024.9075
2022-09-08 15:00:00,394.255,27017.35
2022-09-08 16:00:00,505.38,32272.15
2022-09-08 17:00:00,611.885,36891.1075
2022-09-08 18:00:00,677.8100000000001,38390.9425
2022-09-08 19:00:00,643.2825,36368.17
2022-09-08 20:00:00,572.8875,35565.2675
2022-09-08 21:00:00,517.955,34770.0575
2022-09-08 22:00:00,508.3025,34575.55
2022-09-08 23:00:00,518.35,35531.835
2022-09-09 00:00:00,463.96,34015.2225
2022-09-09 01:00:00,442.695,32784.3725
2022-09-09 02:00:00,434.0475,31658.535
2022-09-09 03:00:00,425.07,31384.3975
2022-09-09 04:00:00,427.4225,31597.2775
2022-09-09 05:00:00,449.22,32408.465
2022-09-09 06:00:00,438.8825,32932.3975
2022-09-09 07:00:00,394.4275,29213.745
2022-09-09 08:00:00,364.1925,23965.315
2022-09-09 09:00:00,350.02000000000004,21059.67
2022-09-09 10:00:00,349.62,21970.775
2022-09-09 11:00:00,342.77000000000004,24941.3675
2022-09-09 12:00:00,303.29,28659.6775
2022-09-09 13:00:00,337.1725,33156.66
2022-09-09 14:00:00,374.275,36012.9525
2022-09-09 15:00:00,432.375,38124.75
2022-09-09 16:00:00,533.3525,40401.83
2022-09-09 17:00:00,588.2625,42587.14
2022-09-09 18:00:00,607.295,42711.83
2022-09-09 19:00:00,565.2075,40781.68
2022-09-09 20:00:00,512.8824999999999,39670.8975
2022-09-09 21:00:00,483.2475,38706.9375
2022-09-09 22:00:00,486.305,38588.7425
2022-09-09 23:00:00,496.035,38797.915
2022-09-10 00:00:00,573.81,36018.2925
2022-09-10 01:00:00,667.725,34544.305
2022-09-10 02:00:00,702.9175,33779.5925
2022-09-10 03:00:00,665.88,33320.9975
2022-09-10 04:00:00,647.5725,33125.64
2022-09-10 05:00:00,666.4025,34000.455
2022-09-10 06:00:00,556.5575,34693.765
2022-09-10 07:00:00,395.6175,34054.6475
2022-09-10 08:00:00,258.42,32732.9325
2022-09-10 09:00:00,99.7925,30904.2925
2022-09-10 10:00:00,38.9725,32916.665
2022-09-10 11:00:00,66.0725,37707.785
2022-09-10 12:00:00,-25.5175,36108.05
2022-09-10 13:00:00,-54.125,38253.12
2022-09-10 14:00:00,-45.394999999999996,38680.8525
2022-09-10 15:00:00,142.76999999999998,39927.6875
2022-09-10 16:00:00,321.0175,42081.8275
2022-09-10 17:00:00,434.615,44485.5025
2022-09-10 18:00:00,483.515,44305.385
2022-09-10 19:00:00,459.21999999999997,41818.85
2022-09-10 20:00:00,438.7475,40469.082500000004
2022-09-10 21:00:00,420.65999999999997,39348.8525
2022-09-10 22:00:00,431.355,38220.5375
2022-09-10 23:00:00,447.3925,37325.4125
2022-09-11 00:00:00,468.79,35161.1075
2022-09-11 01:00:00,464.65500000000003,33548.205
2022-09-11 02:00:00,453.365,32608.14
2022-09-11 03:00:00,448.14750000000004,31910.747499999998
2022-09-11 04:00:00,456.305,32309.12
2022-09-11 05:00:00,468.0625,32855.96
2022-09-11 06:00:00,453.88,32408.379999999997
2022-09-11 07:00:00,375.94,29634.8125
2022-09-11 08:00:00,143.04500000000002,24670.5675
2022-09-11 09:00:00,44.985,21226.5025
2022-09-11 10:00:00,18.0625,21093.4575
2022-09-11 11:00:00,34.9375,22414.285
2022-09-11 12:00:00,-28.5625,22360.302499999998
2022-09-11 13:00:00,23.5,24022.3825
2022-09-11 14:00:00,87.375,25328.774999999998
2022-09-11 15:00:00,297.62,28073.677499999998
2022-09-11 16:00:00,444.2825,33220.15
2022-09-11 17:00:00,532.2525,36928.235
2022-09-11 18:00:00,588.8,36533.435
2022-09-11 19:00:00,557.2049999999999,33528.197499999995
2022-09-11 20:00:00,504.30999999999995,32317.465
2022-09-11 21:00:00,478.1275,30772.322500000002
2022-09-11 22:00:00,496.9775,29516.3075
2022-09-11 23:00:00,550.2375,30515.1225
2022-09-12 00:00:00,547.34,29787.0675
2022-09-12 01:00:00,517.5525,28811.4425
2022-09-12 02:00:00,491.945,27889.475
2022-09-12 03:00:00,479.36,27314.809999999998
2022-09-12 04:00:00,495.22,27093.11
2022-09-12 05:00:00,518.425,28129.545
2022-09-12 06:00:00,493.01,28721.5425
2022-09-12 07:00:00,405.605,25624.3125
2022-09-12 08:00:00,204.47500000000002,21292.425
2022-09-12 09:00:00,82.81,16390.35
2022-09-12 10:00:00,74.0875,16226.96
2022-09-12 11:00:00,123.9725,17244.6275
2022-09-12 12:00:00,82.2375,18754.61
2022-09-12 13:00:00,92.9775,21582.2325
2022-09-12 14:00:00,210.5375,24290.28
2022-09-12 15:00:00,373.10249999999996,28843.129999999997
2022-09-12 16:00:00,500.17,32742.7375
2022-09-12 17:00:00,578.5425,34002.09
2022-09-12 18:00:00,607.315,33202.7875
2022-09-12 19:00:00,583.7850000000001,30478.735
2022-09-12 20:00:00,529.3824999999999,30190.695
2022-09-12 21:00:00,493.58,28967.8775
2022-09-12 22:00:00,516.175,27747.02
2022-09-12 23:00:00,570.8675000000001,28785.205
2022-09-13 00:00:00,636.1225,28550.36
2022-09-13 01:00:00,630.5699999999999,28451.100000000002
2022-09-13 02:00:00,589.575,27156.7975
2022-09-13 03:00:00,559.76,25074.8175
2022-09-13 04:00:00,582.425,24612.0175
2022-09-13 05:00:00,641.1375,24557.114999999998
2022-09-13 06:00:00,594.89,25311.8875
2022-09-13 07:00:00,459.8175,23035.495
2022-09-13 08:00:00,375.4375,17181.7
2022-09-13 09:00:00,245.0625,13654.6375
2022-09-13 10:00:00,183.32750000000001,13471.134999999998
2022-09-13 11:00:00,185.675,12986.785
2022-09-13 12:00:00,107.205,12835.3475
2022-09-13 13:00:00,118.59,13879.08
2022-09-13 14:00:00,221.32999999999998,15195.3275
2022-09-13 15:00:00,371.8875,16229.369999999999
2022-09-13 16:00:00,476.3125,18925.9525
2022-09-13 17:00:00,538.34,24468.4525
2022-09-13 18:00:00,562.0575,27262.3825
2022-09-13 19:00:00,522.9475,25469.32
2022-09-13 20:00:00,484.78,24885.49
2022-09-13 21:00:00,471.9275,23866.2
2022-09-13 22:00:00,497.865,23396.975
2022-09-13 23:00:00,561.8824999999999,24189.0375
2022-09-14 00:00:00,531.7925,24404.6875
2022-09-14 01:00:00,508.65,24106.6675
2022-09-14 02:00:00,468.96,23356.3375
2022-09-14 03:00:00,425.29499999999996,23733.75
2022-09-14 04:00:00,413.39,24135.309999999998
2022-09-14 05:00:00,422.13750000000005,25454.9375
2022-09-14 06:00:00,399.645,27587.7125
2022-09-14 07:00:00,363.6025,23556.6875
2022-09-14 08:00:00,346.1425,17451.4875
2022-09-14 09:00:00,335.78999999999996,15043.665
2022-09-14 10:00:00,345.3125,15151.775
2022-09-14 11:00:00,358.99,14647.5675
2022-09-14 12:00:00,346.805,14285.28
2022-09-14 13:00:00,351.78,15309.615
2022-09-14 14:00:00,360.235,16112.8975
2022-09-14 15:00:00,386.635,19135.0275
2022-09-14 16:00:00,427.23249999999996,26638.1675
2022-09-14 17:00:00,453.74,34315.275
2022-09-14 18:00:00,451.825,37200.7825
2022-09-14 19:00:00,417.475,36086.795
2022-09-14 20:00:00,381.28999999999996,36161.595
2022-09-14 21:00:00,362.8575,36012.895000000004
2022-09-14 22:00:00,367.2975,35684.9725
2022-09-14 23:00:00,386.2225,36849.215000000004
2022-09-15 00:00:00,434.3225,36084.0275
2022-09-15 01:00:00,440.0575,35418.545
2022-09-15 02:00:00,418.6825,34599.16
2022-09-15 03:00:00,391.40999999999997,33799.285
2022-09-15 04:00:00,381.815,34009.19
2022-09-15 05:00:00,385.34000000000003,35318.36
2022-09-15 06:00:00,371.0125,36957.7325
2022-09-15 07:00:00,299.4575,32264.364999999998
2022-09-15 08:00:00,263.005,25719.317499999997
2022-09-15 09:00:00,286.03000000000003,20367.035
2022-09-15 10:00:00,355.5625,17858.91
2022-09-15 11:00:00,397.6175,18597.5675
2022-09-15 12:00:00,364.5375,17195.9375
2022-09-15 13:00:00,342.85,19213.155
2022-09-15 14:00:00,323.67,20291.8125
2022-09-15 15:00:00,372.7975,26348.015
2022-09-15 16:00:00,396.745,34716.1725
2022-09-15 17:00:00,389.7425,40038.7525
2022-09-15 18:00:00,387.2125,40919.75
2022-09-15 19:00:00,344.0475,37781.8275
2022-09-15 20:00:00,231.7275,36314.7725
2022-09-15 21:00:00,166.60250000000002,35066.3125
2022-09-15 22:00:00,176.35000000000002,33979.4375
2022-09-15 23:00:00,241.1775,34229.270000000004
2022-09-16 00:00:00,268.18,33365.4525
2022-09-16 01:00:00,176.195,32285.292500000003
2022-09-16 02:00:00,110.58500000000001,31551.68
2022-09-16 03:00:00,88.60749999999999,31198.557500000003
2022-09-16 04:00:00,114.215,31393.7075
2022-09-16 05:00:00,227.21999999999997,32866.317500000005
2022-09-16 06:00:00,297.9875,34491.8825
2022-09-16 07:00:00,154.1525,30727.175
2022-09-16 08:00:00,89.2175,24839.8975
2022-09-16 09:00:00,80.1075,21143.4525
2022-09-16 10:00:00,101.49000000000001,19165.072500000002
2022-09-16 11:00:00,141.19,20624.809999999998
2022-09-16 12:00:00,108.7375,20399.945
2022-09-16 13:00:00,136.60750000000002,23353.1725
2022-09-16 14:00:00,235.40999999999997,25957.3775
2022-09-16 15:00:00,432.4,32039.06
2022-09-16 16:00:00,641.2225000000001,37995.565
2022-09-16 17:00:00,736.4125,39934.020000000004
2022-09-16 18:00:00,788.885,39382.06
2022-09-16 19:00:00,770.715,36550.3625
2022-09-16 20:00:00,701.9175,35313.32
2022-09-16 21:00:00,661.5425,34850.9875
2022-09-16 22:00:00,650.5925,34547.4225
2022-09-16 23:00:00,674.94,35300.537500000006
2022-09-17 00:00:00,510.65500000000003,35157.255
2022-09-17 01:00:00,435.04,34323.665
2022-09-17 02:00:00,411.0175,33201.7675
2022-09-17 03:00:00,388.3225,32534.7375
2022-09-17 04:00:00,394.3925,33248.2575
2022-09-17 05:00:00,416.375,34725.145000000004
2022-09-17 06:00:00,405.6025,36132.8725
2022-09-17 07:00:00,190.14249999999998,33384.9525
2022-09-17 08:00:00,65.6725,29746.1475
2022-09-17 09:00:00,-28.8125,26124.670000000002
2022-09-17 10:00:00,-28.375,24940.024999999998
2022-09-17 11:00:00,3.995,27113.2
2022-09-17 12:00:00,-57.0225,26023.0325
2022-09-17 13:00:00,16.0,30987.184999999998
2022-09-17 14:00:00,71.685,33014.2275
2022-09-17 15:00:00,259.7075,36472.0
2022-09-17 16:00:00,487.86249999999995,40685.445
2022-09-17 17:00:00,659.5799999999999,42337.375
2022-09-17 18:00:00,736.585,41613.9325
2022-09-17 19:00:00,659.0925,38828.787500000006
2022-09-17 20:00:00,565.885,37944.83
2022-09-17 21:00:00,506.3375,37329.0125
2022-09-17 22:00:00,499.8375,36773.7525
2022-09-17 23:00:00,530.0075,37565.3125
2022-09-18 00:00:00,651.38,37201.8925
2022-09-18 01:00:00,753.205,36676.8425
2022-09-18 02:00:00,758.26,35741.4375
2022-09-18 03:00:00,725.42,35146.5275
2022-09-18 04:00:00,718.9475,35351.1475
2022-09-18 05:00:00,757.0975,36916.6325
2022-09-18 06:00:00,680.6,38919.604999999996
2022-09-18 07:00:00,457.4975,38672.0725
2022-09-18 08:00:00,185.7775,38054.025
2022-09-18 09:00:00,15.675,36264.685
2022-09-18 10:00:00,-64.5,35760.7625
2022-09-18 11:00:00,-8.8325,36635.255000000005
2022-09-18 12:00:00,-56.2775,32028.3775
2022-09-18 13:00:00,-80.0,33126.615
2022-09-18 14:00:00,-58.8125,33636.3125
2022-09-18 15:00:00,68.9625,36012.4175
2022-09-18 16:00:00,314.925,40000.572499999995
2022-09-18 17:00:00,439.93,42460.270000000004
2022-09-18 18:00:00,462.31,41787.0925
2022-09-18 19:00:00,430.92,38824.53
2022-09-18 20:00:00,382.8075,37834.5675
2022-09-18 21:00:00,351.96999999999997,37119.6725
2022-09-18 22:00:00,362.8175,36946.097499999996
2022-09-18 23:00:00,383.27,37687.805
2022-09-19 00:00:00,416.7375,37036.09
2022-09-19 01:00:00,401.125,36079.965000000004
2022-09-19 02:00:00,356.29999999999995,35257.09
2022-09-19 03:00:00,280.985,34667.0225
2022-09-19 04:00:00,296.34250000000003,34737.7175
2022-09-19 05:00:00,372.245,35677.8975
2022-09-19 06:00:00,365.3375,35679.535
2022-09-19 07:00:00,140.3625,35056.2025
2022-09-19 08:00:00,-36.875,32243.6325
2022-09-19 09:00:00,-78.0,28205.0575
2022-09-19 10:00:00,-80.0,25658.1025
2022-09-19 11:00:00,-65.0,26010.5925
2022-09-19 12:00:00,-75.0,23119.46
2022-09-19 13:00:00,-80.0,23689.9375
2022-09-19 14:00:00,-80.0,25293.2875
2022-09-19 15:00:00,50.56,31004.9975
2022-09-19 16:00:00,353.625,36904.575
2022-09-19 17:00:00,582.3475,40125.375
2022-09-19 18:00:00,663.875,39691.8225
2022-09-19 19:00:00,581.1850000000001,37225.33
2022-09-19 20:00:00,495.47,36431.192500000005
2022-09-19 21:00:00,459.635,35565.455
2022-09-19 22:00:00,508.16499999999996,35194.7825
2022-09-19 23:00:00,606.92,35906.6975
2022-09-20 00:00:00,512.77,35479.64
2022-09-20 01:00:00,462.8825,34901.065
2022-09-20 02:00:00,449.40250000000003,34230.365
2022-09-20 03:00:00,444.1025,33594.64
2022-09-20 04:00:00,459.5375,33257.9125
2022-09-20 05:00:00,511.52500000000003,33492.4125
2022-09-20 06:00:00,509.28000000000003,31437.89
2022-09-20 07:00:00,351.85,28464.302499999998
2022-09-20 08:00:00,165.0375,23765.3675
2022-09-20 09:00:00,83.255,19054.2075
2022-09-20 10:00:00,69.3475,17662.085
2022-09-20 11:00:00,70.4375,19586.7275
2022-09-20 12:00:00,48.5,17053.03
2022-09-20 13:00:00,57.125,18698.8275
2022-09-20 14:00:00,83.125,18001.6175
2022-09-20 15:00:00,237.1725,21245.074999999997
2022-09-20 16:00:00,440.985,25713.7075
2022-09-20 17:00:00,534.51,29422.555
2022-09-20 18:00:00,573.8625000000001,29797.525
2022-09-20 19:00:00,528.0725,28204.1275
2022-09-20 20:00:00,474.56,28094.09
2022-09-20 21:00:00,438.42,27588.6075
2022-09-20 22:00:00,433.15250000000003,27168.2875
2022-09-20 23:00:00,447.9375,27957.1375
2022-09-21 00:00:00,625.7774999999999,26812.6725
2022-09-21 01:00:00,682.1324999999999,25363.8725
2022-09-21 02:00:00,666.4825,24125.2825
2022-09-21 03:00:00,646.7574999999999,23038.68
2022-09-21 04:00:00,652.865,23163.71
2022-09-21 05:00:00,703.39,24867.1125
2022-09-21 06:00:00,712.35,26629.350000000002
2022-09-21 07:00:00,500.66249999999997,22225.137499999997
2022-09-21 08:00:00,211.2625,17277.184999999998
2022-09-21 09:00:00,66.955,15912.445
2022-09-21 10:00:00,11.81,15647.4175
2022-09-21 11:00:00,5.9875,14721.6325
2022-09-21 12:00:00,-58.114999999999995,14524.7275
2022-09-21 13:00:00,1.6599999999999993,15594.705
2022-09-21 14:00:00,61.339999999999996,16289.380000000001
2022-09-21 15:00:00,242.7025,18616.747499999998
2022-09-21 16:00:00,493.2,25171.535
2022-09-21 17:00:00,606.5374999999999,33007.6725
2022-09-21 18:00:00,593.7375,35416.7525
2022-09-21 19:00:00,455.9425,33724.1025
2022-09-21 20:00:00,345.1925,33458.46
2022-09-21 21:00:00,259.855,33362.6375
2022-09-21 22:00:00,261.53000000000003,33352.0175
2022-09-21 23:00:00,338.46250000000003,34614.7025
2022-09-22 00:00:00,374.935,34504.17
2022-09-22 01:00:00,363.36749999999995,33787.025
2022-09-22 02:00:00,304.75,32055.485
2022-09-22 03:00:00,236.215,31065.5125
2022-09-22 04:00:00,269.47999999999996,31110.385000000002
2022-09-22 05:00:00,366.8125,32326.525
2022-09-22 06:00:00,421.03249999999997,33582.205
2022-09-22 07:00:00,296.26,29632.692499999997
2022-09-22 08:00:00,108.3275,23410.1175
2022-09-22 09:00:00,-44.86,19000.7
2022-09-22 10:00:00,-80.0,17896.5575
2022-09-22 11:00:00,-41.1875,18649.447500000002
2022-09-22 12:00:00,-67.0625,16524.6025
2022-09-22 13:00:00,-22.4375,18356.84
2022-09-22 14:00:00,44.3675,19825.7225
2022-09-22 15:00:00,225.28500000000003,24094.13
2022-09-22 16:00:00,534.3625,32858.5725
2022-09-22 17:00:00,752.4525,38371.57
2022-09-22 18:00:00,819.345,38061.075
2022-09-22 19:00:00,624.1775,35019.9275
2022-09-22 20:00:00,444.20500000000004,33838.325
2022-09-22 21:00:00,341.4425,32589.4875
2022-09-22 22:00:00,330.36,31694.1125
2022-09-22 23:00:00,375.3875,32415.677499999998
2022-09-23 00:00:00,331.5425,31577.927499999998
2022-09-23 01:00:00,262.6775,31024.18
2022-09-23 02:00:00,159.4075,29747.2325
2022-09-23 03:00:00,117.75,28942.3925
2022-09-23 04:00:00,153.9175,29207.052499999998
2022-09-23 05:00:00,299.81,30468.55
2022-09-23 06:00:00,382.56,31843.425
2022-09-23 07:00:00,171.7425,28361.73
2022-09-23 08:00:00,9.670000000000002,22713.545
2022-09-23 09:00:00,-64.875,19273.83
2022-09-23 10:00:00,-65.0,16745.53
2022-09-23 11:00:00,-30.75,17739.074999999997
2022-09-23 12:00:00,-65.25,15720.1675
2022-09-23 13:00:00,-43.8125,18097.675
2022-09-23 14:00:00,50.150000000000006,19651.27
2022-09-23 15:00:00,277.95500000000004,25354.252500000002
2022-09-23 16:00:00,604.2225000000001,32604.85
2022-09-23 17:00:00,757.15,36284.3525
2022-09-23 18:00:00,784.0325,34037.205
2022-09-23 19:00:00,754.2825,29595.405
2022-09-23 20:00:00,740.525,27417.385000000002
2022-09-23 21:00:00,724.15,26054.41
2022-09-23 22:00:00,709.4675,25570.9175
2022-09-23 23:00:00,720.7,26744.8725
2022-09-24 00:00:00,554.075,27166.9925
2022-09-24 01:00:00,484.67499999999995,27021.08
2022-09-24 02:00:00,469.505,26337.3975
2022-09-24 03:00:00,461.265,25981.0375
2022-09-24 04:00:00,462.75,26655.5675
2022-09-24 05:00:00,476.875,28346.555
2022-09-24 06:00:00,475.2875,29907.665
2022-09-24 07:00:00,433.5425,27639.575
2022-09-24 08:00:00,377.3375,24393.2125
2022-09-24 09:00:00,204.52999999999997,20891.8425
2022-09-24 10:00:00,115.055,18180.325
2022-09-24 11:00:00,132.165,19573.2475
2022-09-24 12:00:00,63.1225,17323.26
2022-09-24 13:00:00,145.64499999999998,19243.88
2022-09-24 14:00:00,344.765,20227.802499999998
2022-09-24 15:00:00,448.5725,24776.4675
2022-09-24 16:00:00,584.4725,31910.5
2022-09-24 17:00:00,676.1175,35879.285
2022-09-24 18:00:00,672.0325,34676.0275
2022-09-24 19:00:00,547.5649999999999,31375.9525
2022-09-24 20:00:00,484.4875,29943.262499999997
2022-09-24 21:00:00,466.315,28649.265
2022-09-24 22:00:00,460.295,28840.0275
2022-09-24 23:00:00,468.42,29996.4175
2022-09-25 00:00:00,512.1675,29641.1125
2022-09-25 01:00:00,515.1075,29253.252500000002
2022-09-25 02:00:00,501.5625,29619.252500000002
2022-09-25 03:00:00,490.9325,29459.63
2022-09-25 04:00:00,493.375,29977.627500000002
2022-09-25 05:00:00,508.5525,31458.0875
2022-09-25 06:00:00,497.9425,33141.11
2022-09-25 07:00:00,427.0125,32235.76
2022-09-25 08:00:00,285.33500000000004,30803.755
2022-09-25 09:00:00,55.92,28352.3475
2022-09-25 10:00:00,-46.8125,25423.2875
2022-09-25 11:00:00,-16.6875,25588.8525
2022-09-25 12:00:00,-60.5625,23121.1575
2022-09-25 13:00:00,6.625,25392.62
2022-09-25 14:00:00,183.1675,26617.1325
2022-09-25 15:00:00,379.09749999999997,31500.1075
2022-09-25 16:00:00,522.395,37532.22
2022-09-25 17:00:00,630.2775,40773.33
2022-09-25 18:00:00,644.245,39728.2425
2022-09-25 19:00:00,572.4825000000001,36428.3875
2022-09-25 20:00:00,513.15,34732.3525
2022-09-25 21:00:00,484.2925,33407.155
2022-09-25 22:00:00,480.0625,32519.6325
2022-09-25 23:00:00,497.135,32828.835
2022-09-26 00:00:00,490.0575,31816.9825
2022-09-26 01:00:00,480.9,31529.8575
2022-09-26 02:00:00,471.5025,31405.6075
2022-09-26 03:00:00,464.375,32019.0475
2022-09-26 04:00:00,473.78000000000003,33151.6325
2022-09-26 05:00:00,501.6075,34312.5925
2022-09-26 06:00:00,511.605,34346.5175
2022-09-26 07:00:00,435.0675,32949.785
2022-09-26 08:00:00,252.3275,27823.945
2022-09-26 09:00:00,94.075,21777.065000000002
2022-09-26 10:00:00,53.2875,18616.2375
2022-09-26 11:00:00,49.4875,19820.7225
2022-09-26 12:00:00,20.6675,18110.285
2022-09-26 13:00:00,57.4875,19803.635000000002
2022-09-26 14:00:00,204.2525,20679.11
2022-09-26 15:00:00,393.36,25557.625
2022-09-26 16:00:00,554.9825000000001,32405.1325
2022-09-26 17:00:00,723.54,35997.8725
2022-09-26 18:00:00,781.9100000000001,34693.265
2022-09-26 19:00:00,644.0225,32173.5475
2022-09-26 20:00:00,537.7249999999999,31480.5025
2022-09-26 21:00:00,499.54499999999996,31222.2625
2022-09-26 22:00:00,493.2725,31634.552499999998
2022-09-26 23:00:00,511.10749999999996,33437.1125
2022-09-27 00:00:00,521.14,33519.8475
2022-09-27 01:00:00,503.5625,33381.0925
2022-09-27 02:00:00,488.25,33085.7725
2022-09-27 03:00:00,482.4975,33067.2775
2022-09-27 04:00:00,492.635,33313.542499999996
2022-09-27 05:00:00,577.35,34316.8175
2022-09-27 06:00:00,604.8325,34520.165
2022-09-27 07:00:00,454.14250000000004,32599.57
2022-09-27 08:00:00,330.63,26362.8125
2022-09-27 09:00:00,240.49,20614.3475
2022-09-27 10:00:00,210.945,19124.9625
2022-09-27 11:00:00,205.83499999999998,20935.752500000002
2022-09-27 12:00:00,143.75,18639.0625
2022-09-27 13:00:00,226.36,19553.325
2022-09-27 14:00:00,365.895,20156.655
2022-09-27 15:00:00,532.1875,26292.7025
2022-09-27 16:00:00,745.0775,34397.775
2022-09-27 17:00:00,781.2025000000001,39451.9075
2022-09-27 18:00:00,751.8525000000001,38766.3925
2022-09-27 19:00:00,680.1125000000001,36126.605
2022-09-27 20:00:00,592.77,35042.1675
2022-09-27 21:00:00,523.1424999999999,34086.3575
2022-09-27 22:00:00,505.3775,33276.7475
2022-09-27 23:00:00,540.465,34431.335
2022-09-28 00:00:00,595.57,33991.192500000005
2022-09-28 01:00:00,597.1825,33335.73
2022-09-28 02:00:00,552.5174999999999,33007.755
2022-09-28 03:00:00,509.34999999999997,32772.66
2022-09-28 04:00:00,525.835,33037.207500000004
2022-09-28 05:00:00,598.995,34378.235
2022-09-28 06:00:00,607.7225000000001,35722.4525
2022-09-28 07:00:00,453.4425,33514.015
2022-09-28 08:00:00,307.145,27925.175
2022-09-28 09:00:00,177.22750000000002,22868.57
2022-09-28 10:00:00,115.67,21660.2075
2022-09-28 11:00:00,112.77,22500.885000000002
2022-09-28 12:00:00,77.6925,21128.97
2022-09-28 13:00:00,126.09,23148.1675
2022-09-28 14:00:00,262.1625,24626.165
2022-09-28 15:00:00,427.77250000000004,30406.805
2022-09-28 16:00:00,609.625,37382.32
2022-09-28 17:00:00,672.105,40392.165
2022-09-28 18:00:00,671.73,37919.76
2022-09-28 19:00:00,614.1274999999999,34193.9875
2022-09-28 20:00:00,519.7275,32125.59
2022-09-28 21:00:00,472.685,30053.11
2022-09-28 22:00:00,459.84250000000003,28989.5475
2022-09-28 23:00:00,475.8075,29862.3725
2022-09-29 00:00:00,526.375,29419.8275
2022-09-29 01:00:00,514.6775,28673.4875
2022-09-29 02:00:00,487.235,27702.2225
2022-09-29 03:00:00,477.9575,26889.427499999998
2022-09-29 04:00:00,491.4425,26649.9675
2022-09-29 05:00:00,564.245,27411.225
2022-09-29 06:00:00,618.6099999999999,28377.12
2022-09-29 07:00:00,468.1175,26009.6775
2022-09-29 08:00:00,287.6725,21362.355
2022-09-29 09:00:00,131.48,17719.8325
2022-09-29 10:00:00,81.38,16819.947500000002
2022-09-29 11:00:00,62.6175,17379.9
2022-09-29 12:00:00,-15.9475,17382.96
2022-09-29 13:00:00,65.82000000000001,17734.895
2022-09-29 14:00:00,223.57,18856.235
2022-09-29 15:00:00,407.395,24207.375
2022-09-29 16:00:00,622.885,30055.345
2022-09-29 17:00:00,709.9375,33051.7425
2022-09-29 18:00:00,696.1825,31027.735
2022-09-29 19:00:00,584.91,28081.0275
2022-09-29 20:00:00,487.605,26594.45
2022-09-29 21:00:00,446.65999999999997,25541.8
2022-09-29 22:00:00,437.015,25041.197500000002
2022-09-29 23:00:00,450.5325,26558.305
2022-09-30 00:00:00,455.2425,26653.510000000002
2022-09-30 01:00:00,445.78749999999997,26997.725
2022-09-30 02:00:00,438.0,26812.5
2022-09-30 03:00:00,433.675,26827.7325
2022-09-30 04:00:00,440.25,27293.5125
2022-09-30 05:00:00,475.9375,28609.0575
2022-09-30 06:00:00,507.66249999999997,29406.7925
2022-09-30 07:00:00,436.28,30521.145
2022-09-30 08:00:00,361.14,31048.13
2022-09-30 09:00:00,208.07999999999998,29677.57
2022-09-30 10:00:00,131.445,28367.2775
2022-09-30 11:00:00,117.36250000000001,31393.84
2022-09-30 12:00:00,66.845,31576.62
2022-09-30 13:00:00,123.8,34601.9
2022-09-30 14:00:00,302.7675,34560.2625
2022-09-30 15:00:00,439.245,36595.3625
2022-09-30 16:00:00,609.6424999999999,39659.675
2022-09-30 17:00:00,684.375,42202.245
2022-09-30 18:00:00,680.4124999999999,40311.8825
2022-09-30 19:00:00,597.9,38011.365
2022-09-30 20:00:00,519.95,36883.0175
2022-09-30 21:00:00,481.62,36124.235
2022-09-30 22:00:00,470.365,35818.4475
2022-09-30 23:00:00,489.5525,36934.0675
2022-10-01 00:00:00,469.0,36119.2325
2022-10-01 01:00:00,463.8725,34135.3075
2022-10-01 02:00:00,457.9125,31801.18
2022-10-01 03:00:00,455.2775,29711.985
2022-10-01 04:00:00,467.0375,28524.5375
2022-10-01 05:00:00,490.705,28540.695
2022-10-01 06:00:00,495.495,28522.1375
2022-10-01 07:00:00,445.2275,26921.4575
2022-10-01 08:00:00,398.01750000000004,23567.370000000003
2022-10-01 09:00:00,386.23249999999996,19380.0575
2022-10-01 10:00:00,407.25,17610.105
2022-10-01 11:00:00,437.9125,20589.9325
2022-10-01 12:00:00,417.735,18943.980000000003
2022-10-01 13:00:00,424.1875,22320.585
2022-10-01 14:00:00,436.875,23739.395
2022-10-01 15:00:00,461.1,27869.9875
2022-10-01 16:00:00,479.75,32743.612500000003
2022-10-01 17:00:00,486.31,35763.1175
2022-10-01 18:00:00,482.85,33219.7525
2022-10-01 19:00:00,437.11,30968.3375
2022-10-01 20:00:00,397.4875,30179.355
2022-10-01 21:00:00,382.2325,29694.5475
2022-10-01 22:00:00,381.365,29716.565000000002
2022-10-01 23:00:00,386.995,31112.9425
2022-10-02 00:00:00,390.3375,31253.4675
2022-10-02 01:00:00,372.37,31160.125
2022-10-02 02:00:00,355.01,30614.1525
2022-10-02 03:00:00,343.65250000000003,30302.76
2022-10-02 04:00:00,351.52,30672.085
2022-10-02 05:00:00,379.66499999999996,31779.3275
2022-10-02 06:00:00,395.765,33125.825
2022-10-02 07:00:00,382.265,32663.072500000002
2022-10-02 08:00:00,344.53499999999997,28467.9825
2022-10-02 09:00:00,327.9375,22863.8
2022-10-02 10:00:00,360.4625,20146.502500000002
2022-10-02 11:00:00,390.1375,22109.16
2022-10-02 12:00:00,377.9525,20073.8425
2022-10-02 13:00:00,380.495,23665.72
2022-10-02 14:00:00,399.9675,25261.3325
2022-10-02 15:00:00,432.3125,30992.0
2022-10-02 16:00:00,467.17,36142.55
2022-10-02 17:00:00,516.4825,38469.02
2022-10-02 18:00:00,562.56,36053.97
2022-10-02 19:00:00,524.3575,33524.6275
2022-10-02 20:00:00,482.1275,32782.25
2022-10-02 21:00:00,466.3975,32187.447500000002
2022-10-02 22:00:00,462.98,32174.915
2022-10-02 23:00:00,468.9075,33330.7725
2022-10-03 00:00:00,531.5175,32980.0775
2022-10-03 01:00:00,569.7425000000001,32453.9775
2022-10-03 02:00:00,561.765,31528.2425
2022-10-03 03:00:00,538.5675,31109.02
2022-10-03 04:00:00,547.0675,31375.795
2022-10-03 05:00:00,584.345,31852.095
2022-10-03 06:00:00,590.7225,32116.36
2022-10-03 07:00:00,548.6899999999999,33343.095
2022-10-03 08:00:00,491.8575,32015.9025
2022-10-03 09:00:00,457.905,29291.114999999998
2022-10-03 10:00:00,458.345,27818.46
2022-10-03 11:00:00,462.2275,30034.63
2022-10-03 12:00:00,435.0075,27794.072500000002
2022-10-03 13:00:00,418.605,29365.4325
2022-10-03 14:00:00,413.85,28743.53
2022-10-03 15:00:00,415.9325,31892.5725
2022-10-03 16:00:00,413.935,36686.17
2022-10-03 17:00:00,418.95,40034.85
2022-10-03 18:00:00,419.4875,38598.41
2022-10-03 19:00:00,379.4975,35280.165
2022-10-03 20:00:00,295.97999999999996,34540.72
2022-10-03 21:00:00,161.9425,33903.3375
2022-10-03 22:00:00,138.7825,34055.6775
2022-10-03 23:00:00,151.555,35249.259999999995
2022-10-04 00:00:00,145.52249999999998,34509.565
2022-10-04 01:00:00,105.2575,33616.1025
2022-10-04 02:00:00,66.14,32904.4375
2022-10-04 03:00:00,50.3125,32543.1325
2022-10-04 04:00:00,54.5625,32805.167499999996
2022-10-04 05:00:00,94.565,33149.8775
2022-10-04 06:00:00,128.35,32626.1075
2022-10-04 07:00:00,83.96000000000001,33914.9325
2022-10-04 08:00:00,20.34,32539.2275
2022-10-04 09:00:00,-58.7875,29884.9425
2022-10-04 10:00:00,-39.785,29572.4775
2022-10-04 11:00:00,-0.03249999999999975,32243.247499999998
2022-10-04 12:00:00,-37.0,30138.485
2022-10-04 13:00:00,2.357499999999999,31848.48
2022-10-04 14:00:00,83.0875,31560.5725
2022-10-04 15:00:00,330.79,34133.7525
2022-10-04 16:00:00,659.145,37360.715
2022-10-04 17:00:00,812.66,40276.43
2022-10-04 18:00:00,870.895,38056.27250000001
2022-10-04 19:00:00,842.59,35556.965
2022-10-04 20:00:00,820.0625,34676.902500000004
2022-10-04 21:00:00,801.0625,33578.479999999996
2022-10-04 22:00:00,799.8675000000001,32661.3275
2022-10-04 23:00:00,810.81,33484.7875
2022-10-05 00:00:00,530.5,32817.67
2022-10-05 01:00:00,428.065,31644.0325
2022-10-05 02:00:00,417.23,30645.095
2022-10-05 03:00:00,410.9375,30297.345
2022-10-05 04:00:00,413.6875,30916.6875
2022-10-05 05:00:00,423.9625,32203.71
2022-10-05 06:00:00,426.905,33905.4925
2022-10-05 07:00:00,411.78499999999997,34476.665
2022-10-05 08:00:00,323.53000000000003,32070.715
2022-10-05 09:00:00,210.68,28674.77
2022-10-05 10:00:00,225.81,27280.2225
2022-10-05 11:00:00,265.06,28806.635000000002
2022-10-05 12:00:00,249.4975,23885.9925
2022-10-05 13:00:00,356.235,26826.57
2022-10-05 14:00:00,416.24,27886.98
2022-10-05 15:00:00,445.8125,31928.48
2022-10-05 16:00:00,499.31499999999994,37484.43
2022-10-05 17:00:00,589.625,40798.99
2022-10-05 18:00:00,633.5550000000001,38631.02
2022-10-05 19:00:00,584.0550000000001,36107.935
2022-10-05 20:00:00,522.7375,34753.48
2022-10-05 21:00:00,492.1875,33310.53
2022-10-05 22:00:00,485.96999999999997,31938.6725
2022-10-05 23:00:00,483.34749999999997,32526.5175
2022-10-06 00:00:00,454.22499999999997,33048.295
2022-10-06 01:00:00,439.485,32536.215
2022-10-06 02:00:00,430.805,31738.4075
2022-10-06 03:00:00,423.9325,31185.275
2022-10-06 04:00:00,425.1025,31070.8175
2022-10-06 05:00:00,433.605,31433.4625
2022-10-06 06:00:00,440.145,31562.1875
2022-10-06 07:00:00,429.1125,28694.0425
2022-10-06 08:00:00,395.8225,23254.9325
2022-10-06 09:00:00,335.175,18516.9025
2022-10-06 10:00:00,334.655,17394.205
2022-10-06 11:00:00,367.1775,18648.3
2022-10-06 12:00:00,344.645,18164.76
2022-10-06 13:00:00,385.895,19486.475
2022-10-06 14:00:00,414.025,20974.2725
2022-10-06 15:00:00,441.9125,26898.997499999998
2022-10-06 16:00:00,489.5475,34596.3975
2022-10-06 17:00:00,566.1275,38082.9875
2022-10-06 18:00:00,579.9925000000001,35631.5725
2022-10-06 19:00:00,525.0175,31479.4075
2022-10-06 20:00:00,482.84000000000003,29148.6325
2022-10-06 21:00:00,467.39,27962.9475
2022-10-06 22:00:00,461.11,27819.235
2022-10-06 23:00:00,458.0575,29992.25
2022-10-07 00:00:00,495.2025,30099.2175
2022-10-07 01:00:00,502.305,29156.57
2022-10-07 02:00:00,488.4425,28504.8825
2022-10-07 03:00:00,479.58500000000004,28255.9575
2022-10-07 04:00:00,499.18,28082.7225
2022-10-07 05:00:00,520.23,28416.1125
2022-10-07 06:00:00,518.785,28764.870000000003
2022-10-07 07:00:00,450.18,26798.0
2022-10-07 08:00:00,254.3125,23473.545000000002
2022-10-07 09:00:00,33.82,19516.46
2022-10-07 10:00:00,-14.094999999999999,18026.5375
2022-10-07 11:00:00,19.6725,20363.6325
2022-10-07 12:00:00,-8.754999999999999,18927.88
2022-10-07 13:00:00,103.48499999999999,21488.247499999998
2022-10-07 14:00:00,263.1825,22233.22
2022-10-07 15:00:00,441.9175,28132.864999999998
2022-10-07 16:00:00,556.91,35559.68
2022-10-07 17:00:00,622.215,38899.715
2022-10-07 18:00:00,612.0550000000001,36086.097499999996
2022-10-07 19:00:00,571.5050000000001,33378.3325
2022-10-07 20:00:00,532.0775,32141.7
2022-10-07 21:00:00,501.51,30323.572500000002
2022-10-07 22:00:00,488.46999999999997,29723.0475
2022-10-07 23:00:00,505.5625,32036.8775
2022-10-08 00:00:00,497.1925,31943.57
2022-10-08 01:00:00,491.8825,30904.0225
2022-10-08 02:00:00,481.2875,29328.9025
2022-10-08 03:00:00,464.3,27656.7775
2022-10-08 04:00:00,474.97249999999997,26781.785
2022-10-08 05:00:00,500.7525,26085.04
2022-10-08 06:00:00,505.29,24636.02
2022-10-08 07:00:00,414.2525,23809.225
2022-10-08 08:00:00,206.0,24419.754999999997
2022-10-08 09:00:00,-0.044999999999996376,24360.4175
2022-10-08 10:00:00,-48.42,25453.035
2022-10-08 11:00:00,-20.875,29230.2775
2022-10-08 12:00:00,-41.375,27888.6575
2022-10-08 13:00:00,46.37,29170.0225
2022-10-08 14:00:00,202.6375,27976.75
2022-10-08 15:00:00,420.4525,30288.5975
2022-10-08 16:00:00,538.89,34573.3025
2022-10-08 17:00:00,572.5649999999999,37796.09
2022-10-08 18:00:00,565.23,36483.59
2022-10-08 19:00:00,533.6575,34430.5925
2022-10-08 20:00:00,489.3975,33657.715
2022-10-08 21:00:00,457.865,32827.1225
2022-10-08 22:00:00,455.29999999999995,32204.045
2022-10-08 23:00:00,484.66999999999996,34121.405
2022-10-09 00:00:00,530.0025,33299.8975
2022-10-09 01:00:00,547.28,32715.595
2022-10-09 02:00:00,536.1325,31175.16
2022-10-09 03:00:00,490.27250000000004,30424.175
2022-10-09 04:00:00,464.195,30837.872499999998
2022-10-09 05:00:00,489.64,32404.1425
2022-10-09 06:00:00,519.7525,33454.4325
2022-10-09 07:00:00,329.8525,32295.0575
2022-10-09 08:00:00,29.9775,28361.2275
2022-10-09 09:00:00,-72.0325,23699.1
2022-10-09 10:00:00,-80.0,20671.254999999997
2022-10-09 11:00:00,-80.0,22427.7275
2022-10-09 12:00:00,-80.0,20195.15
2022-10-09 13:00:00,-80.0,22050.04
2022-10-09 14:00:00,-80.0,22617.550000000003
2022-10-09 15:00:00,-31.1375,28035.81
2022-10-09 16:00:00,306.1725,36089.755
2022-10-09 17:00:00,523.2950000000001,40717.605
2022-10-09 18:00:00,554.5625,39219.5375
2022-10-09 19:00:00,496.22249999999997,37197.09
2022-10-09 20:00:00,463.20500000000004,36191.3475
2022-10-09 21:00:00,444.11,35316.29
2022-10-09 22:00:00,437.1675,34639.5275
2022-10-09 23:00:00,460.06,36527.332500000004
2022-10-10 00:00:00,476.6075,35666.945
2022-10-10 01:00:00,449.02750000000003,34593.835
2022-10-10 02:00:00,409.9125,33632.667499999996
2022-10-10 03:00:00,368.3775,32957.2275
2022-10-10 04:00:00,361.90500000000003,32993.4675
2022-10-10 05:00:00,411.8525,33511.9975
2022-10-10 06:00:00,466.425,32475.3625
2022-10-10 07:00:00,255.8775,30864.072500000002
2022-10-10 08:00:00,-14.642499999999998,25647.745
2022-10-10 09:00:00,-80.0,20736.197500000002
2022-10-10 10:00:00,-80.0,18643.2125
2022-10-10 11:00:00,-80.0,20364.18
2022-10-10 12:00:00,-80.0,18221.87
2022-10-10 13:00:00,-80.0,20440.205
2022-10-10 14:00:00,-80.0,21847.105
2022-10-10 15:00:00,128.3125,28026.0875
2022-10-10 16:00:00,475.20500000000004,35803.28
2022-10-10 17:00:00,635.6324999999999,39783.6575
2022-10-10 18:00:00,654.665,36831.8325
2022-10-10 19:00:00,619.5525,33773.625
2022-10-10 20:00:00,620.61,31557.5925
2022-10-10 21:00:00,620.02,28970.1725
2022-10-10 22:00:00,619.8299999999999,27472.095
2022-10-10 23:00:00,633.6475,29021.43
2022-10-11 00:00:00,546.93,28429.7725
2022-10-11 01:00:00,499.635,27867.485
2022-10-11 02:00:00,484.0625,27216.9275
2022-10-11 03:00:00,475.61249999999995,27274.4325
2022-10-11 04:00:00,482.84749999999997,27447.5625
2022-10-11 05:00:00,507.52,27820.0125
2022-10-11 06:00:00,541.3675000000001,26159.872499999998
2022-10-11 07:00:00,472.285,25868.447500000002
2022-10-11 08:00:00,242.42000000000002,24762.89
2022-10-11 09:00:00,-1.384999999999998,22690.12
2022-10-11 10:00:00,-75.0,22020.377500000002
2022-10-11 11:00:00,-58.8125,24071.605
2022-10-11 12:00:00,-72.9375,21639.205
2022-10-11 13:00:00,-73.17500000000001,22198.91
2022-10-11 14:00:00,3.1099999999999994,21920.44
2022-10-11 15:00:00,267.3825,26125.45
2022-10-11 16:00:00,456.1875,32133.364999999998
2022-10-11 17:00:00,531.4925000000001,35481.8975
2022-10-11 18:00:00,536.9975,32512.93
2022-10-11 19:00:00,495.6875,30707.3475
2022-10-11 20:00:00,473.4575,30018.085
2022-10-11 21:00:00,459.33500000000004,29148.239999999998
2022-10-11 22:00:00,449.66,28885.0925
2022-10-11 23:00:00,451.6575,31436.655
2022-10-12 00:00:00,504.26750000000004,31926.4075
2022-10-12 01:00:00,499.9325,32152.0925
2022-10-12 02:00:00,476.0725,32384.595
2022-10-12 03:00:00,461.8675,32633.3675
2022-10-12 04:00:00,472.1225,33257.7475
2022-10-12 05:00:00,508.1575,34598.6125
2022-10-12 06:00:00,539.905,35082.8625
2022-10-12 07:00:00,445.7275,35137.6175
2022-10-12 08:00:00,209.3675,32870.299999999996
2022-10-12 09:00:00,-7.667499999999997,28401.785
2022-10-12 10:00:00,-74.375,25295.190000000002
2022-10-12 11:00:00,-65.0,26099.5675
2022-10-12 12:00:00,-75.0,23517.27
2022-10-12 13:00:00,-18.2975,25970.8375
2022-10-12 14:00:00,96.275,27112.9325
2022-10-12 15:00:00,382.52750000000003,32368.184999999998
2022-10-12 16:00:00,558.7825,38644.91
2022-10-12 17:00:00,608.4475,41651.485
2022-10-12 18:00:00,600.91,39330.445
2022-10-12 19:00:00,560.6724999999999,36954.3575
2022-10-12 20:00:00,545.2025,36535.67
2022-10-12 21:00:00,531.6475,35688.119999999995
2022-10-12 22:00:00,519.2574999999999,35322.22
2022-10-12 23:00:00,525.575,38123.652500000004
2022-10-13 00:00:00,519.5025,38006.2975
2022-10-13 01:00:00,497.525,37531.565
2022-10-13 02:00:00,476.21750000000003,36881.3625
2022-10-13 03:00:00,464.7025,36458.0325
2022-10-13 04:00:00,487.94,36731.035
2022-10-13 05:00:00,527.6025,37857.7925
2022-10-13 06:00:00,557.3125,38214.2875
2022-10-13 07:00:00,480.6875,37901.34
2022-10-13 08:00:00,268.5075,35929.0275
2022-10-13 09:00:00,94.12,31914.8625
2022-10-13 10:00:00,62.0175,28498.33
2022-10-13 11:00:00,76.60249999999999,28055.0125
2022-10-13 12:00:00,61.769999999999996,25711.9225
2022-10-13 13:00:00,201.855,27690.2475
2022-10-13 14:00:00,360.755,30195.6725
2022-10-13 15:00:00,512.5225,35881.8925
2022-10-13 16:00:00,602.9075,41097.8475
2022-10-13 17:00:00,633.24,43763.4675
2022-10-13 18:00:00,630.1825,41040.82
2022-10-13 19:00:00,592.9350000000001,37866.3575
2022-10-13 20:00:00,576.0225,36244.5325
2022-10-13 21:00:00,562.8050000000001,33725.957500000004
2022-10-13 22:00:00,559.95,32677.6875
2022-10-13 23:00:00,567.0125,34980.4125
2022-10-14 00:00:00,503.5375,35248.205
2022-10-14 01:00:00,472.135,34892.78
2022-10-14 02:00:00,460.77250000000004,34384.4075
2022-10-14 03:00:00,452.82,34067.11
2022-10-14 04:00:00,457.54499999999996,34451.2725
2022-10-14 05:00:00,479.935,35219.2925
2022-10-14 06:00:00,509.2325,34942.2025
2022-10-14 07:00:00,482.5875,34936.84
2022-10-14 08:00:00,451.4225,35425.11
2022-10-14 09:00:00,414.5,34412.2875
2022-10-14 10:00:00,407.84749999999997,34188.9
2022-10-14 11:00:00,405.49,35789.2525
2022-10-14 12:00:00,379.5175,32706.18
2022-10-14 13:00:00,401.8725,34884.035
2022-10-14 14:00:00,420.09749999999997,34359.1975
2022-10-14 15:00:00,468.505,37021.225
2022-10-14 16:00:00,523.74,40222.13
2022-10-14 17:00:00,546.6325,42220.975
2022-10-14 18:00:00,534.9775,39249.5475
2022-10-14 19:00:00,490.25,35939.4525
2022-10-14 20:00:00,475.085,34479.292499999996
2022-10-14 21:00:00,465.345,32639.387499999997
2022-10-14 22:00:00,461.14,32250.27
2022-10-14 23:00:00,466.0075,35207.7425
2022-10-15 00:00:00,496.44,35754.4475
2022-10-15 01:00:00,500.135,36233.1775
2022-10-15 02:00:00,489.65250000000003,36351.375
2022-10-15 03:00:00,481.66499999999996,36460.33
2022-10-15 04:00:00,487.5025,37102.9475
2022-10-15 05:00:00,499.7625,37895.25
2022-10-15 06:00:00,509.3025,38346.9525
2022-10-15 07:00:00,474.41749999999996,38912.82
2022-10-15 08:00:00,311.1975,38831.9125
2022-10-15 09:00:00,96.9125,37560.7925
2022-10-15 10:00:00,50.777499999999996,38071.9125
2022-10-15 11:00:00,102.0925,41174.695
2022-10-15 12:00:00,61.0625,38442.3375
2022-10-15 13:00:00,171.8025,40046.9675
2022-10-15 14:00:00,304.2675,38666.545
2022-10-15 15:00:00,446.23749999999995,39723.155
2022-10-15 16:00:00,535.79,41849.07
2022-10-15 17:00:00,577.2075,42962.182499999995
2022-10-15 18:00:00,568.915,40119.37
2022-10-15 19:00:00,528.92,37752.5125
2022-10-15 20:00:00,512.54,36733.9625
2022-10-15 21:00:00,500.0225,35284.777500000004
2022-10-15 22:00:00,498.07,34773.1725
2022-10-15 23:00:00,507.27750000000003,36919.195
2022-10-16 00:00:00,568.3525,37132.9625
2022-10-16 01:00:00,618.0425,36349.345
2022-10-16 02:00:00,625.0275,35934.534999999996
2022-10-16 03:00:00,612.95,35225.8775
2022-10-16 04:00:00,623.6700000000001,35394.3825
2022-10-16 05:00:00,640.7025,36140.957500000004
2022-10-16 06:00:00,623.0074999999999,36115.1425
2022-10-16 07:00:00,517.3125,36469.7725
2022-10-16 08:00:00,198.5625,36179.205
2022-10-16 09:00:00,-34.1875,33656.4875
2022-10-16 10:00:00,-80.0,32382.805
2022-10-16 11:00:00,-80.0,33919.71
2022-10-16 12:00:00,-80.0,30480.760000000002
2022-10-16 13:00:00,-80.0,31678.5025
2022-10-16 14:00:00,-65.0,31557.5475
2022-10-16 15:00:00,107.46000000000001,34272.4475
2022-10-16 16:00:00,383.3075,38287.68
2022-10-16 17:00:00,484.4075,40124.565
2022-10-16 18:00:00,475.66,36700.9425
2022-10-16 19:00:00,430.23249999999996,33647.1025
2022-10-16 20:00:00,426.72749999999996,32505.1375
2022-10-16 21:00:00,417.5275,31139.9225
2022-10-16 22:00:00,430.685,30166.45
2022-10-16 23:00:00,460.8625,32323.095
2022-10-17 00:00:00,492.5875,32148.3225
2022-10-17 01:00:00,454.5575,31530.86
2022-10-17 02:00:00,398.64,30686.28
2022-10-17 03:00:00,319.7225,29334.29
2022-10-17 04:00:00,304.7925,29441.3075
2022-10-17 05:00:00,372.09,29887.0825
2022-10-17 06:00:00,432.205,28292.2025
2022-10-17 07:00:00,222.8175,28875.9
2022-10-17 08:00:00,-22.8125,30373.3575
2022-10-17 09:00:00,-80.0,29267.2775
2022-10-17 10:00:00,-80.0,29207.98
2022-10-17 11:00:00,-80.0,31434.3375
2022-10-17 12:00:00,-80.0,27780.1
2022-10-17 13:00:00,-80.0,25919.510000000002
2022-10-17 14:00:00,-80.0,22538.28
2022-10-17 15:00:00,58.5625,22632.1125
2022-10-17 16:00:00,435.11,25407.7975
2022-10-17 17:00:00,620.7025,28187.4075
2022-10-17 18:00:00,626.7874999999999,25785.53
2022-10-17 19:00:00,592.7325,24277.989999999998
2022-10-17 20:00:00,590.25,23552.8325
2022-10-17 21:00:00,591.42,22372.697500000002
2022-10-17 22:00:00,597.2025,22294.71
2022-10-17 23:00:00,613.3125,24436.73
2022-10-18 00:00:00,602.175,23872.0875
2022-10-18 01:00:00,575.0375,23454.165
2022-10-18 02:00:00,547.0875000000001,22878.6675
2022-10-18 03:00:00,520.7900000000001,22900.6125
2022-10-18 04:00:00,528.9975,23598.1325
2022-10-18 05:00:00,564.6775,24552.96
2022-10-18 06:00:00,602.5775,24662.237500000003
2022-10-18 07:00:00,481.35,25278.9175
2022-10-18 08:00:00,183.51500000000001,22639.5425
2022-10-18 09:00:00,5.175,20113.4875
2022-10-18 10:00:00,-20.7525,20598.645
2022-10-18 11:00:00,-7.0,23914.780000000002
2022-10-18 12:00:00,-60.75,23770.39
2022-10-18 13:00:00,2.3125,26024.8975
2022-10-18 14:00:00,22.31,26660.28
2022-10-18 15:00:00,291.0375,30309.9
2022-10-18 16:00:00,553.61,35901.6725
2022-10-18 17:00:00,649.925,41101.8125
2022-10-18 18:00:00,624.1625,39487.345
2022-10-18 19:00:00,554.7750000000001,38299.085
2022-10-18 20:00:00,514.395,38039.04
2022-10-18 21:00:00,473.17499999999995,36371.9225
2022-10-18 22:00:00,453.16749999999996,35541.0275
2022-10-18 23:00:00,464.1925,37431.195
2022-10-19 00:00:00,483.4025,37252.2875
2022-10-19 01:00:00,480.6775,36432.207500000004
2022-10-19 02:00:00,459.35499999999996,35432.7625
2022-10-19 03:00:00,439.6575,34805.4475
2022-10-19 04:00:00,452.1675,34622.2675
2022-10-19 05:00:00,506.0775,36192.957500000004
2022-10-19 06:00:00,635.935,37102.15
2022-10-19 07:00:00,389.6025,36249.895
2022-10-19 08:00:00,108.7,32193.4975
2022-10-19 09:00:00,-29.9625,27738.8625
2022-10-19 10:00:00,-50.0625,25359.7575
2022-10-19 11:00:00,-5.3125,25972.6225
2022-10-19 12:00:00,-57.75,23128.6375
2022-10-19 13:00:00,-16.4375,26801.435
2022-10-19 14:00:00,7.5625,27585.09
2022-10-19 15:00:00,282.58,33569.8625
2022-10-19 16:00:00,658.61,41439.850000000006
2022-10-19 17:00:00,786.1624999999999,43891.3525
2022-10-19 18:00:00,716.77,40066.14
2022-10-19 19:00:00,513.8125,36810.854999999996
2022-10-19 20:00:00,417.3325,35054.8375
2022-10-19 21:00:00,328.3775,32732.455
2022-10-19 22:00:00,296.17,31548.66
2022-10-19 23:00:00,365.53,32884.2975
2022-10-20 00:00:00,432.63,32725.705
2022-10-20 01:00:00,435.5575,32505.817499999997
2022-10-20 02:00:00,422.8425,31848.875
2022-10-20 03:00:00,410.15250000000003,31538.335
2022-10-20 04:00:00,431.765,32285.4625
2022-10-20 05:00:00,466.6375,33957.135
2022-10-20 06:00:00,526.5,34856.755000000005
2022-10-20 07:00:00,416.75,34807.255000000005
2022-10-20 08:00:00,175.75,31488.25
2022-10-20 09:00:00,32.0625,26907.16
2022-10-20 10:00:00,-18.6875,23920.892499999998
2022-10-20 11:00:00,3.75,24102.8875
2022-10-20 12:00:00,-41.3125,23321.934999999998
2022-10-20 13:00:00,23.6875,24840.6475
2022-10-20 14:00:00,80.00750000000001,26280.2325
2022-10-20 15:00:00,357.5375,33072.585
2022-10-20 16:00:00,663.6075000000001,41307.8925
2022-10-20 17:00:00,828.2875,44919.7325
2022-10-20 18:00:00,719.2025000000001,42784.14
2022-10-20 19:00:00,537.21,40711.630000000005
2022-10-20 20:00:00,481.91249999999997,39332.9825
2022-10-20 21:00:00,457.94,38053.1425
2022-10-20 22:00:00,479.27250000000004,37179.244999999995
2022-10-20 23:00:00,528.9675,38959.3375
2022-10-21 00:00:00,493.14,38633.17
2022-10-21 01:00:00,471.695,37210.58
2022-10-21 02:00:00,474.20500000000004,35945.7675
2022-10-21 03:00:00,481.3675,35588.2525
2022-10-21 04:00:00,489.4325,36501.595
2022-10-21 05:00:00,495.4325,37835.8925
2022-10-21 06:00:00,545.6500000000001,38260.48
2022-10-21 07:00:00,481.19,37249.4975
2022-10-21 08:00:00,357.01750000000004,32454.592500000002
2022-10-21 09:00:00,146.775,26718.125
2022-10-21 10:00:00,96.56,25402.67
2022-10-21 11:00:00,129.01,28095.9325
2022-10-21 12:00:00,78.7675,27335.78
2022-10-21 13:00:00,112.5175,32611.9325
2022-10-21 14:00:00,198.6825,34759.3525
2022-10-21 15:00:00,418.92,38435.8225
2022-10-21 16:00:00,672.5425,41741.325
2022-10-21 17:00:00,790.0475,42909.95
2022-10-21 18:00:00,737.8199999999999,38362.785
2022-10-21 19:00:00,567.64,35057.6125
2022-10-21 20:00:00,503.0225,33604.535
2022-10-21 21:00:00,486.485,31847.87
2022-10-21 22:00:00,464.93,30904.9825
2022-10-21 23:00:00,467.9475,33143.5875
2022-10-22 00:00:00,481.0025,33174.825
2022-10-22 01:00:00,498.52750000000003,33057.675
2022-10-22 02:00:00,522.72,32725.3875
2022-10-22 03:00:00,519.535,32486.8675
2022-10-22 04:00:00,516.8275,33092.705
2022-10-22 05:00:00,510.4375,34192.5075
2022-10-22 06:00:00,523.4375,34743.0175
2022-10-22 07:00:00,485.24,34456.21
2022-10-22 08:00:00,267.1875,30575.364999999998
2022-10-22 09:00:00,59.765,25260.002500000002
2022-10-22 10:00:00,-20.875,22827.642499999998
2022-10-22 11:00:00,-18.5625,23420.79
2022-10-22 12:00:00,-63.5,22324.015
2022-10-22 13:00:00,-7.625,24404.2425
2022-10-22 14:00:00,17.8125,26268.13
2022-10-22 15:00:00,268.255,32620.910000000003
2022-10-22 16:00:00,459.62,40337.165
2022-10-22 17:00:00,582.165,42595.28
2022-10-22 18:00:00,546.465,39751.95
2022-10-22 19:00:00,475.5325,37323.770000000004
2022-10-22 20:00:00,454.91249999999997,36314.5925
2022-10-22 21:00:00,456.62,35257.61
2022-10-22 22:00:00,470.53499999999997,35220.575
2022-10-22 23:00:00,493.4675,37986.635
2022-10-23 00:00:00,507.42,38426.135
2022-10-23 01:00:00,513.8100000000001,38630.025
2022-10-23 02:00:00,521.395,38279.18
2022-10-23 03:00:00,515.1375,38083.085
2022-10-23 04:00:00,510.4675,37750.7475
2022-10-23 05:00:00,511.2125,38653.86
2022-10-23 06:00:00,522.1925000000001,38877.38
2022-10-23 07:00:00,480.8425,38398.244999999995
2022-10-23 08:00:00,275.28499999999997,36907.365
2022-10-23 09:00:00,85.0,33680.205
2022-10-23 10:00:00,40.875,32051.75
2022-10-23 11:00:00,63.30499999999999,35072.9025
2022-10-23 12:00:00,19.435,34081.86
2022-10-23 13:00:00,53.085,37571.6425
2022-10-23 14:00:00,85.57,37925.205
2022-10-23 15:00:00,322.1775,40190.8425
2022-10-23 16:00:00,518.63,42641.095
2022-10-23 17:00:00,673.9,44026.0025
2022-10-23 18:00:00,627.1925,41121.1
2022-10-23 19:00:00,525.4475,39403.915
2022-10-23 20:00:00,486.36,38123.1825
2022-10-23 21:00:00,476.7925,36658.707500000004
2022-10-23 22:00:00,480.63,36726.8375
2022-10-23 23:00:00,484.5,38961.0175
2022-10-24 00:00:00,582.5175,39265.4125
2022-10-24 01:00:00,604.7825,38639.095
2022-10-24 02:00:00,597.2049999999999,37887.175
2022-10-24 03:00:00,575.665,37549.020000000004
2022-10-24 04:00:00,568.2375,37592.1275
2022-10-24 05:00:00,582.0625,38164.1225
2022-10-24 06:00:00,635.7775,36934.4375
2022-10-24 07:00:00,556.3675000000001,39200.115
2022-10-24 08:00:00,308.0,40406.1375
2022-10-24 09:00:00,101.4725,38151.3575
2022-10-24 10:00:00,59.785,36433.0925
2022-10-24 11:00:00,101.125,36753.9575
2022-10-24 12:00:00,52.265,33849.630000000005
2022-10-24 13:00:00,86.97749999999999,37090.5925
2022-10-24 14:00:00,179.5625,37494.3625
2022-10-24 15:00:00,432.14,39769.675
2022-10-24 16:00:00,632.15,43089.0975
2022-10-24 17:00:00,766.125,45543.3775
2022-10-24 18:00:00,685.4975000000001,42556.035
2022-10-24 19:00:00,538.725,40397.932499999995
2022-10-24 20:00:00,455.1725,39350.3925
2022-10-24 21:00:00,418.46999999999997,38136.89
2022-10-24 22:00:00,411.59499999999997,37697.525
2022-10-24 23:00:00,419.2675,39838.22
2022-10-25 00:00:00,239.8825,39618.9
2022-10-25 01:00:00,201.56,39330.015
2022-10-25 02:00:00,218.45,38421.332500000004
2022-10-25 03:00:00,194.98250000000002,37696.4575
2022-10-25 04:00:00,176.7125,37581.6475
2022-10-25 05:00:00,176.4075,38036.8225
2022-10-25 06:00:00,231.7475,36736.9975
2022-10-25 07:00:00,172.885,37504.0025
2022-10-25 08:00:00,87.055,38601.845
2022-10-25 09:00:00,5.0649999999999995,37027.355
2022-10-25 10:00:00,-9.3325,34971.1975
2022-10-25 11:00:00,0.625,36640.8275
2022-10-25 12:00:00,-50.75,35946.8475
2022-10-25 13:00:00,40.375,37685.775
2022-10-25 14:00:00,85.5625,36262.4775
2022-10-25 15:00:00,218.92499999999998,38018.2225
2022-10-25 16:00:00,385.27250000000004,41459.697499999995
2022-10-25 17:00:00,542.1800000000001,43939.83
2022-10-25 18:00:00,409.875,41064.307499999995
2022-10-25 19:00:00,241.5975,39525.145
2022-10-25 20:00:00,205.02499999999998,38931.39
2022-10-25 21:00:00,203.5875,36911.7575
2022-10-25 22:00:00,195.2425,36201.615000000005
2022-10-25 23:00:00,216.8725,38297.994999999995
2022-10-26 00:00:00,333.67,38920.66
2022-10-26 01:00:00,367.7875,38563.3075
2022-10-26 02:00:00,379.935,37818.8125
2022-10-26 03:00:00,378.8725,37327.005000000005
2022-10-26 04:00:00,370.55,37423.27
2022-10-26 05:00:00,376.095,37995.895000000004
2022-10-26 06:00:00,399.20500000000004,37924.2025
2022-10-26 07:00:00,383.9325,38716.78
2022-10-26 08:00:00,342.27,40513.7625
2022-10-26 09:00:00,279.5025,40046.075
2022-10-26 10:00:00,318.9175,40513.1575
2022-10-26 11:00:00,382.5725,42274.575
2022-10-26 12:00:00,373.9,39359.805
2022-10-26 13:00:00,403.905,39566.28
2022-10-26 14:00:00,414.6325,36929.6875
2022-10-26 15:00:00,473.1975,37002.55
2022-10-26 16:00:00,546.57,38309.375
2022-10-26 17:00:00,636.9675,39254.245
2022-10-26 18:00:00,577.6875,36353.5475
2022-10-26 19:00:00,489.39750000000004,34984.16
2022-10-26 20:00:00,459.7825,33893.3375
2022-10-26 21:00:00,450.5775,32996.9825
2022-10-26 22:00:00,443.37,33045.6625
2022-10-26 23:00:00,447.265,35251.994999999995
2022-10-27 00:00:00,620.7475000000001,35337.395000000004
2022-10-27 01:00:00,693.4375,34521.417499999996
2022-10-27 02:00:00,630.5,33365.075
2022-10-27 03:00:00,560.1375,32889.615
2022-10-27 04:00:00,486.6875,33134.5275
2022-10-27 05:00:00,438.73749999999995,33574.92
2022-10-27 06:00:00,465.84,34054.8
2022-10-27 07:00:00,448.5425,35825.165
2022-10-27 08:00:00,242.05,38797.93
2022-10-27 09:00:00,22.375,40402.2475
2022-10-27 10:00:00,-47.9375,41795.0325
2022-10-27 11:00:00,-10.1875,44506.8725
2022-10-27 12:00:00,-37.6875,41755.525
2022-10-27 13:00:00,41.7525,43575.7625
2022-10-27 14:00:00,142.3775,42864.985
2022-10-27 15:00:00,392.9225,43967.14
2022-10-27 16:00:00,541.1175000000001,45726.765
2022-10-27 17:00:00,635.7125000000001,46881.7725
2022-10-27 18:00:00,565.735,43564.55
2022-10-27 19:00:00,490.63750000000005,41940.095
2022-10-27 20:00:00,478.93,40876.457500000004
2022-10-27 21:00:00,486.5325,39435.6975
2022-10-27 22:00:00,493.6825,39014.255000000005
2022-10-27 23:00:00,507.705,41092.119999999995
2022-10-28 00:00:00,482.9925,41123.66
2022-10-28 01:00:00,468.94,39862.0
2022-10-28 02:00:00,481.74,38918.645
2022-10-28 03:00:00,487.0175,38378.795
2022-10-28 04:00:00,485.4425,38357.7475
2022-10-28 05:00:00,470.58,38590.55
2022-10-28 06:00:00,475.105,38501.292499999996
2022-10-28 07:00:00,434.3775,38673.520000000004
2022-10-28 08:00:00,376.63,37897.3175
2022-10-28 09:00:00,305.49,35237.095
2022-10-28 10:00:00,282.1675,34170.9025
2022-10-28 11:00:00,306.6575,36211.0025
2022-10-28 12:00:00,270.865,31468.377500000002
2022-10-28 13:00:00,337.4175,31914.485
2022-10-28 14:00:00,372.90999999999997,34836.8925
2022-10-28 15:00:00,435.865,39273.8675
2022-10-28 16:00:00,507.63250000000005,42675.7775
2022-10-28 17:00:00,567.38,43212.927500000005
2022-10-28 18:00:00,510.4275,39462.78
2022-10-28 19:00:00,451.98,36444.4925
2022-10-28 20:00:00,434.9025,34331.575
2022-10-28 21:00:00,427.9475,32155.2
2022-10-28 22:00:00,433.5675,31688.072500000002
2022-10-28 23:00:00,446.21000000000004,33983.0275
2022-10-29 00:00:00,450.27750000000003,34070.3525
2022-10-29 01:00:00,445.625,33842.4825
2022-10-29 02:00:00,451.3125,33708.380000000005
2022-10-29 03:00:00,453.75,33150.2875
2022-10-29 04:00:00,447.96,32789.557499999995
2022-10-29 05:00:00,430.5575,33137.2125
2022-10-29 06:00:00,422.505,32166.845
2022-10-29 07:00:00,412.18,32610.8
2022-10-29 08:00:00,387.145,31734.8375
2022-10-29 09:00:00,350.74,27782.14
2022-10-29 10:00:00,331.245,23577.985
2022-10-29 11:00:00,337.7,22083.785
2022-10-29 12:00:00,319.2875,20611.655
2022-10-29 13:00:00,363.5875,21425.3325
2022-10-29 14:00:00,391.875,21857.1325
2022-10-29 15:00:00,438.075,25774.1325
2022-10-29 16:00:00,497.435,32225.5325
2022-10-29 17:00:00,549.235,33983.385
2022-10-29 18:00:00,498.5925,30003.3075
2022-10-29 19:00:00,449.595,27121.7175
2022-10-29 20:00:00,437.8125,25921.625
2022-10-29 21:00:00,433.8125,24503.395
2022-10-29 22:00:00,438.375,23307.9
2022-10-29 23:00:00,443.8125,24773.684999999998
2022-10-30 00:00:00,453.4375,24934.9425
2022-10-30 01:00:00,454.5625,24520.435
2022-10-30 02:00:00,464.17,23977.135000000002
2022-10-30 03:00:00,469.3075,23218.357500000002
2022-10-30 04:00:00,463.03499999999997,23105.7375
2022-10-30 05:00:00,434.5,23985.4375
2022-10-30 06:00:00,409.6775,24338.36
2022-10-30 07:00:00,396.9475,26435.932500000003
2022-10-30 08:00:00,381.64250000000004,26080.015
2022-10-30 09:00:00,352.8125,24219.545
2022-10-30 10:00:00,337.8725,22972.0925
2022-10-30 11:00:00,355.3075,22730.2075
2022-10-30 12:00:00,340.705,20284.7025
2022-10-30 13:00:00,362.9375,22890.68
2022-10-30 14:00:00,377.575,25260.1725
2022-10-30 15:00:00,414.1125,31817.675
2022-10-30 16:00:00,466.17499999999995,39236.6725
2022-10-30 17:00:00,504.13,42845.2375
2022-10-30 18:00:00,465.29499999999996,40927.3
2022-10-30 19:00:00,423.485,39534.855
2022-10-30 20:00:00,408.08000000000004,37889.6625
2022-10-30 21:00:00,395.5075,34132.195
2022-10-30 22:00:00,395.27750000000003,31515.9475
2022-10-30 23:00:00,401.0675,31870.8825
2022-10-31 00:00:00,409.435,29300.245
2022-10-31 01:00:00,399.15250000000003,26221.142499999998
2022-10-31 02:00:00,407.48,24571.7225
2022-10-31 03:00:00,417.2975,23486.67
2022-10-31 04:00:00,414.665,22699.2575
2022-10-31 05:00:00,403.47,23065.1575
2022-10-31 06:00:00,423.4825,22852.415
2022-10-31 07:00:00,391.4425,24541.655
2022-10-31 08:00:00,306.84749999999997,23642.01
2022-10-31 09:00:00,143.525,21596.275
2022-10-31 10:00:00,20.6525,21996.3375
2022-10-31 11:00:00,78.4875,23096.57
2022-10-31 12:00:00,19.0625,23174.7275
2022-10-31 13:00:00,177.9725,25419.802499999998
2022-10-31 14:00:00,275.085,27607.082499999997
2022-10-31 15:00:00,394.645,33515.865
2022-10-31 16:00:00,494.6675,39059.72
2022-10-31 17:00:00,589.95,41610.1125
2022-10-31 18:00:00,527.1725,38162.42
2022-10-31 19:00:00,451.96500000000003,35428.1125
2022-10-31 20:00:00,423.57500000000005,33842.605
2022-10-31 21:00:00,406.225,31576.5225
2022-10-31 22:00:00,399.34749999999997,30908.7275
2022-10-31 23:00:00,405.895,32489.627500000002
2022-11-01 00:00:00,417.29999999999995,31783.5825
2022-11-01 01:00:00,413.755,29964.8375
2022-11-01 02:00:00,428.5375,28204.7175
2022-11-01 03:00:00,432.8175,27317.5325
2022-11-01 04:00:00,422.82,27859.0175
2022-11-01 05:00:00,393.6825,28417.6675
2022-11-01 06:00:00,362.755,26921.595
2022-11-01 07:00:00,257.8225,27431.3725
2022-11-01 08:00:00,62.9225,29002.55
2022-11-01 09:00:00,-57.8025,28241.495
2022-11-01 10:00:00,-80.0,28027.075
2022-11-01 11:00:00,-18.5,31333.614999999998
2022-11-01 12:00:00,-44.5,31554.8375
2022-11-01 13:00:00,25.177500000000002,33034.3125
2022-11-01 14:00:00,117.70250000000001,31349.41
2022-11-01 15:00:00,339.72,32534.6125
2022-11-01 16:00:00,549.0025,34489.965
2022-11-01 17:00:00,739.9749999999999,36148.2325
2022-11-01 18:00:00,598.12,33299.3
2022-11-01 19:00:00,452.42,31942.3525
2022-11-01 20:00:00,412.015,30615.9375
2022-11-01 21:00:00,385.3075,29047.455
2022-11-01 22:00:00,403.7525,28223.739999999998
2022-11-01 23:00:00,450.46,30136.5025
2022-11-02 00:00:00,394.225,29307.835
2022-11-02 01:00:00,373.5225,28693.1675
2022-11-02 02:00:00,396.7875,28763.9725
2022-11-02 03:00:00,409.51,28706.1925
2022-11-02 04:00:00,413.38,28645.4725
2022-11-02 05:00:00,365.7525,29816.31
2022-11-02 06:00:00,307.835,30741.255
2022-11-02 07:00:00,140.9525,31836.4
2022-11-02 08:00:00,8.9925,35596.44
2022-11-02 09:00:00,-64.5,35784.5475
2022-11-02 10:00:00,-42.92,35615.1825
2022-11-02 11:00:00,6.8275,38287.61
2022-11-02 12:00:00,-33.472500000000004,36066.5375
2022-11-02 13:00:00,33.705,34764.792499999996
2022-11-02 14:00:00,106.6825,31168.0975
2022-11-02 15:00:00,322.065,31651.670000000002
2022-11-02 16:00:00,521.3475,32800.77
2022-11-02 17:00:00,674.8499999999999,33199.744999999995
2022-11-02 18:00:00,537.825,29189.66
2022-11-02 19:00:00,401.21999999999997,27117.9125
2022-11-02 20:00:00,347.4275,24456.615
2022-11-02 21:00:00,275.04,21391.665
2022-11-02 22:00:00,306.98,21153.655
2022-11-02 23:00:00,378.26,21320.505
2022-11-03 00:00:00,466.045,22230.045
2022-11-03 01:00:00,502.1,23145.145
2022-11-03 02:00:00,498.07,23756.322500000002
2022-11-03 03:00:00,436.525,23211.23
2022-11-03 04:00:00,315.17,23032.2175
2022-11-03 05:00:00,245.57999999999998,23789.7575
2022-11-03 06:00:00,255.41750000000002,23887.1375
2022-11-03 07:00:00,219.535,24059.185
2022-11-03 08:00:00,189.95749999999998,24145.357500000002
2022-11-03 09:00:00,178.68,23491.395
2022-11-03 10:00:00,200.2575,24241.27
2022-11-03 11:00:00,285.36,25961.5975
2022-11-03 12:00:00,247.1775,24342.945
2022-11-03 13:00:00,290.0475,27254.447500000002
2022-11-03 14:00:00,274.81,26390.322500000002
2022-11-03 15:00:00,364.78,29034.2875
2022-11-03 16:00:00,462.45500000000004,31987.21
2022-11-03 17:00:00,548.0550000000001,33584.865
2022-11-03 18:00:00,485.25,31266.33
2022-11-03 19:00:00,416.39,29493.7225
2022-11-03 20:00:00,404.075,28059.27
2022-11-03 21:00:00,396.9175,26598.1125
2022-11-03 22:00:00,431.995,26213.512499999997
2022-11-03 23:00:00,479.855,28185.47
2022-11-04 00:00:00,500.1125,28036.732500000002
2022-11-04 01:00:00,509.3675,27720.6425
2022-11-04 02:00:00,549.76,27290.7875
2022-11-04 03:00:00,574.375,27360.465
2022-11-04 04:00:00,572.9675,28097.385
2022-11-04 05:00:00,521.7925,29525.885
2022-11-04 06:00:00,484.2775,30038.947500000002
2022-11-04 07:00:00,432.0575,32689.15
2022-11-04 08:00:00,293.4725,33298.4325
2022-11-04 09:00:00,109.11,27449.74
2022-11-04 10:00:00,48.45,24042.822500000002
2022-11-04 11:00:00,99.02499999999999,25197.36
2022-11-04 12:00:00,58.527499999999996,24724.41
2022-11-04 13:00:00,132.035,26440.7
2022-11-04 14:00:00,215.57750000000001,28414.0875
2022-11-04 15:00:00,381.1975,36769.31
2022-11-04 16:00:00,515.005,44601.36
2022-11-04 17:00:00,602.7225000000001,47670.729999999996
2022-11-04 18:00:00,530.4125,45236.880000000005
2022-11-04 19:00:00,457.225,43984.2425
2022-11-04 20:00:00,435.315,42638.7575
2022-11-04 21:00:00,414.91,39419.49
2022-11-04 22:00:00,426.6175,37484.975
2022-11-04 23:00:00,462.23749999999995,39173.56
2022-11-05 00:00:00,548.4549999999999,37879.33
2022-11-05 01:00:00,556.73,37835.82
2022-11-05 02:00:00,598.125,36867.945
2022-11-05 03:00:00,616.035,35743.96
2022-11-05 04:00:00,601.1475,35236.2275
2022-11-05 05:00:00,519.575,36410.1075
2022-11-05 06:00:00,456.53,37345.2675
2022-11-05 07:00:00,349.1175,40239.4975
2022-11-05 08:00:00,138.7725,39321.3
2022-11-05 09:00:00,-25.575,32544.079999999998
2022-11-05 10:00:00,-75.125,27941.4525
2022-11-05 11:00:00,-27.02,27331.045
2022-11-05 12:00:00,-62.34,25338.7725
2022-11-05 13:00:00,26.6275,26765.0725
2022-11-05 14:00:00,99.27250000000001,28556.5
2022-11-05 15:00:00,323.03499999999997,36409.1375
2022-11-05 16:00:00,570.59,46697.057499999995
2022-11-05 17:00:00,734.8525,51307.020000000004
2022-11-05 18:00:00,600.4,49046.8875
2022-11-05 19:00:00,449.47249999999997,47238.95
2022-11-05 20:00:00,365.97249999999997,45266.64
2022-11-05 21:00:00,259.66499999999996,42832.0325
2022-11-05 22:00:00,248.6625,41522.665
2022-11-05 23:00:00,321.22499999999997,41696.7225
2022-11-06 00:00:00,321.7925,40044.64
2022-11-06 01:00:00,320.90250000000003,38800.43
2022-11-06 02:00:00,368.29999999999995,38040.755
2022-11-06 03:00:00,391.9875,37228.682499999995
2022-11-06 04:00:00,380.4125,36343.535
2022-11-06 05:00:00,272.625,36673.005
2022-11-06 06:00:00,130.9675,36932.35
2022-11-06 07:00:00,60.5475,39433.135
2022-11-06 08:00:00,49.0,36919.5225
2022-11-06 09:00:00,42.25,30028.9525
2022-11-06 10:00:00,86.9725,26325.355
2022-11-06 11:00:00,188.0325,25818.205
2022-11-06 12:00:00,159.365,25108.9675
2022-11-06 13:00:00,232.12,25852.614999999998
2022-11-06 14:00:00,236.82999999999998,26836.2875
2022-11-06 15:00:00,340.6475,32720.835
2022-11-06 16:00:00,455.6575,41482.8175
2022-11-06 17:00:00,537.9449999999999,45181.63
2022-11-06 18:00:00,466.82,41353.1475
2022-11-06 19:00:00,376.3225,39579.015
2022-11-06 20:00:00,356.78,37634.695
2022-11-06 21:00:00,326.5925,35310.055
2022-11-06 22:00:00,378.77,34224.165
2022-11-06 23:00:00,465.63,35801.305
2022-11-07 00:00:00,473.88250000000005,36150.605
2022-11-07 01:00:00,475.84499999999997,36917.5325
2022-11-07 02:00:00,498.7975,37527.045
2022-11-07 03:00:00,517.99,37850.895
2022-11-07 04:00:00,521.1425,38183.2475
2022-11-07 05:00:00,498.4575,38972.82
2022-11-07 06:00:00,460.9175,38301.31
2022-11-07 07:00:00,403.115,39443.0975
2022-11-07 08:00:00,311.35749999999996,39863.6025
2022-11-07 09:00:00,155.3775,34837.33
2022-11-07 10:00:00,60.84,30381.735
2022-11-07 11:00:00,104.555,28272.7525
2022-11-07 12:00:00,17.3225,27155.6675
2022-11-07 13:00:00,131.5,29704.515
2022-11-07 14:00:00,193.7175,32655.69
2022-11-07 15:00:00,227.6325,37770.255000000005
2022-11-07 16:00:00,434.695,43822.1825
2022-11-07 17:00:00,555.405,47763.7125
2022-11-07 18:00:00,431.3675,44231.395000000004
2022-11-07 19:00:00,415.8525,42176.075
2022-11-07 20:00:00,433.4375,40587.68
2022-11-07 21:00:00,423.555,38357.28
2022-11-07 22:00:00,453.81,37169.197499999995
2022-11-07 23:00:00,493.1875,38268.685
2022-11-08 00:00:00,506.49,37329.865
2022-11-08 01:00:00,502.105,35954.365
2022-11-08 02:00:00,506.26750000000004,35119.24
2022-11-08 03:00:00,508.815,34777.35
2022-11-08 04:00:00,505.9975,35467.1175
2022-11-08 05:00:00,485.40250000000003,36416.825000000004
2022-11-08 06:00:00,466.96000000000004,35670.3975
2022-11-08 07:00:00,437.58000000000004,38325.082500000004
2022-11-08 08:00:00,398.7125,41041.259999999995
2022-11-08 09:00:00,316.1975,39760.18
2022-11-08 10:00:00,262.505,36659.447499999995
2022-11-08 11:00:00,290.33,35363.6725
2022-11-08 12:00:00,244.1575,33996.8575
2022-11-08 13:00:00,311.64000000000004,37045.4875
2022-11-08 14:00:00,347.89,38797.3625
2022-11-08 15:00:00,416.075,43510.6625
2022-11-08 16:00:00,467.90250000000003,49297.8275
2022-11-08 17:00:00,538.89,51783.119999999995
2022-11-08 18:00:00,486.8025,48908.2225
2022-11-08 19:00:00,424.5975,47782.0975
2022-11-08 20:00:00,397.14250000000004,46303.68
2022-11-08 21:00:00,359.83500000000004,43951.5
2022-11-08 22:00:00,368.9225,42002.22
2022-11-08 23:00:00,393.48249999999996,42374.7675
2022-11-09 00:00:00,407.2,41172.405
2022-11-09 01:00:00,411.31,39961.775
2022-11-09 02:00:00,420.2425,38922.604999999996
2022-11-09 03:00:00,425.60749999999996,38422.585
2022-11-09 04:00:00,425.515,38608.125
2022-11-09 05:00:00,416.2825,39412.3475
2022-11-09 06:00:00,410.745,40339.9025
2022-11-09 07:00:00,413.03249999999997,44104.6075
2022-11-09 08:00:00,427.31,43690.675
2022-11-09 09:00:00,430.9325,37265.7625
2022-11-09 10:00:00,437.81,33350.682499999995
2022-11-09 11:00:00,459.81,32879.2825
2022-11-09 12:00:00,441.525,29955.35
2022-11-09 13:00:00,448.37,31893.760000000002
2022-11-09 14:00:00,430.595,33831.442500000005
2022-11-09 15:00:00,435.395,40898.447499999995
2022-11-09 16:00:00,446.9475,49065.33
2022-11-09 17:00:00,462.5,52801.535
2022-11-09 18:00:00,425.4825,50690.1875
2022-11-09 19:00:00,390.015,49077.99
2022-11-09 20:00:00,380.9825,47678.8025
2022-11-09 21:00:00,365.0725,45231.705
2022-11-09 22:00:00,377.5575,42613.6575
2022-11-09 23:00:00,403.9175,42885.8875
2022-11-10 00:00:00,410.1875,41485.0225
2022-11-10 01:00:00,413.3375,39789.8075
2022-11-10 02:00:00,424.47,38701.255000000005
2022-11-10 03:00:00,430.45,38180.01
2022-11-10 04:00:00,431.525,38544.0975
2022-11-10 05:00:00,419.5225,39353.5675
2022-11-10 06:00:00,409.89,40163.43
2022-11-10 07:00:00,412.5125,43687.792499999996
2022-11-10 08:00:00,427.7275,45030.54
2022-11-10 09:00:00,427.44,39572.2175
2022-11-10 10:00:00,430.10249999999996,35964.29
2022-11-10 11:00:00,441.01,35703.8925
2022-11-10 12:00:00,425.4125,31837.165
2022-11-10 13:00:00,441.77250000000004,34835.5675
2022-11-10 14:00:00,431.985,38977.3625
2022-11-10 15:00:00,441.6675,44069.425
2022-11-10 16:00:00,463.4475,50179.2375
2022-11-10 17:00:00,473.9325,53025.3175
2022-11-10 18:00:00,435.2375,49511.72
2022-11-10 19:00:00,399.1175,47511.4525
2022-11-10 20:00:00,387.84000000000003,45895.275
2022-11-10 21:00:00,370.2875,43008.28
2022-11-10 22:00:00,376.5125,40829.82
2022-11-10 23:00:00,399.315,40688.0225
2022-11-11 00:00:00,456.23,40013.7225
2022-11-11 01:00:00,489.45,38873.58
2022-11-11 02:00:00,510.995,38056.4225
2022-11-11 03:00:00,519.09,37778.2725
2022-11-11 04:00:00,519.415,38953.2825
2022-11-11 05:00:00,493.7275,40169.905
2022-11-11 06:00:00,465.76,41062.9975
2022-11-11 07:00:00,463.5825,44907.2225
2022-11-11 08:00:00,491.6675,46483.215
2022-11-11 09:00:00,503.7675,40252.2625
2022-11-11 10:00:00,509.9175,36132.49
2022-11-11 11:00:00,520.3325,35570.495
2022-11-11 12:00:00,490.81,32929.64
2022-11-11 13:00:00,497.3775,36468.4375
2022-11-11 14:00:00,457.3375,39129.915
2022-11-11 15:00:00,453.9925,45073.015
2022-11-11 16:00:00,474.9125,52325.18
2022-11-11 17:00:00,483.47,55338.3
2022-11-11 18:00:00,404.15999999999997,51461.515
2022-11-11 19:00:00,316.74,49172.2475
2022-11-11 20:00:00,280.155,47333.77
2022-11-11 21:00:00,220.1225,44015.45
2022-11-11 22:00:00,263.25,42376.955
2022-11-11 23:00:00,329.125,43483.7125
2022-11-12 00:00:00,405.30499999999995,43052.975
2022-11-12 01:00:00,441.715,42344.520000000004
2022-11-12 02:00:00,480.0175,41504.380000000005
2022-11-12 03:00:00,497.375,41250.045
2022-11-12 04:00:00,495.255,41646.24
2022-11-12 05:00:00,445.12,42698.7975
2022-11-12 06:00:00,370.5,43445.43
2022-11-12 07:00:00,341.125,47066.2875
2022-11-12 08:00:00,391.58,50644.975
2022-11-12 09:00:00,356.775,48016.067500000005
2022-11-12 10:00:00,381.49249999999995,45285.84
2022-11-12 11:00:00,411.6475,45706.442500000005
2022-11-12 12:00:00,308.25,43231.0725
2022-11-12 13:00:00,251.3525,45444.055
2022-11-12 14:00:00,144.7875,46071.935
2022-11-12 15:00:00,131.915,49303.75
2022-11-12 16:00:00,237.90250000000003,54314.6275
2022-11-12 17:00:00,328.24,56567.68
2022-11-12 18:00:00,255.8375,52967.807499999995
2022-11-12 19:00:00,220.66,51200.3625
2022-11-12 20:00:00,193.855,49835.0025
2022-11-12 21:00:00,129.82,47406.41
2022-11-12 22:00:00,119.7025,45184.1
2022-11-12 23:00:00,155.315,45742.052500000005
2022-11-13 00:00:00,100.49,44525.4125
2022-11-13 01:00:00,60.457499999999996,43442.085
2022-11-13 02:00:00,44.167500000000004,42031.5325
2022-11-13 03:00:00,43.375,41389.0525
2022-11-13 04:00:00,63.9375,41799.74
2022-11-13 05:00:00,64.2225,42834.3525
2022-11-13 06:00:00,56.595,43235.89
2022-11-13 07:00:00,50.0775,46763.555
2022-11-13 08:00:00,48.94,49403.305
2022-11-13 09:00:00,46.777499999999996,45925.275
2022-11-13 10:00:00,42.6275,42139.1125
2022-11-13 11:00:00,64.72749999999999,41525.1625
2022-11-13 12:00:00,57.3275,39012.025
2022-11-13 13:00:00,77.435,42084.0175
2022-11-13 14:00:00,83.21000000000001,43856.9075
2022-11-13 15:00:00,248.84750000000003,47781.79
2022-11-13 16:00:00,434.8875,52058.4225
2022-11-13 17:00:00,628.475,53965.96
2022-11-13 18:00:00,509.27750000000003,50270.18
2022-11-13 19:00:00,411.3425,48312.3725
2022-11-13 20:00:00,402.86249999999995,47083.315
2022-11-13 21:00:00,414.1,45587.0275
2022-11-13 22:00:00,435.65500000000003,44715.585
2022-11-13 23:00:00,472.99,45107.604999999996
2022-11-14 00:00:00,490.485,43810.6575
2022-11-14 01:00:00,487.825,42757.707500000004
2022-11-14 02:00:00,489.3,41210.1425
2022-11-14 03:00:00,490.0875,39204.675
2022-11-14 04:00:00,481.24,38077.415
2022-11-14 05:00:00,438.8325,37618.925
2022-11-14 06:00:00,388.2975,35205.285
2022-11-14 07:00:00,318.3,35514.9425
2022-11-14 08:00:00,270.88250000000005,37717.072499999995
2022-11-14 09:00:00,168.71,34496.34
2022-11-14 10:00:00,134.535,28567.18
2022-11-14 11:00:00,192.73000000000002,26763.895
2022-11-14 12:00:00,135.84,25394.162500000002
2022-11-14 13:00:00,246.6325,26291.55
2022-11-14 14:00:00,297.3525,26855.61
2022-11-14 15:00:00,404.665,31773.2925
2022-11-14 16:00:00,502.31,38974.09
2022-11-14 17:00:00,568.4675,43475.165
2022-11-14 18:00:00,472.04,41549.3425
2022-11-14 19:00:00,339.9775,39807.9925
2022-11-14 20:00:00,268.5325,39037.8925
2022-11-14 21:00:00,151.1,37860.7975
2022-11-14 22:00:00,151.6225,36691.5575
2022-11-14 23:00:00,210.3425,37725.245
2022-11-15 00:00:00,333.03249999999997,37833.66
2022-11-15 01:00:00,357.505,37862.42
2022-11-15 02:00:00,377.4625,37479.215
2022-11-15 03:00:00,397.0675,37426.295
2022-11-15 04:00:00,405.26,38140.79
2022-11-15 05:00:00,393.5575,38960.447499999995
2022-11-15 06:00:00,385.0025,39061.2725
2022-11-15 07:00:00,367.14750000000004,41445.604999999996
2022-11-15 08:00:00,308.65000000000003,40811.0875
2022-11-15 09:00:00,186.2875,34384.895000000004
2022-11-15 10:00:00,107.3275,29486.9175
2022-11-15 11:00:00,108.3,28815.31
2022-11-15 12:00:00,3.532499999999997,27752.165
2022-11-15 13:00:00,183.41,30598.095
2022-11-15 14:00:00,267.3725,34751.5
2022-11-15 15:00:00,392.065,42849.7625
2022-11-15 16:00:00,506.1125,50135.6125
2022-11-15 17:00:00,600.37,54190.2975
2022-11-15 18:00:00,541.0225,51327.4475
2022-11-15 19:00:00,495.5,49520.735
2022-11-15 20:00:00,486.59000000000003,47591.2325
2022-11-15 21:00:00,470.14,43232.55
2022-11-15 22:00:00,485.4475,40292.6425
2022-11-15 23:00:00,504.41249999999997,39760.245
2022-11-16 00:00:00,464.615,37272.33
2022-11-16 01:00:00,450.015,34837.0475
2022-11-16 02:00:00,451.6925,33392.1975
2022-11-16 03:00:00,451.20000000000005,31937.2875
2022-11-16 04:00:00,449.8825,31586.235
2022-11-16 05:00:00,440.7325,32105.184999999998
2022-11-16 06:00:00,431.76,33075.6775
2022-11-16 07:00:00,420.75,37733.4925
2022-11-16 08:00:00,410.625,41827.462499999994
2022-11-16 09:00:00,394.915,36902.805
2022-11-16 10:00:00,391.52750000000003,31838.295
2022-11-16 11:00:00,400.88,28937.510000000002
2022-11-16 12:00:00,397.22749999999996,25230.0325
2022-11-16 13:00:00,414.255,26657.4675
2022-11-16 14:00:00,421.45750000000004,29935.725
2022-11-16 15:00:00,440.1025,38156.8425
2022-11-16 16:00:00,460.495,47664.89
2022-11-16 17:00:00,465.90999999999997,51667.682499999995
2022-11-16 18:00:00,429.59000000000003,48776.155
2022-11-16 19:00:00,399.2525,46607.9025
2022-11-16 20:00:00,384.9875,44731.4125
2022-11-16 21:00:00,348.9125,42424.7225
2022-11-16 22:00:00,361.515,41785.435
2022-11-16 23:00:00,384.2025,43067.3875
2022-11-17 00:00:00,409.815,40353.565
2022-11-17 01:00:00,422.9275,39410.2825
2022-11-17 02:00:00,423.5525,37908.0275
2022-11-17 03:00:00,416.185,35889.2
2022-11-17 04:00:00,401.03499999999997,34520.54
2022-11-17 05:00:00,399.75,33929.2775
2022-11-17 06:00:00,415.75,33443.380000000005
2022-11-17 07:00:00,420.27,36664.31
2022-11-17 08:00:00,393.4625,40162.4175
2022-11-17 09:00:00,185.76999999999998,36137.8125
2022-11-17 10:00:00,67.525,28732.7325
2022-11-17 11:00:00,112.84,25360.64
2022-11-17 12:00:00,24.3625,24104.4625
2022-11-17 13:00:00,250.08750000000003,24874.7
2022-11-17 14:00:00,256.2025,26148.7075
2022-11-17 15:00:00,395.27250000000004,30805.27
2022-11-17 16:00:00,477.915,39381.445
2022-11-17 17:00:00,495.6775,44563.4125
2022-11-17 18:00:00,473.13,42499.2875
2022-11-17 19:00:00,450.0775,41398.625
2022-11-17 20:00:00,441.89750000000004,41367.165
2022-11-17 21:00:00,429.1875,40465.67
2022-11-17 22:00:00,439.9825,39967.5375
2022-11-17 23:00:00,458.0925,41383.0925
2022-11-18 00:00:00,424.955,40832.457500000004
2022-11-18 01:00:00,417.5925,39861.095
2022-11-18 02:00:00,420.345,39045.595
2022-11-18 03:00:00,416.565,38910.7325
2022-11-18 04:00:00,405.5525,39057.9575
2022-11-18 05:00:00,400.9975,40771.7325
2022-11-18 06:00:00,408.515,41956.485
2022-11-18 07:00:00,416.585,45981.597499999996
2022-11-18 08:00:00,418.8175,45989.6025
2022-11-18 09:00:00,407.575,38243.755000000005
2022-11-18 10:00:00,405.805,33252.325
2022-11-18 11:00:00,414.5275,31023.3425
2022-11-18 12:00:00,410.235,26934.3375
2022-11-18 13:00:00,417.4425,29015.3375
2022-11-18 14:00:00,410.39750000000004,32174.0425
2022-11-18 15:00:00,426.7225,40052.905
2022-11-18 16:00:00,453.73,47645.5325
2022-11-18 17:00:00,466.3825,49514.3775
2022-11-18 18:00:00,433.365,45316.104999999996
2022-11-18 19:00:00,408.16499999999996,42041.1475
2022-11-18 20:00:00,399.7575,39915.412500000006
2022-11-18 21:00:00,389.73,37596.355
2022-11-18 22:00:00,393.645,36014.6475
2022-11-18 23:00:00,405.0775,36889.295
2022-11-19 00:00:00,420.8725,36080.7175
2022-11-19 01:00:00,428.135,35306.92
2022-11-19 02:00:00,423.46999999999997,34789.5125
2022-11-19 03:00:00,413.5325,35656.5025
2022-11-19 04:00:00,403.8075,37544.5225
2022-11-19 05:00:00,399.63,39338.270000000004
2022-11-19 06:00:00,401.16499999999996,39633.7575
2022-11-19 07:00:00,412.9725,41432.6975
2022-11-19 08:00:00,418.545,43202.03
2022-11-19 09:00:00,395.4625,37389.15
2022-11-19 10:00:00,379.7375,32232.845
2022-11-19 11:00:00,382.2075,29181.735
2022-11-19 12:00:00,372.1025,26246.575
2022-11-19 13:00:00,378.33250000000004,28851.99
2022-11-19 14:00:00,377.09250000000003,31477.5525
2022-11-19 15:00:00,403.75,37002.7675
2022-11-19 16:00:00,442.12249999999995,43220.307499999995
2022-11-19 17:00:00,466.7575,46658.0025
2022-11-19 18:00:00,433.59000000000003,44403.042499999996
2022-11-19 19:00:00,409.005,43018.9925
2022-11-19 20:00:00,404.165,41857.3775
2022-11-19 21:00:00,398.7925,39608.835
2022-11-19 22:00:00,401.0075,39468.55
2022-11-19 23:00:00,408.5575,40191.447499999995
2022-11-20 00:00:00,400.7025,39179.25
2022-11-20 01:00:00,400.5175,38988.9675
2022-11-20 02:00:00,401.2225,39251.8525
2022-11-20 03:00:00,396.9325,38917.015
2022-11-20 04:00:00,387.0725,39605.542499999996
2022-11-20 05:00:00,378.15999999999997,41226.1875
2022-11-20 06:00:00,371.9975,42245.03
2022-11-20 07:00:00,379.8,46206.455
2022-11-20 08:00:00,385.4625,51353.292499999996
2022-11-20 09:00:00,368.225,49408.5975
2022-11-20 10:00:00,356.745,46248.0925
2022-11-20 11:00:00,359.88,48624.1325
2022-11-20 12:00:00,357.435,48089.125
2022-11-20 13:00:00,362.17499999999995,51075.5225
2022-11-20 14:00:00,358.29999999999995,49554.5475
2022-11-20 15:00:00,379.1825,49753.182499999995
2022-11-20 16:00:00,399.6025,55344.0775
2022-11-20 17:00:00,404.815,57984.6
2022-11-20 18:00:00,388.015,54417.6375
2022-11-20 19:00:00,370.16,51788.9
2022-11-20 20:00:00,364.88,48891.2175
2022-11-20 21:00:00,359.1075,44973.604999999996
2022-11-20 22:00:00,363.56,41729.4025
2022-11-20 23:00:00,376.23749999999995,41157.667499999996
2022-11-21 00:00:00,395.0775,36811.1625
2022-11-21 01:00:00,408.2575,33892.145
2022-11-21 02:00:00,407.755,31825.56
2022-11-21 03:00:00,395.7775,30352.6075
2022-11-21 04:00:00,379.65999999999997,29945.29
2022-11-21 05:00:00,366.8375,30134.585
2022-11-21 06:00:00,369.02750000000003,30302.997499999998
2022-11-21 07:00:00,378.07,34136.4025
2022-11-21 08:00:00,397.7025,36145.8675
2022-11-21 09:00:00,404.39750000000004,30160.0225
2022-11-21 10:00:00,403.2125,27848.2025
2022-11-21 11:00:00,400.7525,28061.324999999997
2022-11-21 12:00:00,388.60249999999996,27251.155
2022-11-21 13:00:00,395.7725,28306.3325
2022-11-21 14:00:00,377.4425,30529.12
2022-11-21 15:00:00,368.72249999999997,33081.2
2022-11-21 16:00:00,375.85,41251.159999999996
2022-11-21 17:00:00,374.8325,47989.3675
2022-11-21 18:00:00,347.48249999999996,46599.957500000004
2022-11-21 19:00:00,328.3725,44072.465
2022-11-21 20:00:00,334.405,41524.475
2022-11-21 21:00:00,336.70000000000005,38359.07
2022-11-21 22:00:00,339.45500000000004,36239.875
2022-11-21 23:00:00,343.01250000000005,37030.0125
2022-11-22 00:00:00,399.84000000000003,36504.2775
2022-11-22 01:00:00,420.1725,36035.8025
2022-11-22 02:00:00,416.47,35938.655
2022-11-22 03:00:00,412.2825,35891.6575
2022-11-22 04:00:00,415.46999999999997,36441.98
2022-11-22 05:00:00,420.10249999999996,37455.9025
2022-11-22 06:00:00,416.0375,37304.854999999996
2022-11-22 07:00:00,419.9525,39620.175
2022-11-22 08:00:00,444.27,40464.655
2022-11-22 09:00:00,447.5875,34583.677500000005
2022-11-22 10:00:00,461.425,31210.7625
2022-11-22 11:00:00,484.90500000000003,29486.515
2022-11-22 12:00:00,471.51,27839.8075
2022-11-22 13:00:00,483.435,28463.34
2022-11-22 14:00:00,459.31,30312.010000000002
2022-11-22 15:00:00,463.8675,36034.3475
2022-11-22 16:00:00,476.8125,47919.83
2022-11-22 17:00:00,486.88750000000005,52754.185
2022-11-22 18:00:00,443.51750000000004,51663.6575
2022-11-22 19:00:00,420.9575,49418.84
2022-11-22 20:00:00,416.82,46177.66
2022-11-22 21:00:00,411.18,41951.4475
2022-11-22 22:00:00,413.765,39856.7625
2022-11-22 23:00:00,421.1675,40782.74
2022-11-23 00:00:00,439.54,39503.2125
2022-11-23 01:00:00,452.6725,39291.2275
2022-11-23 02:00:00,452.8075,39167.7375
2022-11-23 03:00:00,445.235,39140.56
2022-11-23 04:00:00,436.3275,39647.315
2022-11-23 05:00:00,430.33,40418.9925
2022-11-23 06:00:00,422.305,40855.9925
2022-11-23 07:00:00,419.6375,44749.335
2022-11-23 08:00:00,420.865,47428.58
2022-11-23 09:00:00,413.445,40901.3125
2022-11-23 10:00:00,407.835,36681.5475
2022-11-23 11:00:00,409.495,35247.7875
2022-11-23 12:00:00,404.2,32147.42
2022-11-23 13:00:00,415.72249999999997,33654.0075
2022-11-23 14:00:00,421.33,35462.925
2022-11-23 15:00:00,442.36,40725.9675
2022-11-23 16:00:00,474.46500000000003,49314.317500000005
2022-11-23 17:00:00,478.8425,52612.4675
2022-11-23 18:00:00,439.2425,50313.82
2022-11-23 19:00:00,414.07,48064.44
2022-11-23 20:00:00,402.83500000000004,44715.465000000004
2022-11-23 21:00:00,395.84250000000003,41483.045
2022-11-23 22:00:00,397.09749999999997,39901.29
2022-11-23 23:00:00,404.1275,40528.6425
2022-11-24 00:00:00,313.3775,39952.5925
2022-11-24 01:00:00,365.2125,39309.8875
2022-11-24 02:00:00,407.0125,38320.59
2022-11-24 03:00:00,401.625,37336.9275
2022-11-24 04:00:00,355.59749999999997,37395.5325
2022-11-24 05:00:00,308.30499999999995,37506.1075
2022-11-24 06:00:00,265.71999999999997,37020.3425
2022-11-24 07:00:00,256.8875,40574.777500000004
2022-11-24 08:00:00,178.27249999999998,44886.8
2022-11-24 09:00:00,69.02,44524.7975
2022-11-24 10:00:00,7.1625,42677.0175
2022-11-24 11:00:00,-15.6875,42664.275
2022-11-24 12:00:00,-64.875,39652.9375
2022-11-24 13:00:00,-71.1875,40060.265
2022-11-24 14:00:00,-29.1225,41249.515
2022-11-24 15:00:00,139.9275,45639.6025
2022-11-24 16:00:00,308.21000000000004,49272.8575
2022-11-24 17:00:00,354.71750000000003,50415.5075
2022-11-24 18:00:00,168.0525,47013.315
2022-11-24 19:00:00,67.85249999999999,44708.125
2022-11-24 20:00:00,55.495,42496.8375
2022-11-24 21:00:00,45.6975,39679.9925
2022-11-24 22:00:00,38.545,37284.3775
2022-11-24 23:00:00,47.9375,37078.865000000005
2022-11-25 00:00:00,67.1075,38901.89
2022-11-25 01:00:00,77.3275,39309.8875
2022-11-25 02:00:00,92.275,38320.59
2022-11-25 03:00:00,89.8825,37336.9275
2022-11-25 04:00:00,74.28999999999999,37395.5325
2022-11-25 05:00:00,99.88,37506.1075
2022-11-25 06:00:00,123.435,37020.3425
2022-11-25 07:00:00,189.6075,40574.777500000004
2022-11-25 08:00:00,210.655,44886.8
2022-11-25 09:00:00,114.85,44524.7975
2022-11-25 10:00:00,67.35,42677.0175
2022-11-25 11:00:00,61.04,42664.275
2022-11-25 12:00:00,-0.022500000000000853,39652.9375
2022-11-25 13:00:00,48.082499999999996,40060.265
2022-11-25 14:00:00,76.74000000000001,41249.515
2022-11-25 15:00:00,311.2,45639.6025
2022-11-25 16:00:00,495.875,49272.8575
2022-11-25 17:00:00,598.2975,50415.5075
2022-11-25 18:00:00,484.47249999999997,47013.315
2022-11-25 19:00:00,373.6375,44708.125
2022-11-25 20:00:00,337.9425,42496.8375
2022-11-25 21:00:00,265.3025,39679.9925
2022-11-25 22:00:00,202.7975,37284.3775
2022-11-25 23:00:00,190.20250000000001,37078.865000000005
2022-11-26 00:00:00,103.25,32083.212499999998
2022-11-26 01:00:00,45.9225,29425.1375
2022-11-26 02:00:00,-35.875,27920.455
2022-11-26 03:00:00,-40.6875,26649.665
2022-11-26 04:00:00,10.0,27007.66
2022-11-26 05:00:00,21.1875,27855.0
2022-11-26 06:00:00,27.875,28507.165
2022-11-26 07:00:00,46.4375,31932.0625
2022-11-26 08:00:00,-3.1875,33606.72
2022-11-26 09:00:00,-65.375,26827.455
2022-11-26 10:00:00,-46.625,22917.9
2022-11-26 11:00:00,4.722499999999999,23247.7025
2022-11-26 12:00:00,-55.4675,22460.015
2022-11-26 13:00:00,11.5,22987.665
2022-11-26 14:00:00,91.455,25072.4975
2022-11-26 15:00:00,306.1125,27922.91
2022-11-26 16:00:00,472.2725,35905.87
2022-11-26 17:00:00,551.6075,42875.2025
2022-11-26 18:00:00,461.645,41903.667499999996
2022-11-26 19:00:00,357.5125,40437.72
2022-11-26 20:00:00,297.6975,38117.86
2022-11-26 21:00:00,224.38,35272.675
2022-11-26 22:00:00,178.305,33322.052500000005
2022-11-26 23:00:00,199.4075,33765.04
2022-11-27 00:00:00,296.12,32706.2
2022-11-27 01:00:00,312.025,31704.504999999997
2022-11-27 02:00:00,294.885,31166.9025
2022-11-27 03:00:00,308.14750000000004,30524.9375
2022-11-27 04:00:00,330.7225,30524.495
2022-11-27 05:00:00,309.9525,30717.85
2022-11-27 06:00:00,269.9475,30592.925
2022-11-27 07:00:00,273.8725,34620.72
2022-11-27 08:00:00,298.7875,36578.29
2022-11-27 09:00:00,325.7125,29285.6175
2022-11-27 10:00:00,377.285,23291.2125
2022-11-27 11:00:00,468.22,22537.940000000002
2022-11-27 12:00:00,446.1725,21559.025
2022-11-27 13:00:00,453.70500000000004,22123.445
2022-11-27 14:00:00,432.095,24040.035
2022-11-27 15:00:00,465.95,30124.1325
2022-11-27 16:00:00,507.875,40343.445
2022-11-27 17:00:00,580.09,46430.58
2022-11-27 18:00:00,493.2625,45283.034999999996
2022-11-27 19:00:00,423.08000000000004,42631.912500000006
2022-11-27 20:00:00,401.1775,38739.1225
2022-11-27 21:00:00,383.7975,33972.4375
2022-11-27 22:00:00,395.64,31361.605
2022-11-27 23:00:00,440.3625,31766.7575
2022-11-28 00:00:00,395.255,30969.0225
2022-11-28 01:00:00,395.9525,29499.995
2022-11-28 02:00:00,397.0175,28606.525
2022-11-28 03:00:00,398.2075,28176.195
2022-11-28 04:00:00,406.55,28160.565000000002
2022-11-28 05:00:00,394.785,28724.4975
2022-11-28 06:00:00,399.26,28602.635000000002
2022-11-28 07:00:00,421.065,31405.125
2022-11-28 08:00:00,439.22749999999996,33215.432499999995
2022-11-28 09:00:00,435.97,27409.5675
2022-11-28 10:00:00,517.74,23787.2275
2022-11-28 11:00:00,609.355,23760.4775
2022-11-28 12:00:00,529.9275,23377.075
2022-11-28 13:00:00,469.255,23948.67
2022-11-28 14:00:00,387.7525,25850.3075
2022-11-28 15:00:00,376.14,31033.585
2022-11-28 16:00:00,395.1325,40442.315
2022-11-28 17:00:00,397.84250000000003,46414.770000000004
2022-11-28 18:00:00,349.95500000000004,44645.54
2022-11-28 19:00:00,294.4,42549.34
2022-11-28 20:00:00,195.995,39691.6875
2022-11-28 21:00:00,98.185,37061.44
2022-11-28 22:00:00,67.93,35561.8875
2022-11-28 23:00:00,119.47,36691.64
2022-11-29 00:00:00,-6.140000000000001,34875.520000000004
2022-11-29 01:00:00,-73.5,33600.115
2022-11-29 02:00:00,-80.0,32585.58
2022-11-29 03:00:00,-80.0,32361.8075
2022-11-29 04:00:00,-80.0,32930.58
2022-11-29 05:00:00,-80.0,33988.4675
2022-11-29 06:00:00,-80.0,33352.3625
2022-11-29 07:00:00,-80.0,35655.145000000004
2022-11-29 08:00:00,-80.0,36949.2775
2022-11-29 09:00:00,-80.0,31226.2575
2022-11-29 10:00:00,-30.875,25993.41
2022-11-29 11:00:00,8.5625,25660.7625
2022-11-29 12:00:00,-55.9375,25174.73
2022-11-29 13:00:00,-48.875,26313.84
2022-11-29 14:00:00,-54.625,28802.8625
2022-11-29 15:00:00,52.612500000000004,35312.332500000004
2022-11-29 16:00:00,176.8425,42998.2775
2022-11-29 17:00:00,282.8025,47735.735
2022-11-29 18:00:00,179.2125,46480.7225
2022-11-29 19:00:00,91.555,44613.917499999996
2022-11-29 20:00:00,76.7375,41571.935
2022-11-29 21:00:00,21.4375,37963.2875
2022-11-29 22:00:00,14.8125,36528.8575
2022-11-29 23:00:00,75.225,37484.912500000006
2022-11-30 00:00:00,150.98250000000002,36804.3625
2022-11-30 01:00:00,222.865,35960.8175
2022-11-30 02:00:00,223.25,35273.9975
2022-11-30 03:00:00,196.2,34821.0475
2022-11-30 04:00:00,220.9375,34997.1925
2022-11-30 05:00:00,278.305,35072.775
2022-11-30 06:00:00,317.0575,34785.1075
2022-11-30 07:00:00,371.025,38584.0725
2022-11-30 08:00:00,419.4925,44871.222499999996
2022-11-30 09:00:00,383.5825,43206.165
2022-11-30 10:00:00,378.395,40680.465
2022-11-30 11:00:00,432.13,39420.7225
2022-11-30 12:00:00,415.49,34115.354999999996
2022-11-30 13:00:00,386.165,35015.4225
2022-11-30 14:00:00,366.765,35291.975
2022-11-30 15:00:00,454.71999999999997,40763.7975
2022-11-30 16:00:00,546.5025,47631.4375
2022-11-30 17:00:00,654.3100000000001,51459.9625
2022-11-30 18:00:00,563.8824999999999,49563.2475
2022-11-30 19:00:00,498.91,47106.53
2022-11-30 20:00:00,484.105,44507.325
2022-11-30 21:00:00,455.5075,41627.31
2022-11-30 22:00:00,451.655,39744.0625
2022-11-30 23:00:00,477.445,39757.49
2022-12-01 00:00:00,419.685,38766.2675
2022-12-01 01:00:00,400.2475,38025.39
2022-12-01 02:00:00,395.8225,37175.677500000005
2022-12-01 03:00:00,390.695,36521.582500000004
2022-12-01 04:00:00,390.59749999999997,36749.380000000005
2022-12-01 05:00:00,394.69,37518.932499999995
2022-12-01 06:00:00,400.9875,37450.625
2022-12-01 07:00:00,409.45,41554.2875
2022-12-01 08:00:00,402.77,46423.1725
2022-12-01 09:00:00,373.4275,43562.68
2022-12-01 10:00:00,344.40500000000003,41278.6725
2022-12-01 11:00:00,336.64750000000004,39637.9275
2022-12-01 12:00:00,229.945,36388.165
2022-12-01 13:00:00,293.97,36851.8275
2022-12-01 14:00:00,347.53,37341.3975
2022-12-01 15:00:00,404.04,42077.0725
2022-12-01 16:00:00,493.07500000000005,47271.38
2022-12-01 17:00:00,542.0025,48930.61
2022-12-01 18:00:00,494.5875,45442.020000000004
2022-12-01 19:00:00,454.2575,42575.082500000004
2022-12-01 20:00:00,432.5475,39774.265
2022-12-01 21:00:00,423.3425,37568.2575
2022-12-01 22:00:00,416.8175,36324.6075
2022-12-01 23:00:00,419.99,37271.8375
2022-12-02 00:00:00,427.0025,36619.494999999995
2022-12-02 01:00:00,434.05,35893.765
2022-12-02 02:00:00,431.6825,34879.41
2022-12-02 03:00:00,425.39,34410.18
2022-12-02 04:00:00,420.225,34290.335
2022-12-02 05:00:00,417.4075,34989.7725
2022-12-02 06:00:00,417.17499999999995,34774.6225
2022-12-02 07:00:00,427.5175,38951.0925
2022-12-02 08:00:00,421.4275,42853.59
2022-12-02 09:00:00,396.47249999999997,37072.19
2022-12-02 10:00:00,363.22249999999997,31535.38
2022-12-02 11:00:00,245.435,29839.06
2022-12-02 12:00:00,-7.734999999999999,26591.475
2022-12-02 13:00:00,5.875,28080.864999999998
2022-12-02 14:00:00,175.2525,29720.165
2022-12-02 15:00:00,366.17,36992.2475
2022-12-02 16:00:00,447.23,46217.1025
2022-12-02 17:00:00,473.25,50968.52
2022-12-02 18:00:00,440.59250000000003,48595.32
2022-12-02 19:00:00,413.925,46367.145000000004
2022-12-02 20:00:00,404.09000000000003,43825.805
2022-12-02 21:00:00,396.59000000000003,40592.85
2022-12-02 22:00:00,397.105,38225.432499999995
2022-12-02 23:00:00,402.3675,38204.9225
2022-12-03 00:00:00,399.4175,37157.7275
2022-12-03 01:00:00,402.9875,36100.175
2022-12-03 02:00:00,408.35249999999996,35519.085
2022-12-03 03:00:00,411.97999999999996,35267.935
2022-12-03 04:00:00,415.975,35524.854999999996
2022-12-03 05:00:00,418.7575,36136.81
2022-12-03 06:00:00,413.5325,36176.53
2022-12-03 07:00:00,420.9,40054.009999999995
2022-12-03 08:00:00,421.82500000000005,43827.3275
2022-12-03 09:00:00,406.76750000000004,38720.57
2022-12-03 10:00:00,395.3375,33528.35
2022-12-03 11:00:00,393.4575,32429.8725
2022-12-03 12:00:00,383.8275,29150.2375
2022-12-03 13:00:00,387.69,30268.6
2022-12-03 14:00:00,389.95500000000004,31525.22
2022-12-03 15:00:00,416.2,38167.345
2022-12-03 16:00:00,467.7925,47047.7575
2022-12-03 17:00:00,510.2175,52735.045
2022-12-03 18:00:00,467.25,50840.3325
2022-12-03 19:00:00,427.79499999999996,48337.6675
2022-12-03 20:00:00,411.805,45813.3575
2022-12-03 21:00:00,404.3825,42588.7675
2022-12-03 22:00:00,404.58750000000003,40125.195
2022-12-03 23:00:00,406.45,40436.8375
2022-12-04 00:00:00,405.47,39382.6275
2022-12-04 01:00:00,403.97249999999997,38548.604999999996
2022-12-04 02:00:00,400.9075,38180.9525
2022-12-04 03:00:00,395.89,37552.835
2022-12-04 04:00:00,392.585,37623.57
2022-12-04 05:00:00,392.72,37820.215
2022-12-04 06:00:00,391.1575,38414.225
2022-12-04 07:00:00,398.97249999999997,42703.515
2022-12-04 08:00:00,408.725,47394.1125
2022-12-04 09:00:00,402.385,41410.6625
2022-12-04 10:00:00,396.0425,36013.35
2022-12-04 11:00:00,398.955,35015.557499999995
2022-12-04 12:00:00,398.1125,31135.9225
2022-12-04 13:00:00,405.9075,31749.85
2022-12-04 14:00:00,412.97249999999997,32501.559999999998
2022-12-04 15:00:00,442.39250000000004,38963.2725
2022-12-04 16:00:00,508.745,47198.0875
2022-12-04 17:00:00,555.4025,51803.51
2022-12-04 18:00:00,503.1275,49479.5475
2022-12-04 19:00:00,460.115,46565.7525
2022-12-04 20:00:00,443.09250000000003,43753.3
2022-12-04 21:00:00,434.2875,40183.72
2022-12-04 22:00:00,432.6125,36493.915
2022-12-04 23:00:00,435.20000000000005,36162.64
2022-12-05 00:00:00,436.9475,34579.2325
2022-12-05 01:00:00,432.3825,32388.065
2022-12-05 02:00:00,427.72249999999997,30872.1675
2022-12-05 03:00:00,428.4425,30416.7725
2022-12-05 04:00:00,431.09,30782.67
2022-12-05 05:00:00,429.68,31238.91
2022-12-05 06:00:00,431.5825,31250.745
2022-12-05 07:00:00,439.9725,34630.76
2022-12-05 08:00:00,436.23249999999996,39343.4575
2022-12-05 09:00:00,410.7875,36357.115
2022-12-05 10:00:00,391.54,33304.1
2022-12-05 11:00:00,382.1175,32920.43
2022-12-05 12:00:00,368.8125,30173.0875
2022-12-05 13:00:00,381.065,32014.002500000002
2022-12-05 14:00:00,393.0425,33798.96
2022-12-05 15:00:00,426.82500000000005,39276.61
2022-12-05 16:00:00,520.15,45524.6975
2022-12-05 17:00:00,595.5024999999999,50200.265
2022-12-05 18:00:00,517.6175000000001,48974.5225
2022-12-05 19:00:00,461.15,47135.135
2022-12-05 20:00:00,445.0625,45213.26
2022-12-05 21:00:00,433.57500000000005,42331.395000000004
2022-12-05 22:00:00,430.825,39461.695
2022-12-05 23:00:00,430.75,39389.235
2022-12-06 00:00:00,422.96,40765.74
2022-12-06 01:00:00,414.7025,40801.445
2022-12-06 02:00:00,410.3275,39824.305
2022-12-06 03:00:00,409.875,38909.81
2022-12-06 04:00:00,411.71750000000003,38365.572499999995
2022-12-06 05:00:00,410.445,38355.5625
2022-12-06 06:00:00,416.07,37995.630000000005
2022-12-06 07:00:00,427.8325,40166.08
2022-12-06 08:00:00,431.495,42002.195
2022-12-06 09:00:00,414.615,35759.05
2022-12-06 10:00:00,398.6125,32267.54
2022-12-06 11:00:00,392.845,33158.04
2022-12-06 12:00:00,383.9175,31584.225
2022-12-06 13:00:00,391.07,32556.972500000003
2022-12-06 14:00:00,402.2275,34682.1575
2022-12-06 15:00:00,436.3425,40144.5875
2022-12-06 16:00:00,523.535,44533.14
2022-12-06 17:00:00,595.315,47579.6525
2022-12-06 18:00:00,515.9725,47183.82
2022-12-06 19:00:00,460.735,46097.34
2022-12-06 20:00:00,442.77750000000003,45011.2825
2022-12-06 21:00:00,429.73,42800.7725
2022-12-06 22:00:00,426.065,40293.7775
2022-12-06 23:00:00,426.94,41324.3675
2022-12-07 00:00:00,388.46,39805.409999999996
2022-12-07 01:00:00,373.36749999999995,38602.8925
2022-12-07 02:00:00,371.66749999999996,37944.9425
2022-12-07 03:00:00,371.99249999999995,37664.16
2022-12-07 04:00:00,374.7,38260.8125
2022-12-07 05:00:00,375.725,39458.2775
2022-12-07 06:00:00,384.7075,40187.48
2022-12-07 07:00:00,406.415,44128.6475
2022-12-07 08:00:00,425.1025,47844.0575
2022-12-07 09:00:00,402.445,42496.075
2022-12-07 10:00:00,380.97,38407.99
2022-12-07 11:00:00,374.5025,37130.6125
2022-12-07 12:00:00,369.15,34244.58
2022-12-07 13:00:00,376.5,35482.625
2022-12-07 14:00:00,381.23749999999995,36694.2275
2022-12-07 15:00:00,410.03,42295.0975
2022-12-07 16:00:00,498.495,48564.53
2022-12-07 17:00:00,574.2149999999999,51880.325
2022-12-07 18:00:00,474.435,50681.415
2022-12-07 19:00:00,411.645,49545.7775
2022-12-07 20:00:00,397.8475,48748.085
2022-12-07 21:00:00,382.46500000000003,46449.505
2022-12-07 22:00:00,377.2,43692.35
2022-12-07 23:00:00,377.0825,44022.2525
2022-12-08 00:00:00,418.4175,42413.125
2022-12-08 01:00:00,428.205,41304.905
2022-12-08 02:00:00,425.7175,40565.66
2022-12-08 03:00:00,427.475,40264.4575
2022-12-08 04:00:00,431.955,40355.21
2022-12-08 05:00:00,432.34749999999997,41138.3975
2022-12-08 06:00:00,435.97499999999997,42327.9725
2022-12-08 07:00:00,453.15,47385.725
2022-12-08 08:00:00,470.905,52753.75
2022-12-08 09:00:00,452.5225,47839.4125
2022-12-08 10:00:00,435.9425,43225.485
2022-12-08 11:00:00,428.3225,41974.92
2022-12-08 12:00:00,419.4475,38458.96
2022-12-08 13:00:00,426.6,39394.3075
2022-12-08 14:00:00,432.95,41353.3175
2022-12-08 15:00:00,456.545,47030.9775
2022-12-08 16:00:00,531.6125,50984.244999999995
2022-12-08 17:00:00,584.535,52835.817500000005
2022-12-08 18:00:00,514.63,50634.275
2022-12-08 19:00:00,477.585,48194.354999999996
2022-12-08 20:00:00,468.4675,46468.0225
2022-12-08 21:00:00,450.3275,43524.0
2022-12-08 22:00:00,441.79,40642.735
2022-12-08 23:00:00,441.15500000000003,41198.085
2022-12-09 00:00:00,439.84250000000003,39013.875
2022-12-09 01:00:00,435.8575,38114.2525
2022-12-09 02:00:00,432.6275,37908.5225
2022-12-09 03:00:00,433.3875,38041.545
2022-12-09 04:00:00,434.5,38715.229999999996
2022-12-09 05:00:00,433.34499999999997,39999.2025
2022-12-09 06:00:00,435.875,40909.325
2022-12-09 07:00:00,448.885,45717.4975
2022-12-09 08:00:00,467.335,52479.207500000004
2022-12-09 09:00:00,454.45,50673.880000000005
2022-12-09 10:00:00,441.02,48217.775
2022-12-09 11:00:00,436.815,47552.65
2022-12-09 12:00:00,428.9,43903.8175
2022-12-09 13:00:00,434.41499999999996,44824.545
2022-12-09 14:00:00,439.68,45337.807499999995
2022-12-09 15:00:00,462.38250000000005,48919.2775
2022-12-09 16:00:00,512.4625000000001,51765.6125
2022-12-09 17:00:00,539.8325,53103.875
2022-12-09 18:00:00,489.105,51099.5175
2022-12-09 19:00:00,456.9625,49485.275
2022-12-09 20:00:00,447.1275,48533.06
2022-12-09 21:00:00,439.83000000000004,46356.0275
2022-12-09 22:00:00,438.37,43854.7725
2022-12-09 23:00:00,439.8725,44519.79
2022-12-10 00:00:00,439.895,42785.2575
2022-12-10 01:00:00,439.46500000000003,41951.7
2022-12-10 02:00:00,435.8,41270.8725
2022-12-10 03:00:00,429.46500000000003,40774.095
2022-12-10 04:00:00,418.12,40946.130000000005
2022-12-10 05:00:00,405.6025,41776.5325
2022-12-10 06:00:00,396.5,42529.0025
2022-12-10 07:00:00,398.71500000000003,47608.7825
2022-12-10 08:00:00,408.58750000000003,53015.5725
2022-12-10 09:00:00,399.74,49189.58
2022-12-10 10:00:00,382.56,46018.6
2022-12-10 11:00:00,372.8575,45817.0875
2022-12-10 12:00:00,354.75,43117.765
2022-12-10 13:00:00,370.765,44001.44
2022-12-10 14:00:00,381.6175,44091.7325
2022-12-10 15:00:00,405.71,47702.7
2022-12-10 16:00:00,442.1975,50199.582500000004
2022-12-10 17:00:00,468.0575,51192.4225
2022-12-10 18:00:00,447.1675,48417.899999999994
2022-12-10 19:00:00,434.155,46082.595
2022-12-10 20:00:00,433.97749999999996,43654.7075
2022-12-10 21:00:00,427.92499999999995,40602.6025
2022-12-10 22:00:00,431.8,37312.9775
2022-12-10 23:00:00,438.0475,36750.7325
2022-12-11 00:00:00,440.705,33820.8325
2022-12-11 01:00:00,437.715,31300.4
2022-12-11 02:00:00,434.65999999999997,28577.692499999997
2022-12-11 03:00:00,435.0925,28476.465
2022-12-11 04:00:00,437.115,29014.0475
2022-12-11 05:00:00,435.69,29398.9725
2022-12-11 06:00:00,431.49,29991.0625
2022-12-11 07:00:00,438.08000000000004,34209.0625
2022-12-11 08:00:00,443.67,39581.01
2022-12-11 09:00:00,427.015,37747.265
2022-12-11 10:00:00,405.5975,35197.130000000005
2022-12-11 11:00:00,398.2975,32574.735
2022-12-11 12:00:00,394.4325,27580.4075
2022-12-11 13:00:00,406.15250000000003,27704.47
2022-12-11 14:00:00,419.2375,27070.6725
2022-12-11 15:00:00,452.1725,30942.105
2022-12-11 16:00:00,522.365,37819.335
2022-12-11 17:00:00,560.175,41170.715
2022-12-11 18:00:00,504.9575,40427.945
2022-12-11 19:00:00,463.72999999999996,39931.1025
2022-12-11 20:00:00,448.38,40274.009999999995
2022-12-11 21:00:00,436.3325,38989.3775
2022-12-11 22:00:00,425.42,37541.1375
2022-12-11 23:00:00,417.08000000000004,38834.7375
2022-12-12 00:00:00,425.5425,37436.4825
2022-12-12 01:00:00,348.7875,37372.0375
2022-12-12 02:00:00,240.3,36850.5325
2022-12-12 03:00:00,204.17000000000002,36863.8175
2022-12-12 04:00:00,228.4275,37304.55
2022-12-12 05:00:00,225.065,38183.3825
2022-12-12 06:00:00,304.9275,38811.86
2022-12-12 07:00:00,431.315,42817.39
2022-12-12 08:00:00,488.23,45306.1025
2022-12-12 09:00:00,350.11,37940.7825
2022-12-12 10:00:00,109.24,33852.3625
2022-12-12 11:00:00,-20.96,32480.2075
2022-12-12 12:00:00,-70.7525,30256.715
2022-12-12 13:00:00,-80.0,32261.775
2022-12-12 14:00:00,53.41,33602.24
2022-12-12 15:00:00,417.9275,38377.7175
2022-12-12 16:00:00,663.7950000000001,42189.675
2022-12-12 17:00:00,747.5775,42841.1075
2022-12-12 18:00:00,681.6424999999999,39265.4525
2022-12-12 19:00:00,626.14,35964.43
2022-12-12 20:00:00,592.5450000000001,33448.1375
2022-12-12 21:00:00,555.735,32033.8
2022-12-12 22:00:00,550.61,30865.2375
2022-12-12 23:00:00,565.25,31188.85
2022-12-13 00:00:00,447.125,29436.005
2022-12-13 01:00:00,403.9275,28721.66
2022-12-13 02:00:00,392.51250000000005,27809.45
2022-12-13 03:00:00,372.305,29200.934999999998
2022-12-13 04:00:00,355.40250000000003,31091.8675
2022-12-13 05:00:00,275.6975,32374.4225
2022-12-13 06:00:00,325.86249999999995,33308.655
2022-12-13 07:00:00,403.01750000000004,37791.45
2022-12-13 08:00:00,431.525,42058.3875
2022-12-13 09:00:00,376.26250000000005,38771.88
2022-12-13 10:00:00,211.22,36411.5725
2022-12-13 11:00:00,93.16,35808.7175
2022-12-13 12:00:00,-42.510000000000005,32907.9225
2022-12-13 13:00:00,4.960000000000001,34415.21
2022-12-13 14:00:00,67.1575,35370.4825
2022-12-13 15:00:00,313.89,39120.0925
2022-12-13 16:00:00,501.53999999999996,42539.46
2022-12-13 17:00:00,572.67,44756.587499999994
2022-12-13 18:00:00,506.17499999999995,42883.945
2022-12-13 19:00:00,464.76,39381.6325
2022-12-13 20:00:00,462.03749999999997,37050.14
2022-12-13 21:00:00,451.8225,33952.92
2022-12-13 22:00:00,451.15,29865.66
2022-12-13 23:00:00,461.0825,29265.1325
2022-12-14 00:00:00,413.255,26922.2425
2022-12-14 01:00:00,392.8925,25535.1325
2022-12-14 02:00:00,390.3775,23424.88
2022-12-14 03:00:00,392.7325,23508.495
2022-12-14 04:00:00,404.5675,23590.77
2022-12-14 05:00:00,411.74,24865.8475
2022-12-14 06:00:00,425.235,26078.9725
2022-12-14 07:00:00,466.96,30648.03
2022-12-14 08:00:00,499.12,35457.5725
2022-12-14 09:00:00,450.28,31029.9125
2022-12-14 10:00:00,393.57,26856.465
2022-12-14 11:00:00,369.12,25650.895
2022-12-14 12:00:00,346.62,22843.1025
2022-12-14 13:00:00,353.1625,24307.1725
2022-12-14 14:00:00,370.10749999999996,25600.9925
2022-12-14 15:00:00,429.16499999999996,31427.74
2022-12-14 16:00:00,504.515,37976.075
2022-12-14 17:00:00,517.57,43087.425
2022-12-14 18:00:00,441.7575,41858.7375
2022-12-14 19:00:00,392.385,39829.65
2022-12-14 20:00:00,374.395,39578.68
2022-12-14 21:00:00,359.8625,38617.9275
2022-12-14 22:00:00,354.4875,37417.985
2022-12-14 23:00:00,356.95,38061.4975
2022-12-15 00:00:00,394.6775,35377.3825
2022-12-15 01:00:00,404.9175,33655.9325
2022-12-15 02:00:00,406.4175,32996.340000000004
2022-12-15 03:00:00,412.4575,32897.59
2022-12-15 04:00:00,422.1575,33656.365000000005
2022-12-15 05:00:00,428.8425,35159.385
2022-12-15 06:00:00,433.475,36524.835
2022-12-15 07:00:00,454.3925,41055.6625
2022-12-15 08:00:00,470.1875,45158.86
2022-12-15 09:00:00,438.63750000000005,38750.2025
2022-12-15 10:00:00,409.775,34929.67
2022-12-15 11:00:00,389.5025,33091.775
2022-12-15 12:00:00,168.54250000000002,30212.0
2022-12-15 13:00:00,305.7575,31771.2975
2022-12-15 14:00:00,380.3775,33435.35
2022-12-15 15:00:00,412.63,38810.817500000005
2022-12-15 16:00:00,465.71,43404.175
2022-12-15 17:00:00,503.2125,46610.2525
2022-12-15 18:00:00,468.9875,46445.91
2022-12-15 19:00:00,447.5375,44880.0025
2022-12-15 20:00:00,450.58500000000004,43396.805
2022-12-15 21:00:00,439.38,40591.165
2022-12-15 22:00:00,436.1625,36957.7725
2022-12-15 23:00:00,441.76,37194.8175
2022-12-16 00:00:00,443.03499999999997,35772.6275
2022-12-16 01:00:00,441.2225,34678.43
2022-12-16 02:00:00,440.73,33808.685
2022-12-16 03:00:00,441.755,33589.545
2022-12-16 04:00:00,444.49,33145.7975
2022-12-16 05:00:00,445.5075,32603.1425
2022-12-16 06:00:00,450.995,32685.18
2022-12-16 07:00:00,499.11249999999995,36777.435
2022-12-16 08:00:00,564.8225,41606.1175
2022-12-16 09:00:00,539.5725,38098.34
2022-12-16 10:00:00,498.51750000000004,36486.990000000005
2022-12-16 11:00:00,484.03249999999997,36315.66
2022-12-16 12:00:00,460.3025,33770.35
2022-12-16 13:00:00,466.275,34668.465
2022-12-16 14:00:00,460.905,34058.685
2022-12-16 15:00:00,477.78499999999997,37137.8775
2022-12-16 16:00:00,548.0024999999999,38758.1075
2022-12-16 17:00:00,597.3774999999999,40867.5025
2022-12-16 18:00:00,513.1949999999999,40334.74
2022-12-16 19:00:00,462.635,38652.167499999996
2022-12-16 20:00:00,448.4475,37538.8275
2022-12-16 21:00:00,433.5325,35902.76
2022-12-16 22:00:00,419.5425,32926.4675
2022-12-16 23:00:00,414.555,33153.6275
2022-12-17 00:00:00,404.06,31822.3
2022-12-17 01:00:00,345.4975,30722.3375
2022-12-17 02:00:00,232.2125,30718.1575
2022-12-17 03:00:00,151.39000000000001,30591.489999999998
2022-12-17 04:00:00,147.3125,31430.71
2022-12-17 05:00:00,154.6225,33181.925
2022-12-17 06:00:00,143.9975,33811.1425
2022-12-17 07:00:00,343.1175,36971.2025
2022-12-17 08:00:00,475.56,41195.725
2022-12-17 09:00:00,439.04,40740.7375
2022-12-17 10:00:00,366.5475,42519.597499999996
2022-12-17 11:00:00,221.535,45135.5025
2022-12-17 12:00:00,-15.225000000000001,43823.665
2022-12-17 13:00:00,107.35000000000001,44495.415
2022-12-17 14:00:00,176.0775,43810.19
2022-12-17 15:00:00,411.2475,43968.4825
2022-12-17 16:00:00,605.3325,42418.255
2022-12-17 17:00:00,671.91,42727.09
2022-12-17 18:00:00,620.6675,41294.3825
2022-12-17 19:00:00,585.3125,41121.082500000004
2022-12-17 20:00:00,544.925,41222.5825
2022-12-17 21:00:00,482.2625,40209.745
2022-12-17 22:00:00,458.49,37407.955
2022-12-17 23:00:00,464.305,38409.3425
2022-12-18 00:00:00,422.75,37122.8775
2022-12-18 01:00:00,406.97249999999997,35535.22
2022-12-18 02:00:00,406.1575,33740.71
2022-12-18 03:00:00,406.9375,32107.800000000003
2022-12-18 04:00:00,409.34250000000003,31167.415
2022-12-18 05:00:00,410.9475,32142.105
2022-12-18 06:00:00,410.875,32572.3775
2022-12-18 07:00:00,421.4375,36202.729999999996
2022-12-18 08:00:00,426.56,42741.5375
2022-12-18 09:00:00,413.145,43781.7175
2022-12-18 10:00:00,397.4,45059.4225
2022-12-18 11:00:00,302.71,47607.994999999995
2022-12-18 12:00:00,8.094999999999999,46574.4825
2022-12-18 13:00:00,266.98749999999995,44756.03
2022-12-18 14:00:00,393.3825,40403.71
2022-12-18 15:00:00,427.6725,37809.94
2022-12-18 16:00:00,483.6525,34471.270000000004
2022-12-18 17:00:00,517.1099999999999,31900.3875
2022-12-18 18:00:00,478.98249999999996,29445.28
2022-12-18 19:00:00,454.875,28309.0075
2022-12-18 20:00:00,442.525,27639.747499999998
2022-12-18 21:00:00,428.11,26779.7625
2022-12-18 22:00:00,423.895,24202.7775
2022-12-18 23:00:00,425.03249999999997,24415.2375
2022-12-19 00:00:00,428.9625,24102.0475
2022-12-19 01:00:00,429.3425,24289.7125
2022-12-19 02:00:00,429.9575,23321.76
2022-12-19 03:00:00,432.8525,22111.2975
2022-12-19 04:00:00,435.6175,21613.86
2022-12-19 05:00:00,438.7475,22477.465
2022-12-19 06:00:00,441.9575,23219.12
2022-12-19 07:00:00,457.9375,26756.9075
2022-12-19 08:00:00,475.06,32804.4375
2022-12-19 09:00:00,459.0175,34306.345
2022-12-19 10:00:00,440.1425,36039.39
2022-12-19 11:00:00,430.29,37930.1375
2022-12-19 12:00:00,420.8375,37771.085
2022-12-19 13:00:00,426.7075,37280.774999999994
2022-12-19 14:00:00,433.0625,35759.7625
2022-12-19 15:00:00,455.1225,35869.8475
2022-12-19 16:00:00,531.5525,36483.655
2022-12-19 17:00:00,573.52,37916.575000000004
2022-12-19 18:00:00,524.5074999999999,38213.9925
2022-12-19 19:00:00,481.6225,37404.51
2022-12-19 20:00:00,463.1425,37218.77
2022-12-19 21:00:00,453.175,35677.832500000004
2022-12-19 22:00:00,450.34749999999997,33111.0475
2022-12-19 23:00:00,451.03,31933.2825
2022-12-20 00:00:00,436.39750000000004,30130.627500000002
2022-12-20 01:00:00,430.355,29036.8775
2022-12-20 02:00:00,429.1225,27592.199999999997
2022-12-20 03:00:00,428.83,26968.895
2022-12-20 04:00:00,429.3925,26911.86
2022-12-20 05:00:00,428.33500000000004,29333.1125
2022-12-20 06:00:00,426.795,31058.715
2022-12-20 07:00:00,440.2125,35336.3875
2022-12-20 08:00:00,467.0775,39288.557499999995
2022-12-20 09:00:00,470.9825,35303.23
2022-12-20 10:00:00,459.7975,31891.0875
2022-12-20 11:00:00,453.6775,28589.715
2022-12-20 12:00:00,438.875,25822.5275
2022-12-20 13:00:00,438.90749999999997,26614.9675
2022-12-20 14:00:00,439.1775,27820.34
2022-12-20 15:00:00,455.51250000000005,32768.585
2022-12-20 16:00:00,488.925,39214.475
2022-12-20 17:00:00,518.9375,45187.68
2022-12-20 18:00:00,472.3975,47451.96
2022-12-20 19:00:00,445.385,46011.4025
2022-12-20 20:00:00,434.3925,45212.975
2022-12-20 21:00:00,418.955,43373.42
2022-12-20 22:00:00,411.1725,39806.447499999995
2022-12-20 23:00:00,407.84000000000003,37643.0875
2022-12-21 00:00:00,370.28,35269.2325
2022-12-21 01:00:00,186.3775,34485.645000000004
2022-12-21 02:00:00,-27.707500000000003,34113.185
2022-12-21 03:00:00,-80.0,34134.854999999996
2022-12-21 04:00:00,-42.5,34825.935
2022-12-21 05:00:00,241.5,36379.5575
2022-12-21 06:00:00,346.4375,38165.625
2022-12-21 07:00:00,398.22249999999997,42631.6125
2022-12-21 08:00:00,436.5975,44839.56
2022-12-21 09:00:00,409.6925,39316.0925
2022-12-21 10:00:00,372.76750000000004,34511.66
2022-12-21 11:00:00,359.78249999999997,32535.3075
2022-12-21 12:00:00,125.3825,30954.7725
2022-12-21 13:00:00,290.9375,30002.435
2022-12-21 14:00:00,395.25,31526.127500000002
2022-12-21 15:00:00,452.3125,38830.4775
2022-12-21 16:00:00,525.405,44790.6675
2022-12-21 17:00:00,578.745,49153.75
2022-12-21 18:00:00,530.62,49325.415
2022-12-21 19:00:00,495.1875,47357.72
2022-12-21 20:00:00,479.545,45554.215
2022-12-21 21:00:00,464.03,43083.3
2022-12-21 22:00:00,457.44,39885.135
2022-12-21 23:00:00,448.96000000000004,38129.6375
2022-12-22 00:00:00,172.04,35959.905
2022-12-22 01:00:00,86.91,34340.0075
2022-12-22 02:00:00,85.18,34047.167499999996
2022-12-22 03:00:00,83.6,33763.6875
2022-12-22 04:00:00,86.0425,34181.855
2022-12-22 05:00:00,97.945,34583.305
2022-12-22 06:00:00,152.0,35108.565
2022-12-22 07:00:00,398.4475,39377.3025
2022-12-22 08:00:00,554.8675000000001,42207.035
2022-12-22 09:00:00,274.45500000000004,36341.7375
2022-12-22 10:00:00,-16.972499999999997,31149.932500000003
2022-12-22 11:00:00,-80.0,27818.765
2022-12-22 12:00:00,-80.0,28074.0325
2022-12-22 13:00:00,-80.0,29692.4375
2022-12-22 14:00:00,-80.0,30976.52
2022-12-22 15:00:00,143.875,34509.685
2022-12-22 16:00:00,486.47499999999997,40617.8025
2022-12-22 17:00:00,728.3875,46414.585
2022-12-22 18:00:00,587.745,47365.8825
2022-12-22 19:00:00,486.66499999999996,46146.9775
2022-12-22 20:00:00,430.255,45759.37
2022-12-22 21:00:00,324.53999999999996,44491.1575
2022-12-22 22:00:00,210.3475,41575.2275
2022-12-22 23:00:00,238.58999999999997,40172.07
2022-12-23 00:00:00,310.0225,37936.32
2022-12-23 01:00:00,323.0825,36356.42
2022-12-23 02:00:00,304.1875,35657.015
2022-12-23 03:00:00,309.2725,35340.9
2022-12-23 04:00:00,293.34,35543.69
2022-12-23 05:00:00,235.625,36204.29
2022-12-23 06:00:00,191.76250000000002,36811.685
2022-12-23 07:00:00,398.9875,39426.16
2022-12-23 08:00:00,508.84000000000003,39014.36
2022-12-23 09:00:00,216.2425,29867.762499999997
2022-12-23 10:00:00,-31.3725,24008.489999999998
2022-12-23 11:00:00,-63.575,21470.122499999998
2022-12-23 12:00:00,-74.525,20932.2525
2022-12-23 13:00:00,-80.0,21341.645
2022-12-23 14:00:00,-53.375,22102.5825
2022-12-23 15:00:00,218.4575,24850.405
2022-12-23 16:00:00,688.0925,30192.0175
2022-12-23 17:00:00,876.0875,36719.8475
2022-12-23 18:00:00,695.46,37705.1025
2022-12-23 19:00:00,513.19,35289.215
2022-12-23 20:00:00,362.53499999999997,33794.06
2022-12-23 21:00:00,156.14,31890.704999999998
2022-12-23 22:00:00,99.765,28867.125
2022-12-23 23:00:00,97.23,26363.3975
2022-12-24 00:00:00,75.285,23684.8275
2022-12-24 01:00:00,52.6875,22596.6175
2022-12-24 02:00:00,42.4375,22850.445
2022-12-24 03:00:00,46.75,23849.61
2022-12-24 04:00:00,51.5475,24854.49
2022-12-24 05:00:00,47.035,25992.3925
2022-12-24 06:00:00,39.8875,26787.6425
2022-12-24 07:00:00,165.535,29726.364999999998
2022-12-24 08:00:00,289.08500000000004,30583.5625
2022-12-24 09:00:00,101.715,24306.395
2022-12-24 10:00:00,-52.4375,20207.145
2022-12-24 11:00:00,-80.0,19156.2975
2022-12-24 12:00:00,-80.0,19150.5675
2022-12-24 13:00:00,-80.0,19103.5225
2022-12-24 14:00:00,-41.5625,20125.7625
2022-12-24 15:00:00,230.48749999999998,22207.559999999998
2022-12-24 16:00:00,723.97,25409.325
2022-12-24 17:00:00,930.8425,29953.39
2022-12-24 18:00:00,836.805,31220.4825
2022-12-24 19:00:00,677.3625,29997.015
2022-12-24 20:00:00,509.73249999999996,29863.7725
2022-12-24 21:00:00,400.385,28719.905
2022-12-24 22:00:00,384.2675,25170.29
2022-12-24 23:00:00,387.78249999999997,22671.665
2022-12-25 00:00:00,381.58000000000004,20327.7075
2022-12-25 01:00:00,372.7125,20931.6025
2022-12-25 02:00:00,370.02750000000003,21260.057500000003
2022-12-25 03:00:00,372.8775,21306.67
2022-12-25 04:00:00,376.8125,22780.364999999998
2022-12-25 05:00:00,376.4175,23860.23
2022-12-25 06:00:00,372.18,25508.0275
2022-12-25 07:00:00,386.8275,29340.6475
2022-12-25 08:00:00,404.535,29013.864999999998
2022-12-25 09:00:00,384.0775,20881.87
2022-12-25 10:00:00,357.595,18732.05
2022-12-25 11:00:00,359.7275,19043.8325
2022-12-25 12:00:00,353.4925,18467.7025
2022-12-25 13:00:00,362.1025,19375.845
2022-12-25 14:00:00,370.33500000000004,22027.2575
2022-12-25 15:00:00,411.09749999999997,26306.645
2022-12-25 16:00:00,458.0925,34026.4025
2022-12-25 17:00:00,499.47249999999997,40791.525
2022-12-25 18:00:00,485.8075,42073.375
2022-12-25 19:00:00,458.665,43043.5525
2022-12-25 20:00:00,433.56,42999.475
2022-12-25 21:00:00,413.6425,39975.7775
2022-12-25 22:00:00,409.215,36770.854999999996
2022-12-25 23:00:00,413.4525,33501.417499999996
2022-12-26 00:00:00,412.525,30671.15
2022-12-26 01:00:00,404.8575,28354.61
2022-12-26 02:00:00,400.64,26386.5175
2022-12-26 03:00:00,401.0875,25016.415
2022-12-26 04:00:00,402.5075,24510.6375
2022-12-26 05:00:00,403.1675,24622.95
2022-12-26 06:00:00,403.0675,25848.1175
2022-12-26 07:00:00,427.7275,28838.81
2022-12-26 08:00:00,447.15999999999997,29029.8375
2022-12-26 09:00:00,426.61249999999995,22828.947500000002
2022-12-26 10:00:00,396.275,19795.155
2022-12-26 11:00:00,380.90250000000003,19461.8825
2022-12-26 12:00:00,355.69,18618.8525
2022-12-26 13:00:00,361.265,18781.23
2022-12-26 14:00:00,369.8075,23968.2725
2022-12-26 15:00:00,411.1975,30601.2625
2022-12-26 16:00:00,477.4575,35471.585
2022-12-26 17:00:00,523.0825,39805.96
2022-12-26 18:00:00,495.72749999999996,41172.525
2022-12-26 19:00:00,465.3125,40916.2375
2022-12-26 20:00:00,440.38,41514.7725
2022-12-26 21:00:00,421.1525,42031.43
2022-12-26 22:00:00,414.4175,42233.9775
2022-12-26 23:00:00,413.71500000000003,40681.6275
2022-12-27 00:00:00,416.375,36632.945
2022-12-27 01:00:00,411.59499999999997,33444.0175
2022-12-27 02:00:00,409.365,33015.6325
2022-12-27 03:00:00,411.875,32605.2975
2022-12-27 04:00:00,413.56,32463.1075
2022-12-27 05:00:00,412.39750000000004,34107.869999999995
2022-12-27 06:00:00,410.255,36459.9825
2022-12-27 07:00:00,428.9675,38210.165
2022-12-27 08:00:00,460.22249999999997,37705.875
2022-12-27 09:00:00,442.76,32671.1375
2022-12-27 10:00:00,419.735,27148.3875
2022-12-27 11:00:00,406.6925,22335.4725
2022-12-27 12:00:00,376.2825,18955.6375
2022-12-27 13:00:00,378.175,18510.3675
2022-12-27 14:00:00,386.9275,20765.0925
2022-12-27 15:00:00,420.6425,25561.82
2022-12-27 16:00:00,468.0175,31552.345
2022-12-27 17:00:00,498.415,38212.145
2022-12-27 18:00:00,462.3275,40120.4275
2022-12-27 19:00:00,436.355,39272.12
2022-12-27 20:00:00,419.8475,38600.04
2022-12-27 21:00:00,400.9175,37170.58
2022-12-27 22:00:00,394.8525,34902.8775
2022-12-27 23:00:00,398.805,31408.595
2022-12-28 00:00:00,381.4625,30057.245
2022-12-28 01:00:00,356.78,29375.9325
2022-12-28 02:00:00,347.76,29072.725
2022-12-28 03:00:00,350.8275,28294.35
2022-12-28 04:00:00,358.8825,28035.747499999998
2022-12-28 05:00:00,361.885,27853.07
2022-12-28 06:00:00,363.445,26568.7125
2022-12-28 07:00:00,410.4175,27144.7825
2022-12-28 08:00:00,469.4825,28968.93
2022-12-28 09:00:00,430.9,26520.855
2022-12-28 10:00:00,364.55499999999995,23120.1875
2022-12-28 11:00:00,301.195,20395.432500000003
2022-12-28 12:00:00,185.1675,19379.74
2022-12-28 13:00:00,268.5425,19007.16
2022-12-28 14:00:00,309.3025,19929.760000000002
2022-12-28 15:00:00,417.115,22505.817499999997
2022-12-28 16:00:00,530.6400000000001,24459.98
2022-12-28 17:00:00,556.435,31006.697500000002
2022-12-28 18:00:00,522.9475,35795.175
2022-12-28 19:00:00,477.5775,36777.9975
2022-12-28 20:00:00,442.44,38741.405
2022-12-28 21:00:00,405.265,39642.5025
2022-12-28 22:00:00,389.075,38040.3575
2022-12-28 23:00:00,385.84250000000003,32960.66
2022-12-29 00:00:00,386.635,29418.06
2022-12-29 01:00:00,357.125,26458.9375
2022-12-29 02:00:00,307.0275,23929.7175
2022-12-29 03:00:00,272.7025,22582.59
2022-12-29 04:00:00,301.3675,21081.9375
2022-12-29 05:00:00,337.52,21132.7125
2022-12-29 06:00:00,361.53249999999997,23322.1725
2022-12-29 07:00:00,451.335,27493.7275
2022-12-29 08:00:00,520.4350000000001,29459.07
2022-12-29 09:00:00,462.9575,23101.98
2022-12-29 10:00:00,278.47249999999997,20884.1825
2022-12-29 11:00:00,113.82,20601.705
2022-12-29 12:00:00,-40.8,19711.6025
2022-12-29 13:00:00,15.28,20166.5425
2022-12-29 14:00:00,110.39249999999998,24030.2975
2022-12-29 15:00:00,388.7825,26639.025
2022-12-29 16:00:00,565.5675,30451.86
2022-12-29 17:00:00,654.5074999999999,41267.7825
2022-12-29 18:00:00,602.5350000000001,47559.9975
2022-12-29 19:00:00,556.485,48248.5025
2022-12-29 20:00:00,534.1025,48146.3825
2022-12-29 21:00:00,493.15500000000003,46965.104999999996
2022-12-29 22:00:00,446.6475,44123.055
2022-12-29 23:00:00,433.7675,39626.265
2022-12-30 00:00:00,419.4425,36289.71
2022-12-30 01:00:00,407.185,34116.5375
2022-12-30 02:00:00,376.1625,32299.7325
2022-12-30 03:00:00,354.1675,30944.7625
2022-12-30 04:00:00,364.04,30123.114999999998
2022-12-30 05:00:00,383.81,29998.3575
2022-12-30 06:00:00,395.11749999999995,30327.11
2022-12-30 07:00:00,463.1275,32418.1375
2022-12-30 08:00:00,540.8625000000001,33223.8125
2022-12-30 09:00:00,502.0675,27773.3725
2022-12-30 10:00:00,379.52250000000004,22467.575
2022-12-30 11:00:00,269.9075,22382.614999999998
2022-12-30 12:00:00,138.78750000000002,21360.0425
2022-12-30 13:00:00,168.54500000000002,21269.0975
2022-12-30 14:00:00,244.685,23222.870000000003
2022-12-30 15:00:00,424.8225,26201.235
2022-12-30 16:00:00,567.065,31455.32
2022-12-30 17:00:00,639.59,41509.535
2022-12-30 18:00:00,584.945,45299.7775
2022-12-30 19:00:00,521.365,44625.405
2022-12-30 20:00:00,486.96,43913.765
2022-12-30 21:00:00,419.0625,42648.5225
2022-12-30 22:00:00,304.0775,39767.802500000005
2022-12-30 23:00:00,261.06,36239.1775
2022-12-31 00:00:00,143.81,33465.9275
2022-12-31 01:00:00,83.11749999999999,32855.56
2022-12-31 02:00:00,-17.6,32855.64
2022-12-31 03:00:00,-72.1575,33255.9975
2022-12-31 04:00:00,-32.87,33573.925
2022-12-31 05:00:00,15.540000000000001,34821.802500000005
2022-12-31 06:00:00,45.385000000000005,36666.545
2022-12-31 07:00:00,233.77750000000003,40574.5675
2022-12-31 08:00:00,432.8675,45263.1575
2022-12-31 09:00:00,380.8775,46338.265
2022-12-31 10:00:00,167.04500000000002,45488.6
2022-12-31 11:00:00,64.22749999999999,43211.6975
2022-12-31 12:00:00,-47.480000000000004,38439.082500000004
2022-12-31 13:00:00,-80.0,34218.99
2022-12-31 14:00:00,56.162499999999994,33316.35
2022-12-31 15:00:00,408.1125,34126.63
2022-12-31 16:00:00,673.4175,40602.3125
2022-12-31 17:00:00,799.0625,47982.8225
2022-12-31 18:00:00,752.0350000000001,50132.9825
2022-12-31 19:00:00,709.66,48853.6525
2022-12-31 20:00:00,677.54,47303.8275
2022-12-31 21:00:00,575.605,44272.815
2022-12-31 22:00:00,493.5375,40105.65
2022-12-31 23:00:00,472.86,35173.415
2023-01-01 00:00:00,413.25,31278.0275
2023-01-01 01:00:00,386.44,29074.9725
2023-01-01 02:00:00,366.2,28245.3725
2023-01-01 03:00:00,354.9,26552.49
2023-01-01 04:00:00,353.90500000000003,25662.8075
2023-01-01 05:00:00,353.72,25118.625
2023-01-01 06:00:00,351.6425,25987.8325
2023-01-01 07:00:00,371.51250000000005,29094.0175
2023-01-01 08:00:00,402.8675,29827.645
2023-01-01 09:00:00,361.8175,24165.985
2023-01-01 10:00:00,303.69500000000005,23206.17
2023-01-01 11:00:00,297.2525,23378.9825
2023-01-01 12:00:00,224.425,23368.377500000002
2023-01-01 13:00:00,234.855,24593.989999999998
2023-01-01 14:00:00,264.16,27038.995
2023-01-01 15:00:00,359.6275,29643.864999999998
2023-01-01 16:00:00,457.1825,32669.005
2023-01-01 17:00:00,505.35249999999996,42459.957500000004
2023-01-01 18:00:00,472.4,48832.1875
2023-01-01 19:00:00,462.71750000000003,49649.3825
2023-01-01 20:00:00,471.99,49708.0075
2023-01-01 21:00:00,423.83750000000003,47793.5175
2023-01-01 22:00:00,385.08500000000004,42971.582500000004
2023-01-01 23:00:00,393.7025,37614.130000000005
2023-01-02 00:00:00,434.805,33008.9725
2023-01-02 01:00:00,432.2425,29885.5325
2023-01-02 02:00:00,416.66999999999996,27983.1525
2023-01-02 03:00:00,410.72,26816.3
2023-01-02 04:00:00,412.9375,26762.510000000002
2023-01-02 05:00:00,416.4675,28393.2525
2023-01-02 06:00:00,413.5825,30568.53
2023-01-02 07:00:00,433.46,34542.8175
2023-01-02 08:00:00,469.765,36727.0575
2023-01-02 09:00:00,428.1675,31844.317499999997
2023-01-02 10:00:00,375.305,26595.395
2023-01-02 11:00:00,341.0175,24043.5525
2023-01-02 12:00:00,266.5775,23737.0625
2023-01-02 13:00:00,288.725,24245.105
2023-01-02 14:00:00,321.925,25607.7375
2023-01-02 15:00:00,413.29499999999996,30218.7675
2023-01-02 16:00:00,500.76500000000004,39395.0175
2023-01-02 17:00:00,544.24,48466.8825
2023-01-02 18:00:00,520.3025,51016.9275
2023-01-02 19:00:00,502.18,48365.44
2023-01-02 20:00:00,499.38750000000005,44893.875
2023-01-02 21:00:00,457.02750000000003,40141.59
2023-01-02 22:00:00,424.685,34494.11
2023-01-02 23:00:00,422.335,30258.4225
2023-01-03 00:00:00,433.4125,26052.1675
2023-01-03 01:00:00,424.345,24284.1025
2023-01-03 02:00:00,411.14,23331.1775
2023-01-03 03:00:00,404.40500000000003,24179.7725
2023-01-03 04:00:00,408.7575,25050.645
2023-01-03 05:00:00,415.9675,25536.5175
2023-01-03 06:00:00,423.7125,26051.8775
2023-01-03 07:00:00,486.5625,30892.9875
2023-01-03 08:00:00,564.4125,33205.5625
2023-01-03 09:00:00,497.65,29136.2275
2023-01-03 10:00:00,430.7875,25458.8875
2023-01-03 11:00:00,391.0425,22498.05
2023-01-03 12:00:00,313.9475,21519.965
2023-01-03 13:00:00,351.0775,22280.8825
2023-01-03 14:00:00,372.445,26100.28
2023-01-03 15:00:00,438.0125,29741.4025
2023-01-03 16:00:00,505.6925,36077.54
2023-01-03 17:00:00,548.2149999999999,44374.2025
2023-01-03 18:00:00,519.2624999999999,47860.0775
2023-01-03 19:00:00,485.8975,48168.2625
2023-01-03 20:00:00,472.65500000000003,48408.085
2023-01-03 21:00:00,427.32500000000005,45826.3875
2023-01-03 22:00:00,389.78999999999996,42543.61
2023-01-03 23:00:00,385.005,40297.5025
2023-01-04 00:00:00,407.37,36127.675
2023-01-04 01:00:00,410.165,33588.9375
2023-01-04 02:00:00,405.63750000000005,32077.2775
2023-01-04 03:00:00,403.725,31085.75
2023-01-04 04:00:00,407.045,30264.265
2023-01-04 05:00:00,412.255,29643.2175
2023-01-04 06:00:00,418.8025,29678.7825
2023-01-04 07:00:00,455.7975,33607.509999999995
2023-01-04 08:00:00,557.1,35047.9925
2023-01-04 09:00:00,540.75,28849.4575
2023-01-04 10:00:00,492.335,24499.587499999998
2023-01-04 11:00:00,466.8325,21760.5675
2023-01-04 12:00:00,444.40500000000003,19461.725
2023-01-04 13:00:00,445.2375,19764.0825
2023-01-04 14:00:00,448.08500000000004,20869.54
2023-01-04 15:00:00,493.09499999999997,24533.3475
2023-01-04 16:00:00,561.6925,30416.5375
2023-01-04 17:00:00,593.3275,35462.744999999995
2023-01-04 18:00:00,545.3349999999999,36346.515
2023-01-04 19:00:00,517.8275,34431.917499999996
2023-01-04 20:00:00,515.0625,33475.380000000005
2023-01-04 21:00:00,472.2525,31792.16
2023-01-04 22:00:00,444.48,29369.2675
2023-01-04 23:00:00,440.9,28971.06
2023-01-05 00:00:00,414.2825,27173.3625
2023-01-05 01:00:00,400.825,26419.1575
2023-01-05 02:00:00,395.5125,27149.225
2023-01-05 03:00:00,392.845,28180.82
2023-01-05 04:00:00,395.11749999999995,29340.3925
2023-01-05 05:00:00,400.9125,30883.655
2023-01-05 06:00:00,412.0725,32638.8925
2023-01-05 07:00:00,463.415,38077.665
2023-01-05 08:00:00,557.3875,42111.520000000004
2023-01-05 09:00:00,524.2225,37362.3375
2023-01-05 10:00:00,467.355,32971.619999999995
2023-01-05 11:00:00,443.255,31630.0075
2023-01-05 12:00:00,424.335,27275.052499999998
2023-01-05 13:00:00,426.65,27768.255
2023-01-05 14:00:00,432.96,29349.559999999998
2023-01-05 15:00:00,485.4,33600.435
2023-01-05 16:00:00,547.21,41378.557499999995
2023-01-05 17:00:00,553.0475,46589.5275
2023-01-05 18:00:00,485.6925,48395.0875
2023-01-05 19:00:00,447.2925,46925.42
2023-01-05 20:00:00,435.085,46568.84
2023-01-05 21:00:00,401.1975,45128.6325
2023-01-05 22:00:00,368.95500000000004,42401.885
2023-01-05 23:00:00,341.98249999999996,38675.99
2023-01-06 00:00:00,122.13749999999999,32213.0975
2023-01-06 01:00:00,48.11,27836.8575
2023-01-06 02:00:00,44.707499999999996,24046.125
2023-01-06 03:00:00,44.2375,21313.142499999998
2023-01-06 04:00:00,50.612500000000004,20926.005
2023-01-06 05:00:00,62.22500000000001,21269.8875
2023-01-06 06:00:00,81.5925,22285.83
2023-01-06 07:00:00,191.675,25072.65
2023-01-06 08:00:00,390.9925,28664.317499999997
2023-01-06 09:00:00,228.0,24529.1725
2023-01-06 10:00:00,121.9275,21507.1525
2023-01-06 11:00:00,90.3925,21454.1175
2023-01-06 12:00:00,1.5574999999999992,22402.4025
2023-01-06 13:00:00,30.0175,24529.9975
2023-01-06 14:00:00,67.445,26496.185
2023-01-06 15:00:00,147.67,30087.8575
2023-01-06 16:00:00,353.355,36450.09
2023-01-06 17:00:00,441.3,41749.5525
2023-01-06 18:00:00,355.13750000000005,44437.4125
2023-01-06 19:00:00,350.155,43421.457500000004
2023-01-06 20:00:00,361.085,43465.7525
2023-01-06 21:00:00,220.70499999999998,42619.865
2023-01-06 22:00:00,171.04999999999998,41624.7675
2023-01-06 23:00:00,199.11249999999998,41464.575
2023-01-07 00:00:00,195.39499999999998,38570.6775
2023-01-07 01:00:00,180.1625,38146.62
2023-01-07 02:00:00,171.3425,37599.37
2023-01-07 03:00:00,173.68,36944.8
2023-01-07 04:00:00,186.26,36739.81
2023-01-07 05:00:00,204.52,37752.575
2023-01-07 06:00:00,227.22500000000002,38743.08
2023-01-07 07:00:00,390.545,44256.705
2023-01-07 08:00:00,670.8125,51341.0275
2023-01-07 09:00:00,516.0275,50352.9375
2023-01-07 10:00:00,319.555,47656.6775
2023-01-07 11:00:00,243.97,49173.685
2023-01-07 12:00:00,199.9075,46784.692500000005
2023-01-07 13:00:00,215.5375,46660.384999999995
2023-01-07 14:00:00,220.315,46146.06
2023-01-07 15:00:00,386.2975,49394.5025
2023-01-07 16:00:00,557.615,52212.37
2023-01-07 17:00:00,598.5825,51097.775
2023-01-07 18:00:00,417.0375,51625.725
2023-01-07 19:00:00,277.125,50571.56
2023-01-07 20:00:00,205.945,50224.28
2023-01-07 21:00:00,138.75,48339.4675
2023-01-07 22:00:00,70.4125,45663.337499999994
2023-01-07 23:00:00,63.4225,44639.775
2023-01-08 00:00:00,57.457499999999996,41593.8625
2023-01-08 01:00:00,38.34,39827.035
2023-01-08 02:00:00,41.2425,38529.69
2023-01-08 03:00:00,46.2475,37325.192500000005
2023-01-08 04:00:00,55.625,36825.175
2023-01-08 05:00:00,68.0775,36857.9925
2023-01-08 06:00:00,96.43249999999999,37206.3425
2023-01-08 07:00:00,244.64249999999998,42367.075
2023-01-08 08:00:00,415.5625,46807.2825
2023-01-08 09:00:00,373.5475,43891.994999999995
2023-01-08 10:00:00,205.8775,39328.7825
2023-01-08 11:00:00,127.67,37000.0375
2023-01-08 12:00:00,99.6425,32928.695
2023-01-08 13:00:00,116.83500000000001,34297.03
2023-01-08 14:00:00,151.8775,34846.51
2023-01-08 15:00:00,364.625,40628.175
2023-01-08 16:00:00,574.625,46140.7175
2023-01-08 17:00:00,737.6500000000001,49124.8825
2023-01-08 18:00:00,539.425,49922.75
2023-01-08 19:00:00,415.995,47769.41
2023-01-08 20:00:00,373.74,46851.3825
2023-01-08 21:00:00,210.34,45504.5925
2023-01-08 22:00:00,102.07,43325.8925
2023-01-08 23:00:00,77.0675,42959.4275
2023-01-09 00:00:00,30.3875,41460.4725
2023-01-09 01:00:00,-21.25,40374.32
2023-01-09 02:00:00,-32.75,39334.302500000005
2023-01-09 03:00:00,-38.597500000000004,38550.7675
2023-01-09 04:00:00,-70.1575,38661.305
2023-01-09 05:00:00,-6.125,39373.965
2023-01-09 06:00:00,39.3125,39461.9675
2023-01-09 07:00:00,114.2675,44099.6275
2023-01-09 08:00:00,307.4975,46584.332500000004
2023-01-09 09:00:00,181.8375,40593.3
2023-01-09 10:00:00,108.34,35535.4075
2023-01-09 11:00:00,96.62,34167.17
2023-01-09 12:00:00,71.2,29778.2075
2023-01-09 13:00:00,84.52250000000001,30120.2425
2023-01-09 14:00:00,88.99000000000001,30507.4225
2023-01-09 15:00:00,245.0725,35714.74
2023-01-09 16:00:00,415.235,41873.7725
2023-01-09 17:00:00,533.48,46029.1
2023-01-09 18:00:00,457.575,47020.85
2023-01-09 19:00:00,432.5225,44288.6075
2023-01-09 20:00:00,451.4675,43299.1025
2023-01-09 21:00:00,401.235,41638.955
2023-01-09 22:00:00,354.055,38229.57
2023-01-09 23:00:00,352.105,37573.2175
2023-01-10 00:00:00,284.09499999999997,34377.3025
2023-01-10 01:00:00,209.7525,32540.6475
2023-01-10 02:00:00,181.07999999999998,30489.87
2023-01-10 03:00:00,180.89749999999998,29088.2575
2023-01-10 04:00:00,239.54500000000002,28512.114999999998
2023-01-10 05:00:00,314.0525,29140.1
2023-01-10 06:00:00,366.74,28494.9
2023-01-10 07:00:00,481.91999999999996,30659.572500000002
2023-01-10 08:00:00,657.855,30474.4025
2023-01-10 09:00:00,492.75,25629.01
2023-01-10 10:00:00,382.44,22468.82
2023-01-10 11:00:00,305.98,22162.5125
2023-01-10 12:00:00,200.815,21847.5775
2023-01-10 13:00:00,248.84749999999997,22010.38
2023-01-10 14:00:00,297.48,22807.2025
2023-01-10 15:00:00,429.85249999999996,24905.235
2023-01-10 16:00:00,597.6225000000001,28576.865
2023-01-10 17:00:00,767.71,33614.9225
2023-01-10 18:00:00,625.085,34659.95
2023-01-10 19:00:00,498.20500000000004,32888.375
2023-01-10 20:00:00,456.8725,33846.0775
2023-01-10 21:00:00,386.4975,34465.7725
2023-01-10 22:00:00,316.3125,34176.159999999996
2023-01-10 23:00:00,261.925,34789.305
2023-01-11 00:00:00,233.4875,32382.64
2023-01-11 01:00:00,230.625,31339.4075
2023-01-11 02:00:00,208.935,31191.4575
2023-01-11 03:00:00,197.105,31599.2575
2023-01-11 04:00:00,209.60999999999999,32533.9775
2023-01-11 05:00:00,216.1875,34206.572499999995
2023-01-11 06:00:00,272.1125,36244.695
2023-01-11 07:00:00,442.985,41651.4925
2023-01-11 08:00:00,669.4125,46203.405
2023-01-11 09:00:00,517.0125,43625.5025
2023-01-11 10:00:00,379.065,40119.770000000004
2023-01-11 11:00:00,259.4325,38273.6325
2023-01-11 12:00:00,168.495,33748.485
2023-01-11 13:00:00,168.41750000000002,34795.1425
2023-01-11 14:00:00,207.135,34892.6325
2023-01-11 15:00:00,367.3325,38790.635
2023-01-11 16:00:00,459.5775,42634.9975
2023-01-11 17:00:00,552.86,43748.025
2023-01-11 18:00:00,473.4375,44331.6425
2023-01-11 19:00:00,403.1375,42531.9425
2023-01-11 20:00:00,383.615,42152.34
2023-01-11 21:00:00,273.48,40535.965
2023-01-11 22:00:00,178.6825,38598.4125
2023-01-11 23:00:00,159.765,39099.475
2023-01-12 00:00:00,125.57749999999999,37442.649999999994
2023-01-12 01:00:00,117.4825,36467.1625
2023-01-12 02:00:00,146.195,35577.4225
2023-01-12 03:00:00,165.67249999999999,35416.01
2023-01-12 04:00:00,191.81,36129.457500000004
2023-01-12 05:00:00,195.27,37135.6425
2023-01-12 06:00:00,194.45499999999998,38666.5325
2023-01-12 07:00:00,350.085,43998.604999999996
2023-01-12 08:00:00,528.38,49745.4925
2023-01-12 09:00:00,499.14750000000004,49009.090000000004
2023-01-12 10:00:00,481.95,47925.847499999996
2023-01-12 11:00:00,506.19999999999993,47335.31
2023-01-12 12:00:00,464.3875,42586.785
2023-01-12 13:00:00,469.5025,41383.6225
2023-01-12 14:00:00,499.155,40711.61
2023-01-12 15:00:00,584.185,45068.8975
2023-01-12 16:00:00,582.9399999999999,48295.4
2023-01-12 17:00:00,583.0975,49268.8225
2023-01-12 18:00:00,562.8199999999999,50267.5475
2023-01-12 19:00:00,567.49,48026.4
2023-01-12 20:00:00,591.6725,47597.457500000004
2023-01-12 21:00:00,484.4475,45417.8475
2023-01-12 22:00:00,405.845,43276.442500000005
2023-01-12 23:00:00,387.2975,43341.065
2023-01-13 00:00:00,391.87,41990.28
2023-01-13 01:00:00,378.2975,40729.8025
2023-01-13 02:00:00,350.6175,38910.665
2023-01-13 03:00:00,343.8875,36771.572499999995
2023-01-13 04:00:00,320.83,35355.225
2023-01-13 05:00:00,260.815,35814.695
2023-01-13 06:00:00,285.22,40123.667499999996
2023-01-13 07:00:00,478.20000000000005,47224.0075
2023-01-13 08:00:00,662.7925,49358.13
2023-01-13 09:00:00,649.8075,47734.34
2023-01-13 10:00:00,733.9225,45045.207500000004
2023-01-13 11:00:00,692.67,44472.21
2023-01-13 12:00:00,585.605,41367.445
2023-01-13 13:00:00,525.875,43314.6925
2023-01-13 14:00:00,460.875,44762.4325
2023-01-13 15:00:00,440.16249999999997,47456.72
2023-01-13 16:00:00,385.8875,50154.795
2023-01-13 17:00:00,363.995,51354.9125
2023-01-13 18:00:00,266.8775,51763.0
2023-01-13 19:00:00,123.9,49370.479999999996
2023-01-13 20:00:00,73.47,49070.042499999996
2023-01-13 21:00:00,-0.1875,47898.1125
2023-01-13 22:00:00,-65.8125,46445.465000000004
2023-01-13 23:00:00,-80.0,46653.655
2023-01-14 00:00:00,-80.0,43880.4625
2023-01-14 01:00:00,-80.0,42539.155
2023-01-14 02:00:00,-80.0,41348.775
2023-01-14 03:00:00,-80.0,40639.245
2023-01-14 04:00:00,-80.0,40319.26
2023-01-14 05:00:00,-80.0,41983.5975
2023-01-14 06:00:00,-80.0,44354.2025
2023-01-14 07:00:00,-14.3,46844.565
2023-01-14 08:00:00,163.495,52531.595
2023-01-14 09:00:00,157.59,54057.332500000004
2023-01-14 10:00:00,182.265,55566.565
2023-01-14 11:00:00,248.5275,58005.59
2023-01-14 12:00:00,180.6275,59063.295
2023-01-14 13:00:00,166.93,59969.6875
2023-01-14 14:00:00,131.905,57947.2275
2023-01-14 15:00:00,220.9075,57100.095
2023-01-14 16:00:00,265.735,54784.3775
2023-01-14 17:00:00,280.89,54372.065
2023-01-14 18:00:00,248.5625,55219.085
2023-01-14 19:00:00,305.4175,52790.3375
2023-01-14 20:00:00,375.1075,50972.04
2023-01-14 21:00:00,276.23,47892.375
2023-01-14 22:00:00,156.255,45685.18
2023-01-14 23:00:00,97.78,45877.4525
2023-01-15 00:00:00,89.0,43963.9625
2023-01-15 01:00:00,54.072500000000005,42585.71
2023-01-15 02:00:00,46.9375,41599.042499999996
2023-01-15 03:00:00,38.9375,40890.880000000005
2023-01-15 04:00:00,41.5625,40888.2025
2023-01-15 05:00:00,51.1875,41725.9825
2023-01-15 06:00:00,94.7075,43748.835
2023-01-15 07:00:00,279.2475,49633.5375
2023-01-15 08:00:00,376.755,55919.095
2023-01-15 09:00:00,357.14250000000004,54922.8175
2023-01-15 10:00:00,236.7575,51649.2625
2023-01-15 11:00:00,243.99,50452.32
2023-01-15 12:00:00,157.0225,45195.2175
2023-01-15 13:00:00,179.39249999999998,44654.807499999995
2023-01-15 14:00:00,193.405,44273.845
2023-01-15 15:00:00,375.745,47819.425
2023-01-15 16:00:00,541.645,50834.505
2023-01-15 17:00:00,603.2850000000001,50788.975
2023-01-15 18:00:00,592.38,51119.1375
2023-01-15 19:00:00,628.805,48468.837499999994
2023-01-15 20:00:00,671.5825,47214.4925
2023-01-15 21:00:00,557.7225,45180.1525
2023-01-15 22:00:00,466.225,43382.87
2023-01-15 23:00:00,404.13,43385.42
2023-01-16 00:00:00,378.74,41426.4175
2023-01-16 01:00:00,368.545,40827.765
2023-01-16 02:00:00,360.635,40678.0
2023-01-16 03:00:00,358.645,40161.61
2023-01-16 04:00:00,366.98,40319.045
2023-01-16 05:00:00,384.755,40799.582500000004
2023-01-16 06:00:00,413.45000000000005,40208.3275
2023-01-16 07:00:00,462.96,44110.1525
2023-01-16 08:00:00,511.09749999999997,49334.3925
2023-01-16 09:00:00,450.41499999999996,47123.207500000004
2023-01-16 10:00:00,392.03,46381.7
2023-01-16 11:00:00,376.05,49661.7575
2023-01-16 12:00:00,366.32,47782.74
2023-01-16 13:00:00,377.77,50377.125
2023-01-16 14:00:00,386.955,48951.4075
2023-01-16 15:00:00,449.7825,50121.79
2023-01-16 16:00:00,541.3675000000001,50898.5
2023-01-16 17:00:00,547.3275,50049.275
2023-01-16 18:00:00,519.18,49439.880000000005
2023-01-16 19:00:00,496.2225,47026.1175
2023-01-16 20:00:00,479.73,46196.2725
2023-01-16 21:00:00,430.59250000000003,44930.197499999995
2023-01-16 22:00:00,389.025,43777.115
2023-01-16 23:00:00,365.975,44066.045
2023-01-17 00:00:00,366.5175,41844.5475
2023-01-17 01:00:00,363.0075,40367.21
2023-01-17 02:00:00,358.625,38599.885
2023-01-17 03:00:00,359.04,36229.3025
2023-01-17 04:00:00,363.25,35329.7425
2023-01-17 05:00:00,375.1675,35217.83
2023-01-17 06:00:00,390.93,34344.402500000004
2023-01-17 07:00:00,410.90749999999997,37557.6975
2023-01-17 08:00:00,435.5525,44406.7225
2023-01-17 09:00:00,405.7975,47197.5425
2023-01-17 10:00:00,372.37,48593.4775
2023-01-17 11:00:00,361.6425,52216.8275
2023-01-17 12:00:00,352.85749999999996,49993.655
2023-01-17 13:00:00,353.3,50955.4075
2023-01-17 14:00:00,359.07500000000005,46556.2125
2023-01-17 15:00:00,391.16499999999996,43072.21
2023-01-17 16:00:00,467.41999999999996,40326.42
2023-01-17 17:00:00,551.1375,38248.55
2023-01-17 18:00:00,565.8875,37098.2775
2023-01-17 19:00:00,566.3050000000001,34419.9925
2023-01-17 20:00:00,568.9875,33115.25
2023-01-17 21:00:00,515.44,31782.362500000003
2023-01-17 22:00:00,457.0825,30064.7375
2023-01-17 23:00:00,428.0875,30554.8325
2023-01-18 00:00:00,428.2025,27973.025
2023-01-18 01:00:00,430.18,26273.5175
2023-01-18 02:00:00,430.9775,25338.114999999998
2023-01-18 03:00:00,439.305,25393.2625
2023-01-18 04:00:00,446.3575,26108.815
2023-01-18 05:00:00,454.425,27837.335
2023-01-18 06:00:00,491.97,31176.145
2023-01-18 07:00:00,529.6324999999999,36984.455
2023-01-18 08:00:00,507.315,40478.7075
2023-01-18 09:00:00,428.1275,35639.365000000005
2023-01-18 10:00:00,288.0425,30820.235
2023-01-18 11:00:00,2.25,27181.9875
2023-01-18 12:00:00,-80.0,23618.4925
2023-01-18 13:00:00,-80.0,26273.29
2023-01-18 14:00:00,85.0,27139.8425
2023-01-18 15:00:00,338.65999999999997,29209.7125
2023-01-18 16:00:00,446.595,35422.7075
2023-01-18 17:00:00,468.5625,41556.0475
2023-01-18 18:00:00,454.165,45342.4925
2023-01-18 19:00:00,433.9425,44112.725
2023-01-18 20:00:00,419.95750000000004,44125.805
2023-01-18 21:00:00,395.6025,42853.965
2023-01-18 22:00:00,368.19,40755.06
2023-01-18 23:00:00,148.5175,41503.649999999994
2023-01-19 00:00:00,-40.6125,39913.88
2023-01-19 01:00:00,-80.0,38767.4775
2023-01-19 02:00:00,-80.0,37691.417499999996
2023-01-19 03:00:00,-80.0,37027.8025
2023-01-19 04:00:00,232.95999999999998,38252.725000000006
2023-01-19 05:00:00,405.7625,40693.31
2023-01-19 06:00:00,494.7175,43470.3225
2023-01-19 07:00:00,558.4,48352.6275
2023-01-19 08:00:00,559.665,49174.3625
2023-01-19 09:00:00,282.115,40622.85
2023-01-19 10:00:00,-12.25,34064.5175
2023-01-19 11:00:00,-80.0,32706.79
2023-01-19 12:00:00,-80.0,31335.6125
2023-01-19 13:00:00,-80.0,36642.9675
2023-01-19 14:00:00,-80.0,40266.85
2023-01-19 15:00:00,10.900000000000002,45060.8325
2023-01-19 16:00:00,401.05,48593.932499999995
2023-01-19 17:00:00,576.0725,48962.55
2023-01-19 18:00:00,578.065,50303.5025
2023-01-19 19:00:00,555.6899999999999,47549.6425
2023-01-19 20:00:00,533.4225,46657.087499999994
2023-01-19 21:00:00,458.6925,43672.5125
2023-01-19 22:00:00,281.4225,40883.3625
2023-01-19 23:00:00,-2.4949999999999974,41736.7125
2023-01-20 00:00:00,-80.0,39245.82
2023-01-20 01:00:00,-80.0,38368.9
2023-01-20 02:00:00,-80.0,37934.3925
2023-01-20 03:00:00,-80.0,37755.945
2023-01-20 04:00:00,-80.0,37833.03
2023-01-20 05:00:00,-80.0,38847.840000000004
2023-01-20 06:00:00,161.875,40850.042499999996
2023-01-20 07:00:00,395.65,45111.175
2023-01-20 08:00:00,461.52,45205.6575
2023-01-20 09:00:00,56.614999999999995,38858.1775
2023-01-20 10:00:00,-80.0,34761.07
2023-01-20 11:00:00,-80.0,34520.19
2023-01-20 12:00:00,-80.0,30765.825
2023-01-20 13:00:00,-80.0,32027.255
2023-01-20 14:00:00,-80.0,33446.69
2023-01-20 15:00:00,114.625,38728.807499999995
2023-01-20 16:00:00,551.005,45572.5975
2023-01-20 17:00:00,806.6,50020.455
2023-01-20 18:00:00,863.0825,52491.165
2023-01-20 19:00:00,863.6700000000001,50024.4675
2023-01-20 20:00:00,862.05,49274.395
2023-01-20 21:00:00,737.1175,47725.485
2023-01-20 22:00:00,582.0225,45469.385
2023-01-20 23:00:00,337.0475,46044.155
2023-01-21 00:00:00,391.81,44161.9075
2023-01-21 01:00:00,369.51,42649.545
2023-01-21 02:00:00,124.80499999999999,41270.244999999995
2023-01-21 03:00:00,-47.425,39910.9675
2023-01-21 04:00:00,-80.0,39339.2825
2023-01-21 05:00:00,-80.0,39806.192500000005
2023-01-21 06:00:00,131.26,41402.005
2023-01-21 07:00:00,324.9425,45321.3825
2023-01-21 08:00:00,371.1225,47125.7475
2023-01-21 09:00:00,33.205,42605.4875
2023-01-21 10:00:00,-80.0,40186.2875
2023-01-21 11:00:00,-80.0,38220.2725
2023-01-21 12:00:00,-80.0,33006.05
2023-01-21 13:00:00,-80.0,35340.2525
2023-01-21 14:00:00,-80.0,36700.1975
2023-01-21 15:00:00,13.862499999999999,42331.1025
2023-01-21 16:00:00,381.0375,47506.255000000005
2023-01-21 17:00:00,645.325,49468.5025
2023-01-21 18:00:00,696.0475,49166.3975
2023-01-21 19:00:00,683.1375,44577.6475
2023-01-21 20:00:00,683.115,42049.585
2023-01-21 21:00:00,734.6625,39575.695
2023-01-21 22:00:00,767.7875,36344.6125
2023-01-21 23:00:00,718.2775,36626.1725
2023-01-22 00:00:00,470.06,35407.9175
2023-01-22 01:00:00,368.7025,35067.42
2023-01-22 02:00:00,355.45,34814.9975
2023-01-22 03:00:00,355.4525,34473.045
2023-01-22 04:00:00,364.845,34941.93
2023-01-22 05:00:00,404.48,36304.2125
2023-01-22 06:00:00,452.9275,38503.165
2023-01-22 07:00:00,461.085,43630.0625
2023-01-22 08:00:00,449.565,49300.925
2023-01-22 09:00:00,397.47,48494.6075
2023-01-22 10:00:00,350.805,46382.2
2023-01-22 11:00:00,326.6275,43944.825
2023-01-22 12:00:00,55.1375,35615.92
2023-01-22 13:00:00,-52.925,35553.47
2023-01-22 14:00:00,227.74,36188.01
2023-01-22 15:00:00,338.15,42324.9625
2023-01-22 16:00:00,392.6875,47771.39
2023-01-22 17:00:00,468.3675,49798.509999999995
2023-01-22 18:00:00,486.9925,50886.555
2023-01-22 19:00:00,486.9375,48368.3725
2023-01-22 20:00:00,489.83,47059.095
2023-01-22 21:00:00,468.1025,45664.037500000006
2023-01-22 22:00:00,419.975,43049.99
2023-01-22 23:00:00,365.8825,43417.8275
2023-01-23 00:00:00,434.96500000000003,41829.975
2023-01-23 01:00:00,455.9375,41281.78
2023-01-23 02:00:00,426.63750000000005,40976.95
2023-01-23 03:00:00,404.4525,41062.3475
2023-01-23 04:00:00,386.8925,41560.895000000004
2023-01-23 05:00:00,379.71,42756.3925
2023-01-23 06:00:00,397.6275,42571.7225
2023-01-23 07:00:00,402.905,48041.2775
2023-01-23 08:00:00,408.86249999999995,54805.4625
2023-01-23 09:00:00,290.195,55866.7125
2023-01-23 10:00:00,2.4849999999999994,57235.9375
2023-01-23 11:00:00,-80.0,58791.2325
2023-01-23 12:00:00,-80.0,52360.4525
2023-01-23 13:00:00,-80.0,49876.8825
2023-01-23 14:00:00,-80.0,45448.2925
2023-01-23 15:00:00,-80.0,44998.1125
2023-01-23 16:00:00,172.5775,47758.295
2023-01-23 17:00:00,464.1225,47044.1125
2023-01-23 18:00:00,562.91,45585.8825
2023-01-23 19:00:00,566.68,41095.490000000005
2023-01-23 20:00:00,566.665,38058.4475
2023-01-23 21:00:00,571.7725,33126.08
2023-01-23 22:00:00,541.75,29571.1075
2023-01-23 23:00:00,442.555,28847.495
2023-01-24 00:00:00,189.4975,26440.49
2023-01-24 01:00:00,-31.25,26225.9
2023-01-24 02:00:00,-80.0,27261.1525
2023-01-24 03:00:00,-80.0,28868.72
2023-01-24 04:00:00,-80.0,31146.63
2023-01-24 05:00:00,-80.0,33464.9775
2023-01-24 06:00:00,94.0,34169.5125
2023-01-24 07:00:00,320.46500000000003,37996.265
2023-01-24 08:00:00,394.155,35827.785
2023-01-24 09:00:00,60.625,28442.57
2023-01-24 10:00:00,-73.125,25295.3275
2023-01-24 11:00:00,-80.0,26054.0975
2023-01-24 12:00:00,-80.0,24744.7725
2023-01-24 13:00:00,-80.0,25152.775
2023-01-24 14:00:00,-80.0,27663.515
2023-01-24 15:00:00,-16.325,29067.870000000003
2023-01-24 16:00:00,456.48249999999996,33549.159999999996
2023-01-24 17:00:00,818.15,42185.185
2023-01-24 18:00:00,878.3225,46969.1375
2023-01-24 19:00:00,860.01,45241.2025
2023-01-24 20:00:00,886.0975000000001,44549.2625
2023-01-24 21:00:00,885.335,42704.755000000005
2023-01-24 22:00:00,809.9375,40365.6575
2023-01-24 23:00:00,711.34,40673.84
2023-01-25 00:00:00,507.61,39455.0825
2023-01-25 01:00:00,432.4975,38420.785
2023-01-25 02:00:00,416.02,36652.707500000004
2023-01-25 03:00:00,399.7025,35271.4075
2023-01-25 04:00:00,389.88,35584.600000000006
2023-01-25 05:00:00,395.365,37513.91
2023-01-25 06:00:00,419.705,40194.2125
2023-01-25 07:00:00,443.5,43705.2575
2023-01-25 08:00:00,455.375,43501.485
2023-01-25 09:00:00,309.9375,36098.915
2023-01-25 10:00:00,5.1875,29676.145
2023-01-25 11:00:00,-80.0,27713.9675
2023-01-25 12:00:00,-80.0,24383.4075
2023-01-25 13:00:00,-80.0,25549.3425
2023-01-25 14:00:00,-80.0,26218.805
2023-01-25 15:00:00,5.875,31356.190000000002
2023-01-25 16:00:00,365.36249999999995,38288.355
2023-01-25 17:00:00,576.195,42545.615000000005
2023-01-25 18:00:00,590.51,44362.167499999996
2023-01-25 19:00:00,557.77,42087.84
2023-01-25 20:00:00,553.1225,41948.45
2023-01-25 21:00:00,546.325,40536.9775
2023-01-25 22:00:00,516.3225,40099.5325
2023-01-25 23:00:00,466.6175,41532.06
2023-01-26 00:00:00,408.52250000000004,39171.5075
2023-01-26 01:00:00,393.5425,38202.1675
2023-01-26 02:00:00,396.545,37672.945
2023-01-26 03:00:00,401.61,37513.4825
2023-01-26 04:00:00,413.15250000000003,38399.0775
2023-01-26 05:00:00,426.4875,40179.067500000005
2023-01-26 06:00:00,444.965,42559.3275
2023-01-26 07:00:00,464.255,46310.46
2023-01-26 08:00:00,478.90749999999997,47122.65
2023-01-26 09:00:00,456.9275,40426.03
2023-01-26 10:00:00,431.8125,35271.770000000004
2023-01-26 11:00:00,408.94,34245.97
2023-01-26 12:00:00,387.21,30405.412500000002
2023-01-26 13:00:00,369.71,32295.7525
2023-01-26 14:00:00,377.22249999999997,32818.7375
2023-01-26 15:00:00,393.6575,38300.53
2023-01-26 16:00:00,430.4975,44955.277500000004
2023-01-26 17:00:00,479.3375,49104.0125
2023-01-26 18:00:00,499.145,51063.94
2023-01-26 19:00:00,492.0425,48767.3975
2023-01-26 20:00:00,485.7825,48094.4175
2023-01-26 21:00:00,470.695,46321.885
2023-01-26 22:00:00,449.9675,43723.6375
2023-01-26 23:00:00,419.96000000000004,42943.35
2023-01-27 00:00:00,408.8375,39899.1175
2023-01-27 01:00:00,393.005,38326.475
2023-01-27 02:00:00,257.865,37469.7825
2023-01-27 03:00:00,-6.3825,36938.32
2023-01-27 04:00:00,-80.0,36494.2275
2023-01-27 05:00:00,-80.0,37274.58
2023-01-27 06:00:00,130.60000000000002,39178.6725
2023-01-27 07:00:00,410.53,43260.9875
2023-01-27 08:00:00,482.5475,46729.7975
2023-01-27 09:00:00,155.8975,44715.3675
2023-01-27 10:00:00,-48.305,43688.2725
2023-01-27 11:00:00,-80.0,44686.994999999995
2023-01-27 12:00:00,-80.0,40277.6775
2023-01-27 13:00:00,-80.0,41852.295
2023-01-27 14:00:00,-80.0,42580.9175
2023-01-27 15:00:00,6.25,43656.5125
2023-01-27 16:00:00,452.48749999999995,45167.832500000004
2023-01-27 17:00:00,754.595,46144.71
2023-01-27 18:00:00,840.5899999999999,47790.6125
2023-01-27 19:00:00,842.24,44431.6975
2023-01-27 20:00:00,847.745,42067.87
2023-01-27 21:00:00,780.7075,40440.86
2023-01-27 22:00:00,660.6025,38750.207500000004
2023-01-27 23:00:00,484.63,39076.2
2023-01-28 00:00:00,49.182500000000005,37816.345
2023-01-28 01:00:00,-80.0,37585.165
2023-01-28 02:00:00,-80.0,37334.765
2023-01-28 03:00:00,-80.0,37199.0975
2023-01-28 04:00:00,-80.0,38078.9875
2023-01-28 05:00:00,19.5475,40120.0625
2023-01-28 06:00:00,314.9975,43439.0375
2023-01-28 07:00:00,455.0325,48005.7125
2023-01-28 08:00:00,479.1925,48701.715000000004
2023-01-28 09:00:00,432.6425,43936.457500000004
2023-01-28 10:00:00,136.3625,40525.5875
2023-01-28 11:00:00,-49.245,39948.155
2023-01-28 12:00:00,-80.0,36921.33
2023-01-28 13:00:00,-80.0,38271.65
2023-01-28 14:00:00,87.76,38959.2175
2023-01-28 15:00:00,377.83,42915.5275
2023-01-28 16:00:00,564.4875000000001,47191.6725
2023-01-28 17:00:00,674.235,49752.5025
2023-01-28 18:00:00,698.2775,51743.9325
2023-01-28 19:00:00,665.5625,49698.0175
2023-01-28 20:00:00,635.1125000000001,49072.365
2023-01-28 21:00:00,532.595,47573.555
2023-01-28 22:00:00,455.615,45757.16
2023-01-28 23:00:00,271.24,45873.755
2023-01-29 00:00:00,-6.305,44103.7525
2023-01-29 01:00:00,-80.0,42835.465000000004
2023-01-29 02:00:00,-78.65,41244.8125
2023-01-29 03:00:00,70.52499999999999,39069.17
2023-01-29 04:00:00,137.1625,36065.927500000005
2023-01-29 05:00:00,295.5725,35105.505000000005
2023-01-29 06:00:00,389.7775,35945.395000000004
2023-01-29 07:00:00,461.8925,40884.182499999995
2023-01-29 08:00:00,483.01,43276.115000000005
2023-01-29 09:00:00,425.125,38361.417499999996
2023-01-29 10:00:00,110.255,34933.5825
2023-01-29 11:00:00,-57.05,33156.61
2023-01-29 12:00:00,-80.0,29994.9625
2023-01-29 13:00:00,-80.0,33639.479999999996
2023-01-29 14:00:00,-80.0,37237.0975
2023-01-29 15:00:00,252.6175,42693.0525
2023-01-29 16:00:00,523.285,46351.7575
2023-01-29 17:00:00,716.935,46673.425
2023-01-29 18:00:00,780.5225,48483.765
2023-01-29 19:00:00,761.835,46671.0925
2023-01-29 20:00:00,784.145,46325.832500000004
2023-01-29 21:00:00,737.6925,45730.175
2023-01-29 22:00:00,671.745,44786.2375
2023-01-29 23:00:00,592.9975,44190.4025
2023-01-30 00:00:00,451.62,42219.09
2023-01-30 01:00:00,395.75,41409.4025
2023-01-30 02:00:00,372.6875,40658.905
2023-01-30 03:00:00,352.1175,39906.5775
2023-01-30 04:00:00,326.5325,40085.24
2023-01-30 05:00:00,332.575,41128.6075
2023-01-30 06:00:00,361.4975,42483.6075
2023-01-30 07:00:00,410.425,45791.432499999995
2023-01-30 08:00:00,422.125,45024.6225
2023-01-30 09:00:00,195.4875,38676.7525
2023-01-30 10:00:00,-15.262499999999998,33520.729999999996
2023-01-30 11:00:00,-8.725,30548.0425
2023-01-30 12:00:00,-57.875,25250.015
2023-01-30 13:00:00,-80.0,26420.6675
2023-01-30 14:00:00,-59.375,27702.8525
2023-01-30 15:00:00,91.41,32696.965
2023-01-30 16:00:00,395.295,39618.395000000004
2023-01-30 17:00:00,544.8525,46143.365
2023-01-30 18:00:00,562.4525,51574.395
2023-01-30 19:00:00,516.42,50339.4725
2023-01-30 20:00:00,494.3975,50056.76
2023-01-30 21:00:00,430.6275,49520.715
2023-01-30 22:00:00,378.9675,47740.315
2023-01-30 23:00:00,258.89,47268.005
2023-01-31 00:00:00,294.8175,44116.69
2023-01-31 01:00:00,298.3775,42982.8925
2023-01-31 02:00:00,298.97249999999997,41999.3525
2023-01-31 03:00:00,339.575,41116.9325
2023-01-31 04:00:00,376.6325,41235.0275
2023-01-31 05:00:00,403.9125,42106.99
2023-01-31 06:00:00,433.955,41939.2225
2023-01-31 07:00:00,462.8325,44083.0975
2023-01-31 08:00:00,476.35499999999996,41157.795
2023-01-31 09:00:00,429.78,34990.1175
2023-01-31 10:00:00,375.22749999999996,31217.075
2023-01-31 11:00:00,355.5,30388.9825
2023-01-31 12:00:00,297.2525,26326.8525
2023-01-31 13:00:00,253.695,27915.465
2023-01-31 14:00:00,283.0625,27637.3875
2023-01-31 15:00:00,374.3775,31789.915
2023-01-31 16:00:00,457.35249999999996,37510.3175
2023-01-31 17:00:00,513.4675,42961.5675
2023-01-31 18:00:00,540.63,45498.9675
2023-01-31 19:00:00,513.615,42791.025
2023-01-31 20:00:00,493.08500000000004,40898.5775
2023-01-31 21:00:00,458.0875,37741.8125
2023-01-31 22:00:00,418.3825,34266.725
2023-01-31 23:00:00,306.0025,33708.2425
2023-02-01 00:00:00,7.944999999999993,31391.1325
2023-02-01 01:00:00,-80.0,30723.5375
2023-02-01 02:00:00,-80.0,30654.4525
2023-02-01 03:00:00,-80.0,30898.22
2023-02-01 04:00:00,-80.0,31781.41
2023-02-01 05:00:00,-80.0,33453.4325
2023-02-01 06:00:00,-80.0,35711.215
2023-02-01 07:00:00,57.80499999999999,38680.4925
2023-02-01 08:00:00,320.41499999999996,38988.229999999996
2023-02-01 09:00:00,118.5975,35170.9075
2023-02-01 10:00:00,-53.1875,29978.399999999998
2023-02-01 11:00:00,-23.6225,27519.785
2023-02-01 12:00:00,-61.207499999999996,22342.755
2023-02-01 13:00:00,-80.0,23337.4225
2023-02-01 14:00:00,48.31,23600.4675
2023-02-01 15:00:00,362.6025,27200.864999999998
2023-02-01 16:00:00,634.13,32801.6275
2023-02-01 17:00:00,722.595,36618.479999999996
2023-02-01 18:00:00,740.6475,38761.44
2023-02-01 19:00:00,740.15,36233.5325
2023-02-01 20:00:00,754.7625,35194.775
2023-02-01 21:00:00,743.2775,33212.3125
2023-02-01 22:00:00,736.245,31119.085
2023-02-01 23:00:00,722.7850000000001,31048.2
2023-02-02 00:00:00,478.9325,29401.32
2023-02-02 01:00:00,393.735,29063.112500000003
2023-02-02 02:00:00,386.0475,28378.8925
2023-02-02 03:00:00,384.7475,28663.035
2023-02-02 04:00:00,388.975,30054.2425
2023-02-02 05:00:00,396.1225,32339.515
2023-02-02 06:00:00,407.9525,35900.8875
2023-02-02 07:00:00,432.53499999999997,41239.1425
2023-02-02 08:00:00,462.0325,44225.4775
2023-02-02 09:00:00,451.7475,42012.875
2023-02-02 10:00:00,439.3275,40012.6175
2023-02-02 11:00:00,441.04499999999996,40260.875
2023-02-02 12:00:00,431.615,35991.6575
2023-02-02 13:00:00,434.025,36911.729999999996
2023-02-02 14:00:00,443.5425,38526.08
2023-02-02 15:00:00,464.2,41779.2625
2023-02-02 16:00:00,492.39,43732.155
2023-02-02 17:00:00,511.40999999999997,44227.935
2023-02-02 18:00:00,503.8675,45371.96
2023-02-02 19:00:00,484.4375,43736.33
2023-02-02 20:00:00,474.77500000000003,44300.41
2023-02-02 21:00:00,456.235,44399.3675
2023-02-02 22:00:00,438.325,43839.9025
2023-02-02 23:00:00,422.15999999999997,44206.832500000004
2023-02-03 00:00:00,432.095,42686.5125
2023-02-03 01:00:00,425.6875,41140.5025
2023-02-03 02:00:00,411.725,39454.04
2023-02-03 03:00:00,405.225,37692.5
2023-02-03 04:00:00,405.3175,36950.072499999995
2023-02-03 05:00:00,405.675,38847.115
2023-02-03 06:00:00,411.1375,41981.61
2023-02-03 07:00:00,432.49,46366.630000000005
2023-02-03 08:00:00,453.7525,47086.14
2023-02-03 09:00:00,441.48,41080.67
2023-02-03 10:00:00,426.75,34556.3575
2023-02-03 11:00:00,420.5175,30558.7175
2023-02-03 12:00:00,406.04499999999996,23322.0375
2023-02-03 13:00:00,409.33500000000004,23067.8575
2023-02-03 14:00:00,422.14250000000004,23338.34
2023-02-03 15:00:00,447.705,25209.32
2023-02-03 16:00:00,485.585,28280.114999999998
2023-02-03 17:00:00,512.01,33085.4625
2023-02-03 18:00:00,509.47999999999996,37955.215
2023-02-03 19:00:00,484.27,38518.3525
2023-02-03 20:00:00,469.0625,40974.36
2023-02-03 21:00:00,452.4375,41939.5225
2023-02-03 22:00:00,443.71500000000003,41076.9475
2023-02-03 23:00:00,436.9025,42355.3775
2023-02-04 00:00:00,421.625,40990.48
2023-02-04 01:00:00,413.34499999999997,40493.12
2023-02-04 02:00:00,408.3525,40207.2425
2023-02-04 03:00:00,405.07,40071.045
2023-02-04 04:00:00,406.805,40333.7825
2023-02-04 05:00:00,408.59250000000003,41304.345
2023-02-04 06:00:00,415.73,43108.495
2023-02-04 07:00:00,439.29999999999995,45264.3925
2023-02-04 08:00:00,458.925,42623.465
2023-02-04 09:00:00,436.75250000000005,36220.9075
2023-02-04 10:00:00,411.2675,31056.2575
2023-02-04 11:00:00,403.2475,29088.8675
2023-02-04 12:00:00,389.4475,23979.5475
2023-02-04 13:00:00,389.905,24009.25
2023-02-04 14:00:00,402.2475,23457.8325
2023-02-04 15:00:00,434.02250000000004,27103.905
2023-02-04 16:00:00,475.325,32871.1175
2023-02-04 17:00:00,499.92499999999995,37485.722499999996
2023-02-04 18:00:00,493.3225,39801.755
2023-02-04 19:00:00,468.585,35223.0675
2023-02-04 20:00:00,452.9575,32692.0475
2023-02-04 21:00:00,429.635,30657.6875
2023-02-04 22:00:00,414.585,29038.475
2023-02-04 23:00:00,406.245,29949.14
2023-02-05 00:00:00,397.8625,28245.76
2023-02-05 01:00:00,399.425,27987.6525
2023-02-05 02:00:00,394.14500000000004,27304.9325
2023-02-05 03:00:00,374.6975,27189.7725
2023-02-05 04:00:00,374.955,27552.735
2023-02-05 05:00:00,373.03000000000003,29375.79
2023-02-05 06:00:00,381.0875,31696.0375
2023-02-05 07:00:00,453.0525,35061.5775
2023-02-05 08:00:00,491.47249999999997,36271.695
2023-02-05 09:00:00,382.9825,35290.1475
2023-02-05 10:00:00,181.195,34500.075
2023-02-05 11:00:00,47.2775,34945.6775
2023-02-05 12:00:00,-54.7875,31128.2075
2023-02-05 13:00:00,-80.0,32681.829999999998
2023-02-05 14:00:00,-8.4725,32198.9825
2023-02-05 15:00:00,249.70749999999998,35633.2325
2023-02-05 16:00:00,499.8399999999999,39756.005
2023-02-05 17:00:00,640.2275,42532.3025
2023-02-05 18:00:00,643.415,44265.6175
2023-02-05 19:00:00,549.9375,41595.6125
2023-02-05 20:00:00,512.2825,39987.515
2023-02-05 21:00:00,483.0875,38510.475
2023-02-05 22:00:00,492.3875,37186.455
2023-02-05 23:00:00,515.985,37741.14
2023-02-06 00:00:00,380.89500000000004,36364.3825
2023-02-06 01:00:00,339.64,36091.595
2023-02-06 02:00:00,353.8725,36102.3525
2023-02-06 03:00:00,372.995,36288.557499999995
2023-02-06 04:00:00,392.625,37880.2925
2023-02-06 05:00:00,407.5425,39810.31
2023-02-06 06:00:00,423.34749999999997,41002.3075
2023-02-06 07:00:00,477.12,44299.545
2023-02-06 08:00:00,572.2825,43159.96
2023-02-06 09:00:00,501.26,37352.52
2023-02-06 10:00:00,451.65250000000003,34259.4975
2023-02-06 11:00:00,439.875,33964.707500000004
2023-02-06 12:00:00,418.96750000000003,29576.155
2023-02-06 13:00:00,417.5975,31684.525
2023-02-06 14:00:00,421.03999999999996,32080.605
2023-02-06 15:00:00,445.03249999999997,35588.955
2023-02-06 16:00:00,470.755,39861.655
2023-02-06 17:00:00,478.83750000000003,41869.345
2023-02-06 18:00:00,469.2275,43251.950000000004
2023-02-06 19:00:00,445.3225,40732.895000000004
2023-02-06 20:00:00,440.0,39482.0025
2023-02-06 21:00:00,430.69,38301.36
2023-02-06 22:00:00,433.48,37009.4025
2023-02-06 23:00:00,433.6475,37853.89
2023-02-07 00:00:00,403.3675,36201.5875
2023-02-07 01:00:00,382.7025,35219.207500000004
2023-02-07 02:00:00,371.7075,34738.205
2023-02-07 03:00:00,368.4975,34458.3575
2023-02-07 04:00:00,371.4375,35018.1725
2023-02-07 05:00:00,376.745,35547.765
2023-02-07 06:00:00,389.1625,35799.095
2023-02-07 07:00:00,418.63,38316.61
2023-02-07 08:00:00,460.725,36573.1175
2023-02-07 09:00:00,451.19,31162.5425
2023-02-07 10:00:00,433.13750000000005,27926.3275
2023-02-07 11:00:00,425.8725,26415.695
2023-02-07 12:00:00,409.23249999999996,21485.620000000003
2023-02-07 13:00:00,410.02,21907.87
2023-02-07 14:00:00,413.665,22163.39
2023-02-07 15:00:00,431.03499999999997,25552.3475
2023-02-07 16:00:00,459.40999999999997,29516.8725
2023-02-07 17:00:00,476.9375,32282.8325
2023-02-07 18:00:00,465.625,33404.68
2023-02-07 19:00:00,438.0475,30631.052499999998
2023-02-07 20:00:00,429.535,29329.0525
2023-02-07 21:00:00,420.3925,27221.76
2023-02-07 22:00:00,418.2375,25582.405
2023-02-07 23:00:00,413.4825,26385.567499999997
2023-02-08 00:00:00,422.01,24515.6375
2023-02-08 01:00:00,416.1025,23573.46
2023-02-08 02:00:00,404.90749999999997,22851.4125
2023-02-08 03:00:00,394.7625,22723.1175
2023-02-08 04:00:00,388.065,23334.8075
2023-02-08 05:00:00,391.04,25268.6375
2023-02-08 06:00:00,403.015,27784.32
2023-02-08 07:00:00,427.4,31339.6925
2023-02-08 08:00:00,460.5575,31777.85
2023-02-08 09:00:00,467.1975,28780.0925
2023-02-08 10:00:00,476.805,26830.725
2023-02-08 11:00:00,489.8775,26481.0425
2023-02-08 12:00:00,471.6475,22809.34
2023-02-08 13:00:00,469.09000000000003,25916.045
2023-02-08 14:00:00,467.0425,27684.095
2023-02-08 15:00:00,472.7125,32731.102499999997
2023-02-08 16:00:00,479.0575,38201.2375
2023-02-08 17:00:00,476.6525,41409.1925
2023-02-08 18:00:00,462.22249999999997,44377.1025
2023-02-08 19:00:00,444.615,42522.55
2023-02-08 20:00:00,440.435,42463.6525
2023-02-08 21:00:00,431.9525,41977.4775
2023-02-08 22:00:00,433.7725,40711.1125
2023-02-08 23:00:00,433.935,41658.16
2023-02-09 00:00:00,427.02,39812.8125
2023-02-09 01:00:00,430.21000000000004,38680.6375
2023-02-09 02:00:00,431.7875,37677.2525
2023-02-09 03:00:00,429.995,37397.4775
2023-02-09 04:00:00,430.2225,38138.645
2023-02-09 05:00:00,426.89,39580.115
2023-02-09 06:00:00,436.175,41004.0125
2023-02-09 07:00:00,460.1375,42125.4625
2023-02-09 08:00:00,539.275,39117.1875
2023-02-09 09:00:00,561.565,33711.645
2023-02-09 10:00:00,572.345,31068.1525
2023-02-09 11:00:00,583.28,29204.795
2023-02-09 12:00:00,552.4725,23628.945
2023-02-09 13:00:00,567.3375,25264.5375
2023-02-09 14:00:00,566.8675000000001,24821.58
2023-02-09 15:00:00,603.0550000000001,28818.085
2023-02-09 16:00:00,615.8824999999999,34654.47
2023-02-09 17:00:00,591.665,36784.4875
2023-02-09 18:00:00,562.8225,38086.375
2023-02-09 19:00:00,522.35,34825.9675
2023-02-09 20:00:00,527.76,32781.8375
2023-02-09 21:00:00,501.655,30941.4575
2023-02-09 22:00:00,467.62,29160.545
2023-02-09 23:00:00,445.82500000000005,29237.2175
2023-02-10 00:00:00,411.7325,27051.72
2023-02-10 01:00:00,397.3225,26557.625
2023-02-10 02:00:00,391.77750000000003,27443.27
2023-02-10 03:00:00,389.51,29273.32
2023-02-10 04:00:00,390.385,30820.7775
2023-02-10 05:00:00,396.57,31654.9325
2023-02-10 06:00:00,416.32,32827.0
2023-02-10 07:00:00,460.96000000000004,35234.51
2023-02-10 08:00:00,520.8625,34084.995
2023-02-10 09:00:00,517.4875,28054.735
2023-02-10 10:00:00,500.65500000000003,25461.0375
2023-02-10 11:00:00,486.19500000000005,24251.9375
2023-02-10 12:00:00,448.73,19566.767499999998
2023-02-10 13:00:00,441.4575,21264.25
2023-02-10 14:00:00,444.21500000000003,21244.25
2023-02-10 15:00:00,467.0625,27401.56
2023-02-10 16:00:00,500.485,34600.2675
2023-02-10 17:00:00,500.1625,38929.4
2023-02-10 18:00:00,473.95750000000004,42214.490000000005
2023-02-10 19:00:00,439.0775,40261.0175
2023-02-10 20:00:00,423.90999999999997,40370.0
2023-02-10 21:00:00,405.79,40346.825
2023-02-10 22:00:00,397.6175,40220.02
2023-02-10 23:00:00,392.78000000000003,41351.39
2023-02-11 00:00:00,386.905,39373.167499999996
2023-02-11 01:00:00,385.095,37902.215
2023-02-11 02:00:00,384.4375,36769.2
2023-02-11 03:00:00,384.13,35562.745
2023-02-11 04:00:00,387.87,35255.265
2023-02-11 05:00:00,394.7625,35887.7325
2023-02-11 06:00:00,404.03499999999997,37135.817500000005
2023-02-11 07:00:00,423.75,38288.5825
2023-02-11 08:00:00,458.0225,35580.68
2023-02-11 09:00:00,460.87,30266.8
2023-02-11 10:00:00,454.6,27482.875
2023-02-11 11:00:00,455.2975,27416.9325
2023-02-11 12:00:00,440.8225,22652.0975
2023-02-11 13:00:00,438.0275,23112.845
2023-02-11 14:00:00,440.145,21656.045000000002
2023-02-11 15:00:00,453.02000000000004,24884.254999999997
2023-02-11 16:00:00,463.805,29961.755
2023-02-11 17:00:00,459.27,33056.385
2023-02-11 18:00:00,445.365,34595.025
2023-02-11 19:00:00,429.4575,31369.4775
2023-02-11 20:00:00,424.505,30121.5975
2023-02-11 21:00:00,416.5925,29522.6425
2023-02-11 22:00:00,417.2625,28957.872499999998
2023-02-11 23:00:00,417.08500000000004,29733.4
2023-02-12 00:00:00,396.36,28019.81
2023-02-12 01:00:00,383.2075,26388.2325
2023-02-12 02:00:00,371.465,25114.85
2023-02-12 03:00:00,351.37,24344.517499999998
2023-02-12 04:00:00,339.275,24441.6225
2023-02-12 05:00:00,335.05,26034.5175
2023-02-12 06:00:00,345.90250000000003,28154.7925
2023-02-12 07:00:00,405.19,28915.25
2023-02-12 08:00:00,510.85,25713.114999999998
2023-02-12 09:00:00,534.5849999999999,21610.245
2023-02-12 10:00:00,527.3875,20449.7575
2023-02-12 11:00:00,548.1324999999999,20464.7925
2023-02-12 12:00:00,494.645,18364.8875
2023-02-12 13:00:00,474.97,19799.72
2023-02-12 14:00:00,440.735,19566.27
2023-02-12 15:00:00,433.39,24105.2725
2023-02-12 16:00:00,416.695,29676.855
2023-02-12 17:00:00,404.52000000000004,33180.3425
2023-02-12 18:00:00,390.62,35016.53
2023-02-12 19:00:00,367.28999999999996,32726.285
2023-02-12 20:00:00,374.6,30871.515
2023-02-12 21:00:00,340.34,30329.225
2023-02-12 22:00:00,313.305,29463.885
2023-02-12 23:00:00,229.4775,29729.5025
2023-02-13 00:00:00,98.2125,26435.5575
2023-02-13 01:00:00,64.75,25436.14
2023-02-13 02:00:00,63.1875,25386.62
2023-02-13 03:00:00,46.75,25586.005
2023-02-13 04:00:00,51.55,26513.5575
2023-02-13 05:00:00,46.5,26488.1525
2023-02-13 06:00:00,142.19,24902.7925
2023-02-13 07:00:00,360.91499999999996,26766.3225
2023-02-13 08:00:00,513.5025,25693.955
2023-02-13 09:00:00,515.9300000000001,20507.4975
2023-02-13 10:00:00,484.4175,19755.2325
2023-02-13 11:00:00,493.1475,21449.875
2023-02-13 12:00:00,458.2025,20442.79
2023-02-13 13:00:00,421.8025,20608.135000000002
2023-02-13 14:00:00,359.505,20374.1725
2023-02-13 15:00:00,462.0475,21713.13
2023-02-13 16:00:00,566.2449999999999,25084.855
2023-02-13 17:00:00,569.5975,27732.255
2023-02-13 18:00:00,548.46,30454.775
2023-02-13 19:00:00,505.3325,30268.1825
2023-02-13 20:00:00,502.84000000000003,32357.6725
2023-02-13 21:00:00,504.395,33252.3475
2023-02-13 22:00:00,493.1,34976.84
2023-02-13 23:00:00,491.4525,38261.19
2023-02-14 00:00:00,438.9975,34042.9075
2023-02-14 01:00:00,412.9375,29416.77
2023-02-14 02:00:00,406.415,25646.7725
2023-02-14 03:00:00,404.42,21350.335
2023-02-14 04:00:00,406.9825,19012.7225
2023-02-14 05:00:00,415.2325,19796.8575
2023-02-14 06:00:00,437.755,19775.8
2023-02-14 07:00:00,466.275,20652.46
2023-02-14 08:00:00,507.96750000000003,17661.77
2023-02-14 09:00:00,469.115,16990.052499999998
2023-02-14 10:00:00,442.8975,17723.995000000003
2023-02-14 11:00:00,441.6025,18599.9775
2023-02-14 12:00:00,435.545,19098.0225
2023-02-14 13:00:00,436.0875,19807.495
2023-02-14 14:00:00,430.755,20773.1675
2023-02-14 15:00:00,453.3,22125.385
2023-02-14 16:00:00,482.1275,25011.155
2023-02-14 17:00:00,479.9475,32279.324999999997
2023-02-14 18:00:00,467.28499999999997,40059.7325
2023-02-14 19:00:00,454.89,39231.2625
2023-02-14 20:00:00,453.675,37584.8175
2023-02-14 21:00:00,428.5725,34528.2025
2023-02-14 22:00:00,408.375,31692.1725
2023-02-14 23:00:00,402.25,31097.8
2023-02-15 00:00:00,390.92499999999995,27844.485
2023-02-15 01:00:00,378.2875,25700.1875
2023-02-15 02:00:00,362.0575,24346.3575
2023-02-15 03:00:00,352.4175,23120.58
2023-02-15 04:00:00,361.005,22387.4425
2023-02-15 05:00:00,378.28749999999997,23347.5475
2023-02-15 06:00:00,407.965,25062.4675
2023-02-15 07:00:00,439.33,25162.425
2023-02-15 08:00:00,447.2325,22576.69
2023-02-15 09:00:00,415.51750000000004,17118.059999999998
2023-02-15 10:00:00,396.1675,16558.19
2023-02-15 11:00:00,382.65250000000003,16348.1325
2023-02-15 12:00:00,333.58,16507.235
2023-02-15 13:00:00,338.3275,17551.6575
2023-02-15 14:00:00,323.43,18720.505
2023-02-15 15:00:00,382.59499999999997,19123.025
2023-02-15 16:00:00,440.305,19564.7425
2023-02-15 17:00:00,462.01,22092.835
2023-02-15 18:00:00,470.525,26485.052499999998
2023-02-15 19:00:00,459.3175,25203.14
2023-02-15 20:00:00,456.005,24775.0075
2023-02-15 21:00:00,441.5575,24034.955
2023-02-15 22:00:00,426.0325,23336.165
2023-02-15 23:00:00,416.125,24531.322500000002
2023-02-16 00:00:00,410.685,22472.89
2023-02-16 01:00:00,407.33,21455.255
2023-02-16 02:00:00,401.3225,20698.005
2023-02-16 03:00:00,393.53249999999997,20684.565
2023-02-16 04:00:00,393.5075,21264.8175
2023-02-16 05:00:00,397.98,23122.3325
2023-02-16 06:00:00,417.4375,24951.6025
2023-02-16 07:00:00,442.17499999999995,25643.4675
2023-02-16 08:00:00,447.8225,22864.29
2023-02-16 09:00:00,419.47499999999997,17607.0075
2023-02-16 10:00:00,414.83000000000004,16333.4475
2023-02-16 11:00:00,406.7425,16523.1575
2023-02-16 12:00:00,383.435,15742.2975
2023-02-16 13:00:00,380.01,17484.455
2023-02-16 14:00:00,377.7475,18598.3375
2023-02-16 15:00:00,412.14250000000004,22491.935
2023-02-16 16:00:00,451.02500000000003,28368.27
2023-02-16 17:00:00,458.6975,34261.765
2023-02-16 18:00:00,452.25,37726.0375
2023-02-16 19:00:00,434.4175,36126.505
2023-02-16 20:00:00,428.21,33906.9425
2023-02-16 21:00:00,402.475,30978.0125
2023-02-16 22:00:00,381.4375,30101.8575
2023-02-16 23:00:00,370.5225,30498.145
2023-02-17 00:00:00,373.8825,26761.9925
2023-02-17 01:00:00,389.0475,24310.485
2023-02-17 02:00:00,393.6825,22117.864999999998
2023-02-17 03:00:00,392.3175,20581.745000000003
2023-02-17 04:00:00,396.835,20495.265
2023-02-17 05:00:00,388.3075,21327.03
2023-02-17 06:00:00,410.98,23771.0375
2023-02-17 07:00:00,446.6925,27208.4025
2023-02-17 08:00:00,491.1675,29227.445
2023-02-17 09:00:00,486.685,25797.0825
2023-02-17 10:00:00,470.53249999999997,24489.335
2023-02-17 11:00:00,455.305,25912.855
2023-02-17 12:00:00,419.545,21661.935
2023-02-17 13:00:00,427.5875,22893.6
2023-02-17 14:00:00,440.38,22175.3575
2023-02-17 15:00:00,470.875,27015.5975
2023-02-17 16:00:00,492.175,33933.94
2023-02-17 17:00:00,492.5225,39028.167499999996
2023-02-17 18:00:00,492.34749999999997,43021.29
2023-02-17 19:00:00,483.7275,41177.862499999996
2023-02-17 20:00:00,482.65250000000003,40167.58500000001
2023-02-17 21:00:00,469.445,39292.9225
2023-02-17 22:00:00,452.8225,38992.815
2023-02-17 23:00:00,445.64,40290.695
2023-02-18 00:00:00,427.5025,38171.5475
2023-02-18 01:00:00,440.815,37145.83
2023-02-18 02:00:00,448.5525,36487.2625
2023-02-18 03:00:00,447.03999999999996,35917.555
2023-02-18 04:00:00,451.105,36318.575
2023-02-18 05:00:00,431.545,37863.4875
2023-02-18 06:00:00,435.645,39877.685
2023-02-18 07:00:00,483.5425,41741.682499999995
2023-02-18 08:00:00,517.98,44627.165
2023-02-18 09:00:00,510.105,45299.207500000004
2023-02-18 10:00:00,499.71000000000004,46005.2875
2023-02-18 11:00:00,485.6175,46883.7325
2023-02-18 12:00:00,470.8225,44313.14
2023-02-18 13:00:00,473.73749999999995,44421.6525
2023-02-18 14:00:00,466.98249999999996,44010.4375
2023-02-18 15:00:00,481.425,44487.2375
2023-02-18 16:00:00,496.995,45576.955
2023-02-18 17:00:00,503.2275,44226.01
2023-02-18 18:00:00,488.4925,45147.9975
2023-02-18 19:00:00,444.115,43268.6875
2023-02-18 20:00:00,404.15999999999997,42213.35
2023-02-18 21:00:00,220.92000000000002,41120.71
2023-02-18 22:00:00,110.21000000000001,40506.0175
2023-02-18 23:00:00,64.3875,41932.795
2023-02-19 00:00:00,-46.26,39774.545
2023-02-19 01:00:00,-15.8,38835.9375
2023-02-19 02:00:00,99.995,37669.2525
2023-02-19 03:00:00,178.7625,37615.03
2023-02-19 04:00:00,227.845,38475.505000000005
2023-02-19 05:00:00,224.895,39724.4675
2023-02-19 06:00:00,314.64250000000004,41435.5725
2023-02-19 07:00:00,451.7425,44463.33
2023-02-19 08:00:00,462.6125,46671.3975
2023-02-19 09:00:00,279.81,44554.2825
2023-02-19 10:00:00,176.6925,43337.33
2023-02-19 11:00:00,58.2525,42346.65
2023-02-19 12:00:00,-54.06,36438.69
2023-02-19 13:00:00,-80.0,36920.3275
2023-02-19 14:00:00,-10.557500000000001,35767.097499999996
2023-02-19 15:00:00,289.7975,38429.5225
2023-02-19 16:00:00,554.8725,40684.92
2023-02-19 17:00:00,673.1275,41704.6575
2023-02-19 18:00:00,713.64,44522.01
2023-02-19 19:00:00,721.7125,43483.229999999996
2023-02-19 20:00:00,708.425,42800.9725
2023-02-19 21:00:00,622.7149999999999,42371.955
2023-02-19 22:00:00,560.1949999999999,41717.01
2023-02-19 23:00:00,529.32,42445.8525
2023-02-20 00:00:00,458.52250000000004,40265.5
2023-02-20 01:00:00,435.48,38959.805
2023-02-20 02:00:00,423.66499999999996,37814.285
2023-02-20 03:00:00,406.25,36997.5925
2023-02-20 04:00:00,392.58000000000004,37153.185
2023-02-20 05:00:00,391.52,37550.1325
2023-02-20 06:00:00,430.3325,37606.115
2023-02-20 07:00:00,472.21000000000004,40020.9375
2023-02-20 08:00:00,481.2475,40440.845
2023-02-20 09:00:00,402.7725,34142.83
2023-02-20 10:00:00,288.90999999999997,30143.7025
2023-02-20 11:00:00,188.57999999999998,31270.614999999998
2023-02-20 12:00:00,90.1825,28493.585
2023-02-20 13:00:00,116.5875,30219.3525
2023-02-20 14:00:00,165.3175,29140.72
2023-02-20 15:00:00,331.755,32233.1875
2023-02-20 16:00:00,461.2025,37093.9825
2023-02-20 17:00:00,537.6475,40621.8975
2023-02-20 18:00:00,566.4075,44576.417499999996
2023-02-20 19:00:00,522.88,43166.6875
2023-02-20 20:00:00,532.3325,42501.835
2023-02-20 21:00:00,503.065,41904.735
2023-02-20 22:00:00,493.2675,41213.3075
2023-02-20 23:00:00,487.95,41771.4375
2023-02-21 00:00:00,428.03,38801.837499999994
2023-02-21 01:00:00,404.7675,37375.3975
2023-02-21 02:00:00,398.865,36515.365
2023-02-21 03:00:00,394.985,36344.6175
2023-02-21 04:00:00,399.1275,36748.8375
2023-02-21 05:00:00,410.505,37545.3925
2023-02-21 06:00:00,431.4125,37862.33500000001
2023-02-21 07:00:00,457.5125,38339.9725
2023-02-21 08:00:00,481.2525,34755.0525
2023-02-21 09:00:00,463.8275,28712.715
2023-02-21 10:00:00,452.845,23915.35
2023-02-21 11:00:00,444.61,24204.1125
2023-02-21 12:00:00,420.9375,22793.747499999998
2023-02-21 13:00:00,422.645,23257.34
2023-02-21 14:00:00,427.41749999999996,23221.25
2023-02-21 15:00:00,444.4925,26738.73
2023-02-21 16:00:00,474.37,30421.557500000003
2023-02-21 17:00:00,495.9625,32648.302499999998
2023-02-21 18:00:00,495.0575,36066.270000000004
2023-02-21 19:00:00,470.94,34259.6325
2023-02-21 20:00:00,462.6225,32933.595
2023-02-21 21:00:00,443.325,31413.45
2023-02-21 22:00:00,435.685,30300.37
2023-02-21 23:00:00,429.59499999999997,31419.7925
2023-02-22 00:00:00,411.495,29443.085
2023-02-22 01:00:00,401.64250000000004,28270.420000000002
2023-02-22 02:00:00,393.2825,27814.425
2023-02-22 03:00:00,385.605,27904.945
2023-02-22 04:00:00,386.51750000000004,28698.955
2023-02-22 05:00:00,393.315,30685.875
2023-02-22 06:00:00,419.4675,33332.745
2023-02-22 07:00:00,446.6325,34441.2025
2023-02-22 08:00:00,482.475,34674.2
2023-02-22 09:00:00,469.9275,32034.89
2023-02-22 10:00:00,457.9925,30333.989999999998
2023-02-22 11:00:00,453.5,30313.1825
2023-02-22 12:00:00,436.375,27660.05
2023-02-22 13:00:00,436.6175,31198.94
2023-02-22 14:00:00,438.31,32546.0825
2023-02-22 15:00:00,452.4325,34848.4275
2023-02-22 16:00:00,470.12,36402.0775
2023-02-22 17:00:00,471.2975,35645.57
2023-02-22 18:00:00,458.1,36048.6725
2023-02-22 19:00:00,430.6875,33780.6975
2023-02-22 20:00:00,420.515,33876.5525
2023-02-22 21:00:00,405.995,33689.4
2023-02-22 22:00:00,402.0425,33319.46
2023-02-22 23:00:00,398.76250000000005,35436.46
2023-02-23 00:00:00,402.2125,34166.7175
2023-02-23 01:00:00,398.875,33682.4375
2023-02-23 02:00:00,394.475,33279.645000000004
2023-02-23 03:00:00,395.38,33705.625
2023-02-23 04:00:00,406.1225,34832.06
2023-02-23 05:00:00,422.37,36888.9875
2023-02-23 06:00:00,450.54,38904.965
2023-02-23 07:00:00,472.67499999999995,38859.6425
2023-02-23 08:00:00,481.495,37372.455
2023-02-23 09:00:00,450.8275,33283.595
2023-02-23 10:00:00,429.6575,30749.9175
2023-02-23 11:00:00,420.6025,31314.252500000002
2023-02-23 12:00:00,405.955,26961.4825
2023-02-23 13:00:00,412.61,29375.19
2023-02-23 14:00:00,424.8075,30123.785
2023-02-23 15:00:00,446.52250000000004,33008.72
2023-02-23 16:00:00,491.285,35341.595
2023-02-23 17:00:00,509.555,35745.82
2023-02-23 18:00:00,512.525,37928.95
2023-02-23 19:00:00,485.97749999999996,37045.5775
2023-02-23 20:00:00,477.2925,36733.2675
2023-02-23 21:00:00,462.2025,36295.875
2023-02-23 22:00:00,455.67,35723.7325
2023-02-23 23:00:00,451.4975,36791.7575
2023-02-24 00:00:00,446.1675,34570.47
2023-02-24 01:00:00,444.4175,33862.075
2023-02-24 02:00:00,434.1275,32260.815000000002
2023-02-24 03:00:00,411.2475,31254.735
2023-02-24 04:00:00,391.72249999999997,31456.755
2023-02-24 05:00:00,384.8,33869.520000000004
2023-02-24 06:00:00,407.565,38883.7
2023-02-24 07:00:00,429.2925,41705.31
2023-02-24 08:00:00,432.2375,43972.6425
2023-02-24 09:00:00,389.76250000000005,43072.1025
2023-02-24 10:00:00,346.21000000000004,40777.225
2023-02-24 11:00:00,287.03,41408.2475
2023-02-24 12:00:00,159.3425,36226.5875
2023-02-24 13:00:00,292.0075,36857.3625
2023-02-24 14:00:00,373.4375,36028.0975
2023-02-24 15:00:00,414.42,36508.45
2023-02-24 16:00:00,457.3975,36661.415
2023-02-24 17:00:00,469.1475,35563.49
2023-02-24 18:00:00,478.9125,36264.945
2023-02-24 19:00:00,465.7,34341.925
2023-02-24 20:00:00,463.71500000000003,32829.11
2023-02-24 21:00:00,452.4575,31422.17
2023-02-24 22:00:00,453.7875,29504.76
2023-02-24 23:00:00,448.815,30570.745000000003
2023-02-25 00:00:00,434.94,28374.135000000002
2023-02-25 01:00:00,426.93,26808.285
2023-02-25 02:00:00,422.0775,25025.975
2023-02-25 03:00:00,420.3275,23567.247499999998
2023-02-25 04:00:00,426.61,22515.2375
2023-02-25 05:00:00,435.7,22152.1025
2023-02-25 06:00:00,460.69,23561.26
2023-02-25 07:00:00,492.4375,24996.7675
2023-02-25 08:00:00,474.0625,24627.2875
2023-02-25 09:00:00,422.755,19940.1025
2023-02-25 10:00:00,391.1675,19653.4675
2023-02-25 11:00:00,358.1725,19488.0575
2023-02-25 12:00:00,273.735,18694.5975
2023-02-25 13:00:00,309.9825,20387.3275
2023-02-25 14:00:00,343.1375,22131.447500000002
2023-02-25 15:00:00,384.41999999999996,25271.364999999998
2023-02-25 16:00:00,440.78749999999997,29913.605000000003
2023-02-25 17:00:00,489.8925,32508.767499999998
2023-02-25 18:00:00,517.5475,36052.43
2023-02-25 19:00:00,503.23,35859.9275
2023-02-25 20:00:00,503.2225,35886.755
2023-02-25 21:00:00,480.165,35983.1125
2023-02-25 22:00:00,473.8125,36423.64
2023-02-25 23:00:00,464.375,37749.682499999995
2023-02-26 00:00:00,503.3225,34479.5875
2023-02-26 01:00:00,516.9875,32270.5125
2023-02-26 02:00:00,508.73249999999996,30325.190000000002
2023-02-26 03:00:00,500.6075,29114.3475
2023-02-26 04:00:00,502.0475,30024.2975
2023-02-26 05:00:00,505.8825,30874.2775
2023-02-26 06:00:00,517.165,32444.412500000002
2023-02-26 07:00:00,510.885,33738.4
2023-02-26 08:00:00,457.7125,33295.6175
2023-02-26 09:00:00,188.62,29605.5475
2023-02-26 10:00:00,46.5925,28877.9025
2023-02-26 11:00:00,32.7,29892.77
2023-02-26 12:00:00,-51.375,26082.35
2023-02-26 13:00:00,-80.0,27722.52
2023-02-26 14:00:00,-36.41,28034.3325
2023-02-26 15:00:00,123.2525,31333.927499999998
2023-02-26 16:00:00,404.22,34851.8275
2023-02-26 17:00:00,511.9375,36573.6875
2023-02-26 18:00:00,531.87,40327.595
2023-02-26 19:00:00,501.91999999999996,39579.244999999995
2023-02-26 20:00:00,480.3325,37545.520000000004
2023-02-26 21:00:00,441.2575,35285.4275
2023-02-26 22:00:00,428.635,35030.5
2023-02-26 23:00:00,410.9725,36984.0325
2023-02-27 00:00:00,179.7275,34968.2625
2023-02-27 01:00:00,105.8925,34164.6575
2023-02-27 02:00:00,97.75,32352.5075
2023-02-27 03:00:00,90.99,31851.0325
2023-02-27 04:00:00,98.9525,33551.8575
2023-02-27 05:00:00,117.91749999999999,35698.442500000005
2023-02-27 06:00:00,202.5675,36738.555
2023-02-27 07:00:00,292.47749999999996,37168.3175
2023-02-27 08:00:00,224.38,35741.775
2023-02-27 09:00:00,137.87,32770.235
2023-02-27 10:00:00,94.9875,34330.06
2023-02-27 11:00:00,48.5475,39159.28
2023-02-27 12:00:00,-51.0675,36824.7025
2023-02-27 13:00:00,-23.375,38080.4375
2023-02-27 14:00:00,-16.5,35659.7
2023-02-27 15:00:00,46.085,36312.085
2023-02-27 16:00:00,131.43,38239.5975
2023-02-27 17:00:00,194.7875,38528.2125
2023-02-27 18:00:00,228.09,40541.51
2023-02-27 19:00:00,166.945,40098.7775
2023-02-27 20:00:00,138.1375,39373.93
2023-02-27 21:00:00,111.8825,39114.625
2023-02-27 22:00:00,107.22,38613.119999999995
2023-02-27 23:00:00,100.22,39861.5625
2023-02-28 00:00:00,94.2625,38108.595
2023-02-28 01:00:00,161.655,36886.1725
2023-02-28 02:00:00,193.5925,35641.8875
2023-02-28 03:00:00,210.49,35362.595
2023-02-28 04:00:00,159.6175,35787.0325
2023-02-28 05:00:00,259.56,37327.1875
2023-02-28 06:00:00,407.96999999999997,38129.245
2023-02-28 07:00:00,481.7875,37686.1625
2023-02-28 08:00:00,490.27750000000003,34342.68
2023-02-28 09:00:00,464.2575,28717.69
2023-02-28 10:00:00,444.9225,25288.935
2023-02-28 11:00:00,418.87,25715.265
2023-02-28 12:00:00,338.085,22663.705
2023-02-28 13:00:00,370.0025,24277.802499999998
2023-02-28 14:00:00,393.5675,24594.6675
2023-02-28 15:00:00,440.4375,28666.7625
2023-02-28 16:00:00,497.1325,32575.91
2023-02-28 17:00:00,524.3499999999999,35585.7125
2023-02-28 18:00:00,539.225,38336.9275
2023-02-28 19:00:00,533.19,37284.375
2023-02-28 20:00:00,549.265,35983.384999999995
2023-02-28 21:00:00,521.36,33528.7475
2023-02-28 22:00:00,492.90250000000003,31100.875
2023-02-28 23:00:00,475.88250000000005,30912.495
2023-03-01 00:00:00,473.87,27886.755
2023-03-01 01:00:00,458.5675,26643.955
2023-03-01 02:00:00,440.175,25802.329999999998
2023-03-01 03:00:00,424.86,26230.2625
2023-03-01 04:00:00,425.11,27186.5525
2023-03-01 05:00:00,440.4875,29118.7825
2023-03-01 06:00:00,509.23750000000007,32056.6575
2023-03-01 07:00:00,562.7125,31531.2225
2023-03-01 08:00:00,567.8325,30389.19
2023-03-01 09:00:00,488.3675,25664.965
2023-03-01 10:00:00,424.985,23048.51
2023-03-01 11:00:00,289.06,23528.79
2023-03-01 12:00:00,99.27,20071.85
2023-03-01 13:00:00,49.54,21743.142499999998
2023-03-01 14:00:00,20.5075,22667.225
2023-03-01 15:00:00,61.99250000000001,27110.02
2023-03-01 16:00:00,280.2275,31655.405
2023-03-01 17:00:00,428.57500000000005,34985.2175
2023-03-01 18:00:00,491.9175,38254.340000000004
2023-03-01 19:00:00,486.5625,36471.770000000004
2023-03-01 20:00:00,508.5525,35567.7275
2023-03-01 21:00:00,506.7575,35039.9675
2023-03-01 22:00:00,526.9725000000001,33347.1225
2023-03-01 23:00:00,537.22,34503.2275
2023-03-02 00:00:00,536.3075,33121.6525
2023-03-02 01:00:00,533.8675000000001,32256.37
2023-03-02 02:00:00,520.985,31506.43
2023-03-02 03:00:00,509.9325,31200.7375
2023-03-02 04:00:00,521.7775,31650.18
2023-03-02 05:00:00,554.745,32780.7175
2023-03-02 06:00:00,655.075,34040.44
2023-03-02 07:00:00,701.1975,32108.745
2023-03-02 08:00:00,615.2775,29554.325
2023-03-02 09:00:00,473.9625,24862.442499999997
2023-03-02 10:00:00,367.5475,21643.58
2023-03-02 11:00:00,247.3575,21307.4675
2023-03-02 12:00:00,64.815,18069.5125
2023-03-02 13:00:00,50.712500000000006,19556.07
2023-03-02 14:00:00,59.55,20109.5
2023-03-02 15:00:00,152.52,24342.8325
2023-03-02 16:00:00,364.2275,28249.6725
2023-03-02 17:00:00,452.76750000000004,29468.375
2023-03-02 18:00:00,468.7575,30614.235
2023-03-02 19:00:00,405.20000000000005,28335.4425
2023-03-02 20:00:00,335.83,26704.5375
2023-03-02 21:00:00,170.4075,25343.252500000002
2023-03-02 22:00:00,100.9725,24585.447500000002
2023-03-02 23:00:00,82.47999999999999,26172.3
2023-03-03 00:00:00,62.3275,24594.53
2023-03-03 01:00:00,39.735,23432.845
2023-03-03 02:00:00,5.875,22797.53
2023-03-03 03:00:00,5.125,22500.695
2023-03-03 04:00:00,42.44,23568.25
2023-03-03 05:00:00,127.63750000000002,25475.1425
2023-03-03 06:00:00,339.605,27738.7775
2023-03-03 07:00:00,461.5075,26840.77
2023-03-03 08:00:00,483.21750000000003,24725.800000000003
2023-03-03 09:00:00,344.0875,19562.5475
2023-03-03 10:00:00,243.47,16434.16
2023-03-03 11:00:00,187.45749999999998,16305.442500000001
2023-03-03 12:00:00,113.575,14899.0025
2023-03-03 13:00:00,191.1575,16408.6025
2023-03-03 14:00:00,245.89249999999998,17132.1625
2023-03-03 15:00:00,356.78000000000003,20802.0225
2023-03-03 16:00:00,587.0474999999999,26061.9225
2023-03-03 17:00:00,793.6675,29594.415
2023-03-03 18:00:00,873.8874999999999,32102.795000000002
2023-03-03 19:00:00,771.04,30249.72
2023-03-03 20:00:00,730.1850000000001,28953.0975
2023-03-03 21:00:00,584.425,27762.9025
2023-03-03 22:00:00,579.9825000000001,26337.19
2023-03-03 23:00:00,606.845,27579.9775
2023-03-04 00:00:00,475.525,25726.0725
2023-03-04 01:00:00,435.9175,24978.05
2023-03-04 02:00:00,437.7525,25224.5225
2023-03-04 03:00:00,439.2275,25526.4575
2023-03-04 04:00:00,455.97249999999997,26446.8475
2023-03-04 05:00:00,484.72249999999997,28688.895
2023-03-04 06:00:00,545.5250000000001,30847.8225
2023-03-04 07:00:00,583.525,29731.9575
2023-03-04 08:00:00,534.7325000000001,27425.905
2023-03-04 09:00:00,414.08250000000004,22911.8425
2023-03-04 10:00:00,319.33500000000004,20334.095
2023-03-04 11:00:00,245.7975,20981.864999999998
2023-03-04 12:00:00,144.3825,17458.8325
2023-03-04 13:00:00,144.085,19462.4425
2023-03-04 14:00:00,197.335,20033.8475
2023-03-04 15:00:00,330.67,24512.18
2023-03-04 16:00:00,424.0775,29129.73
2023-03-04 17:00:00,478.84749999999997,31899.322500000002
2023-03-04 18:00:00,517.1675,34151.055
2023-03-04 19:00:00,476.65,31993.5775
2023-03-04 20:00:00,460.2275,30021.114999999998
2023-03-04 21:00:00,439.8125,29358.9275
2023-03-04 22:00:00,437.02250000000004,28455.905
2023-03-04 23:00:00,439.8375,30188.46
2023-03-05 00:00:00,492.5825,28867.9575
2023-03-05 01:00:00,500.2725,28055.83
2023-03-05 02:00:00,482.795,27581.44
2023-03-05 03:00:00,488.655,28066.785
2023-03-05 04:00:00,559.0525,29409.7525
2023-03-05 05:00:00,664.395,31488.03
2023-03-05 06:00:00,769.9075,33126.85
2023-03-05 07:00:00,812.0575,31645.1
2023-03-05 08:00:00,619.9024999999999,29126.1
2023-03-05 09:00:00,259.97499999999997,23337.8575
2023-03-05 10:00:00,93.325,20424.7
2023-03-05 11:00:00,61.8625,20277.822500000002
2023-03-05 12:00:00,-45.25,17543.447500000002
2023-03-05 13:00:00,-19.8125,19128.5375
2023-03-05 14:00:00,-18.3125,19690.182500000003
2023-03-05 15:00:00,61.105000000000004,23350.6425
2023-03-05 16:00:00,320.15250000000003,27524.370000000003
2023-03-05 17:00:00,443.1225,30311.485
2023-03-05 18:00:00,458.125,32591.8875
2023-03-05 19:00:00,282.2,31327.2675
2023-03-05 20:00:00,143.8375,30577.355
2023-03-05 21:00:00,18.8125,30415.97
2023-03-05 22:00:00,23.3125,30262.855
2023-03-05 23:00:00,13.625,31743.975
2023-03-06 00:00:00,-28.4375,31790.895
2023-03-06 01:00:00,-70.0,30758.075
2023-03-06 02:00:00,-80.0,30185.165
2023-03-06 03:00:00,-80.0,30445.9825
2023-03-06 04:00:00,-39.275,31592.6125
2023-03-06 05:00:00,49.6375,33260.2475
2023-03-06 06:00:00,268.475,33954.09
2023-03-06 07:00:00,410.1725,32826.67
2023-03-06 08:00:00,448.72,31349.505
2023-03-06 09:00:00,296.805,27461.42
2023-03-06 10:00:00,193.875,23936.2675
2023-03-06 11:00:00,164.2675,23726.145
2023-03-06 12:00:00,73.8225,20834.33
2023-03-06 13:00:00,123.91999999999999,22621.9375
2023-03-06 14:00:00,219.92749999999998,23164.71
2023-03-06 15:00:00,370.58,26978.515
2023-03-06 16:00:00,534.3399999999999,31797.7325
2023-03-06 17:00:00,707.4525,34478.98
2023-03-06 18:00:00,810.57,36926.7525
2023-03-06 19:00:00,700.105,36540.5875
2023-03-06 20:00:00,655.99,35393.015
2023-03-06 21:00:00,579.51,35095.14
2023-03-06 22:00:00,584.595,34566.945
2023-03-06 23:00:00,583.3825,35274.19
2023-03-07 00:00:00,471.64250000000004,33116.725
2023-03-07 01:00:00,442.29,31888.395
2023-03-07 02:00:00,443.07500000000005,30872.5975
2023-03-07 03:00:00,451.15,30555.8625
2023-03-07 04:00:00,477.2875,31048.06
2023-03-07 05:00:00,558.8875,32015.335
2023-03-07 06:00:00,701.835,32093.85
2023-03-07 07:00:00,705.9399999999999,30160.1525
2023-03-07 08:00:00,599.015,26905.21
2023-03-07 09:00:00,444.03749999999997,21259.98
2023-03-07 10:00:00,378.2375,17985.015
2023-03-07 11:00:00,355.5475,18069.31
2023-03-07 12:00:00,240.225,14934.96
2023-03-07 13:00:00,283.36249999999995,15863.565
2023-03-07 14:00:00,283.9275,15465.96
2023-03-07 15:00:00,363.625,18510.3075
2023-03-07 16:00:00,443.3175,24217.02
2023-03-07 17:00:00,463.6825,26646.0625
2023-03-07 18:00:00,454.47249999999997,30417.68
2023-03-07 19:00:00,373.47249999999997,30035.225
2023-03-07 20:00:00,292.9175,28504.575
2023-03-07 21:00:00,137.145,27274.3675
2023-03-07 22:00:00,72.1375,26604.16
2023-03-07 23:00:00,58.4375,28159.4825
2023-03-08 00:00:00,58.4525,26794.225
2023-03-08 01:00:00,58.3175,25830.7925
2023-03-08 02:00:00,62.05,25600.04
2023-03-08 03:00:00,65.35,25764.5875
2023-03-08 04:00:00,95.22,25701.2775
2023-03-08 05:00:00,224.11249999999998,26508.7125
2023-03-08 06:00:00,362.16999999999996,27674.017499999998
2023-03-08 07:00:00,367.71,28292.325
2023-03-08 08:00:00,293.16249999999997,29269.807500000003
2023-03-08 09:00:00,76.94,26941.62
2023-03-08 10:00:00,-20.4025,27629.8625
2023-03-08 11:00:00,-9.575,31561.4625
2023-03-08 12:00:00,-60.5875,30651.38
2023-03-08 13:00:00,5.102499999999999,33227.3375
2023-03-08 14:00:00,28.7,31988.965
2023-03-08 15:00:00,228.02,32573.41
2023-03-08 16:00:00,457.935,32342.489999999998
2023-03-08 17:00:00,712.2375,29621.9
2023-03-08 18:00:00,865.495,28390.79
2023-03-08 19:00:00,736.6725,27313.2425
2023-03-08 20:00:00,746.5999999999999,25443.247499999998
2023-03-08 21:00:00,672.4125,24825.4
2023-03-08 22:00:00,684.3975,24006.9675
2023-03-08 23:00:00,718.51,24853.29
2023-03-09 00:00:00,615.8075,22738.0825
2023-03-09 01:00:00,547.165,21579.4175
2023-03-09 02:00:00,505.7675,19802.375
2023-03-09 03:00:00,481.9975,19393.575
2023-03-09 04:00:00,482.1,20217.18
2023-03-09 05:00:00,534.2725,21237.4125
2023-03-09 06:00:00,628.745,23316.335
2023-03-09 07:00:00,620.1624999999999,27043.052499999998
2023-03-09 08:00:00,533.275,31228.875
2023-03-09 09:00:00,380.01,32501.5725
2023-03-09 10:00:00,195.8875,35001.2825
2023-03-09 11:00:00,169.2175,37875.0175
2023-03-09 12:00:00,20.534999999999997,35841.995
2023-03-09 13:00:00,31.3625,36776.4675
2023-03-09 14:00:00,33.125,34274.565
2023-03-09 15:00:00,171.7625,33416.31
2023-03-09 16:00:00,394.4,32575.56
2023-03-09 17:00:00,474.25,30047.61
2023-03-09 18:00:00,510.99750000000006,29470.43
2023-03-09 19:00:00,437.7075,28658.585
2023-03-09 20:00:00,390.335,27315.247499999998
2023-03-09 21:00:00,267.4175,26447.065000000002
2023-03-09 22:00:00,273.195,25451.51
2023-03-09 23:00:00,279.0725,25686.4425
2023-03-10 00:00:00,162.2525,23379.505
2023-03-10 01:00:00,134.0375,21717.065000000002
2023-03-10 02:00:00,128.2725,20359.7725
2023-03-10 03:00:00,113.78,19463.93
2023-03-10 04:00:00,132.39,20349.79
2023-03-10 05:00:00,266.35,21193.37
2023-03-10 06:00:00,380.5625,22898.89
2023-03-10 07:00:00,375.75,25097.585
2023-03-10 08:00:00,234.1775,26891.44
2023-03-10 09:00:00,58.235,27504.13
2023-03-10 10:00:00,24.9375,29104.39
2023-03-10 11:00:00,34.53,31509.872499999998
2023-03-10 12:00:00,-50.865,27417.6175
2023-03-10 13:00:00,15.8125,27603.822500000002
2023-03-10 14:00:00,42.5,28294.585
2023-03-10 15:00:00,207.7975,28625.012499999997
2023-03-10 16:00:00,425.8925,29145.7925
2023-03-10 17:00:00,486.0525,28987.5075
2023-03-10 18:00:00,508.355,33427.6575
2023-03-10 19:00:00,366.23,34969.625
2023-03-10 20:00:00,307.0075,34589.21
2023-03-10 21:00:00,194.45999999999998,33091.832500000004
2023-03-10 22:00:00,215.1075,31192.795000000002
2023-03-10 23:00:00,226.7225,31415.345
2023-03-11 00:00:00,183.7725,29484.4775
2023-03-11 01:00:00,113.0325,28238.4375
2023-03-11 02:00:00,90.4475,28242.5425
2023-03-11 03:00:00,90.285,28229.425
2023-03-11 04:00:00,124.35499999999999,28408.1925
2023-03-11 05:00:00,181.86,30214.5
2023-03-11 06:00:00,252.48749999999998,33371.9975
2023-03-11 07:00:00,263.7575,36205.0575
2023-03-11 08:00:00,167.9225,40344.6725
2023-03-11 09:00:00,-25.807499999999997,41988.6775
2023-03-11 10:00:00,-31.8125,41375.15
2023-03-11 11:00:00,17.4,42111.4225
2023-03-11 12:00:00,-52.8875,37782.12
2023-03-11 13:00:00,12.1975,38707.270000000004
2023-03-11 14:00:00,-8.0175,36912.597499999996
2023-03-11 15:00:00,41.75,37379.457500000004
2023-03-11 16:00:00,92.635,40495.36
2023-03-11 17:00:00,220.15500000000003,41095.16
2023-03-11 18:00:00,377.995,42896.4375
2023-03-11 19:00:00,398.18,41937.2125
2023-03-11 20:00:00,443.91,40383.292499999996
2023-03-11 21:00:00,498.845,38268.7275
2023-03-11 22:00:00,650.98,34878.0075
2023-03-11 23:00:00,743.8175,33451.6775
2023-03-12 00:00:00,739.165,30575.79
2023-03-12 01:00:00,529.685,28653.165
2023-03-12 02:00:00,310.54499999999996,26500.357500000002
2023-03-12 03:00:00,73.6325,25414.934999999998
2023-03-12 04:00:00,-57.125,25028.4025
2023-03-12 05:00:00,-80.0,26000.32
2023-03-12 06:00:00,-25.4225,27419.26
2023-03-12 07:00:00,49.567499999999995,24504.1375
2023-03-12 08:00:00,-42.875,20481.614999999998
2023-03-12 09:00:00,-80.0,18410.19
2023-03-12 10:00:00,-80.0,18354.285
2023-03-12 11:00:00,-80.0,18887.5
2023-03-12 12:00:00,-80.0,19009.3825
2023-03-12 13:00:00,-80.0,21089.42
2023-03-12 14:00:00,-80.0,21827.2925
2023-03-12 15:00:00,-32.0,22641.47
2023-03-12 16:00:00,288.83,24905.775
2023-03-12 17:00:00,667.4225,30206.615
2023-03-12 18:00:00,873.5475,37210.37
2023-03-12 19:00:00,836.63,38037.365000000005
2023-03-12 20:00:00,802.5375,36609.3325
2023-03-12 21:00:00,579.2,35772.5225
2023-03-12 22:00:00,469.4625,34060.2375
2023-03-12 23:00:00,428.5,33268.7725
2023-03-13 00:00:00,214.2125,30097.1125
2023-03-13 01:00:00,129.43,28371.6
2023-03-13 02:00:00,91.39,27419.9225
2023-03-13 03:00:00,61.575,27155.5675
2023-03-13 04:00:00,57.7025,28004.2525
2023-03-13 05:00:00,65.555,29525.42
2023-03-13 06:00:00,136.39,30076.9525
2023-03-13 07:00:00,103.83250000000001,27949.364999999998
2023-03-13 08:00:00,-38.6575,24206.39
2023-03-13 09:00:00,-80.0,18203.9725
2023-03-13 10:00:00,-80.0,15983.1925
2023-03-13 11:00:00,-80.0,15522.2775
2023-03-13 12:00:00,-80.0,14982.9375
2023-03-13 13:00:00,-80.0,15872.54
2023-03-13 14:00:00,-80.0,17990.1575
2023-03-13 15:00:00,-80.0,20228.002500000002
2023-03-13 16:00:00,-50.0,24958.29
2023-03-13 17:00:00,47.1875,30364.165
2023-03-13 18:00:00,132.83749999999998,34945.807499999995
2023-03-13 19:00:00,65.1725,34596.32
2023-03-13 20:00:00,50.894999999999996,32680.81
2023-03-13 21:00:00,-7.0625,31052.185
2023-03-13 22:00:00,58.25750000000001,28089.9625
2023-03-13 23:00:00,92.53,26819.63
2023-03-14 00:00:00,95.03,23982.95
2023-03-14 01:00:00,72.72,22742.9625
2023-03-14 02:00:00,50.239999999999995,21880.195
2023-03-14 03:00:00,43.9375,21633.59
2023-03-14 04:00:00,66.9375,21635.9675
2023-03-14 05:00:00,142.67000000000002,22515.0525
2023-03-14 06:00:00,262.33000000000004,22282.6175
2023-03-14 07:00:00,231.1525,19847.7075
2023-03-14 08:00:00,91.6825,16209.4375
2023-03-14 09:00:00,-46.9375,14429.855
2023-03-14 10:00:00,-80.0,13285.555
2023-03-14 11:00:00,-80.0,12709.26
2023-03-14 12:00:00,-80.0,12950.3275
2023-03-14 13:00:00,-80.0,14023.8275
2023-03-14 14:00:00,-80.0,14515.06
2023-03-14 15:00:00,72.895,15384.995
2023-03-14 16:00:00,346.865,17420.515
2023-03-14 17:00:00,453.4875,20844.43
2023-03-14 18:00:00,481.23749999999995,24992.0875
2023-03-14 19:00:00,428.5125,24998.739999999998
2023-03-14 20:00:00,392.4525,24739.557500000003
2023-03-14 21:00:00,236.35,23539.6
2023-03-14 22:00:00,191.4025,21638.43
2023-03-14 23:00:00,175.07500000000002,21861.21
2023-03-15 00:00:00,127.23,20368.3175
2023-03-15 01:00:00,9.197500000000002,18858.434999999998
2023-03-15 02:00:00,-41.474999999999994,18118.8675
2023-03-15 03:00:00,34.9875,17999.0075
2023-03-15 04:00:00,22.3125,19365.175
2023-03-15 05:00:00,64.5,21875.065000000002
2023-03-15 06:00:00,270.65749999999997,24051.06
2023-03-15 07:00:00,348.84000000000003,22526.1875
2023-03-15 08:00:00,300.83750000000003,20617.1075
2023-03-15 09:00:00,121.4825,16246.425
2023-03-15 10:00:00,96.8675,14165.4275
2023-03-15 11:00:00,165.345,15085.27
2023-03-15 12:00:00,118.485,12909.8025
2023-03-15 13:00:00,172.2625,13159.68
2023-03-15 14:00:00,171.8225,14685.8725
2023-03-15 15:00:00,425.0725,16901.1425
2023-03-15 16:00:00,676.2475,19674.305
2023-03-15 17:00:00,804.65,22432.5875
2023-03-15 18:00:00,894.31,26835.8575
2023-03-15 19:00:00,794.785,26394.13
2023-03-15 20:00:00,728.2425,25295.055
2023-03-15 21:00:00,600.5275,25565.9875
2023-03-15 22:00:00,659.74,24849.5925
2023-03-15 23:00:00,729.6075,25479.0075
2023-03-16 00:00:00,490.35249999999996,24749.2725
2023-03-16 01:00:00,402.1875,24384.15
2023-03-16 02:00:00,404.6275,24236.1675
2023-03-16 03:00:00,407.1725,24415.22
2023-03-16 04:00:00,407.2075,23957.934999999998
2023-03-16 05:00:00,409.6975,24486.0925
2023-03-16 06:00:00,467.3225,26655.262499999997
2023-03-16 07:00:00,506.145,26752.6325
2023-03-16 08:00:00,481.9175,26660.31
2023-03-16 09:00:00,444.345,23918.1725
2023-03-16 10:00:00,427.135,23796.324999999997
2023-03-16 11:00:00,427.0475,26702.92
2023-03-16 12:00:00,408.66,21667.59
2023-03-16 13:00:00,409.425,23416.085
2023-03-16 14:00:00,408.265,24295.91
2023-03-16 15:00:00,425.4475,28203.68
2023-03-16 16:00:00,444.32,32827.229999999996
2023-03-16 17:00:00,450.2125,35530.659999999996
2023-03-16 18:00:00,451.0375,39529.965
2023-03-16 19:00:00,431.9075,40611.1225
2023-03-16 20:00:00,415.375,40583.9925
2023-03-16 21:00:00,405.775,40148.042499999996
2023-03-16 22:00:00,410.1275,38822.065
2023-03-16 23:00:00,419.5675,39436.6575
2023-03-17 00:00:00,441.1025,37615.695
2023-03-17 01:00:00,437.27,36757.345
2023-03-17 02:00:00,447.88,35487.7125
2023-03-17 03:00:00,455.90999999999997,34515.1775
2023-03-17 04:00:00,455.005,34005.0875
2023-03-17 05:00:00,453.7075,34296.35
2023-03-17 06:00:00,514.4375,33997.6025
2023-03-17 07:00:00,515.0699999999999,31446.5175
2023-03-17 08:00:00,509.0575,29773.24
2023-03-17 09:00:00,501.3875,25342.434999999998
2023-03-17 10:00:00,533.165,22055.58
2023-03-17 11:00:00,608.395,21750.8075
2023-03-17 12:00:00,514.105,18956.3275
2023-03-17 13:00:00,487.1775,21323.92
2023-03-17 14:00:00,464.64750000000004,21140.735
2023-03-17 15:00:00,490.83000000000004,23253.557500000003
2023-03-17 16:00:00,509.18,26127.23
2023-03-17 17:00:00,495.12,27734.6275
2023-03-17 18:00:00,487.11,30149.5975
2023-03-17 19:00:00,475.0675,29941.625
2023-03-17 20:00:00,458.74,28447.5825
2023-03-17 21:00:00,439.3225,27319.505
2023-03-17 22:00:00,436.125,25669.03
2023-03-17 23:00:00,444.04,26081.7575
2023-03-18 00:00:00,425.9875,24926.3475
2023-03-18 01:00:00,415.9275,24488.855
2023-03-18 02:00:00,412.72749999999996,23575.934999999998
2023-03-18 03:00:00,411.5625,24081.5375
2023-03-18 04:00:00,414.95,25123.505
2023-03-18 05:00:00,421.26,27267.605
2023-03-18 06:00:00,427.995,29510.59
2023-03-18 07:00:00,425.5525,28913.6625
2023-03-18 08:00:00,414.985,26532.835
2023-03-18 09:00:00,378.95,22395.677499999998
2023-03-18 10:00:00,349.0525,22192.2
2023-03-18 11:00:00,349.935,24638.4375
2023-03-18 12:00:00,301.4125,22305.392499999998
2023-03-18 13:00:00,319.45,25849.755
2023-03-18 14:00:00,338.3875,28185.855
2023-03-18 15:00:00,379.9525,33130.14
2023-03-18 16:00:00,416.085,36509.1725
2023-03-18 17:00:00,438.705,36525.18
2023-03-18 18:00:00,455.20000000000005,37604.1075
2023-03-18 19:00:00,440.7325,37060.685
2023-03-18 20:00:00,430.7225,36251.4025
2023-03-18 21:00:00,420.7425,35144.885
2023-03-18 22:00:00,424.9,33521.2125
2023-03-18 23:00:00,429.125,34720.3975
2023-03-19 00:00:00,555.825,32787.4425
2023-03-19 01:00:00,594.055,34026.9875
2023-03-19 02:00:00,585.26,35984.3575
2023-03-19 03:00:00,589.875,36062.375
2023-03-19 04:00:00,613.6324999999999,36608.2775
2023-03-19 05:00:00,638.28,38527.19
2023-03-19 06:00:00,665.2025,38026.7275
2023-03-19 07:00:00,632.36,35232.505
2023-03-19 08:00:00,520.085,32316.005
2023-03-19 09:00:00,183.475,27427.0325
2023-03-19 10:00:00,11.192499999999999,26601.3325
2023-03-19 11:00:00,15.8125,29903.5825
2023-03-19 12:00:00,-53.6875,30112.0625
2023-03-19 13:00:00,-58.25,34491.9075
2023-03-19 14:00:00,-53.25,34858.7225
2023-03-19 15:00:00,32.0175,36810.5175
2023-03-19 16:00:00,193.8225,38052.2975
2023-03-19 17:00:00,413.775,37493.524999999994
2023-03-19 18:00:00,535.9525,39919.12
2023-03-19 19:00:00,391.585,40460.255000000005
2023-03-19 20:00:00,174.2775,40389.7425
2023-03-19 21:00:00,71.685,40023.1675
2023-03-19 22:00:00,75.9075,38901.8725
2023-03-19 23:00:00,115.73249999999999,39241.0925
2023-03-20 00:00:00,267.995,36918.925
2023-03-20 01:00:00,307.4975,35187.322499999995
2023-03-20 02:00:00,299.315,33369.4925
2023-03-20 03:00:00,319.82500000000005,32071.9725
2023-03-20 04:00:00,377.735,31974.3
2023-03-20 05:00:00,428.2925,33356.115
2023-03-20 06:00:00,484.4875,33220.365
2023-03-20 07:00:00,497.43,30431.2
2023-03-20 08:00:00,476.875,28764.6725
2023-03-20 09:00:00,357.11249999999995,26493.1575
2023-03-20 10:00:00,287.075,26431.92
2023-03-20 11:00:00,271.6725,28448.86
2023-03-20 12:00:00,184.945,26588.695
2023-03-20 13:00:00,264.385,30491.705
2023-03-20 14:00:00,322.9275,32771.215
2023-03-20 15:00:00,396.94,32992.2725
2023-03-20 16:00:00,454.96500000000003,31241.8675
2023-03-20 17:00:00,467.535,31082.6375
2023-03-20 18:00:00,479.065,33647.7975
2023-03-20 19:00:00,450.7925,34267.2525
2023-03-20 20:00:00,449.5825,34992.2175
2023-03-20 21:00:00,426.8575,35965.0375
2023-03-20 22:00:00,446.7825,37290.025
2023-03-20 23:00:00,474.5175,38305.05
2023-03-21 00:00:00,393.275,36134.08
2023-03-21 01:00:00,362.6625,34166.655
2023-03-21 02:00:00,360.855,31668.2675
2023-03-21 03:00:00,362.355,29823.885000000002
2023-03-21 04:00:00,378.7125,29793.7025
2023-03-21 05:00:00,407.53749999999997,32252.735
2023-03-21 06:00:00,447.5,31929.1575
2023-03-21 07:00:00,448.33000000000004,28668.3125
2023-03-21 08:00:00,443.77250000000004,24427.89
2023-03-21 09:00:00,388.7725,20197.190000000002
2023-03-21 10:00:00,370.6025,19309.505
2023-03-21 11:00:00,384.21500000000003,19203.052499999998
2023-03-21 12:00:00,366.3175,18186.177499999998
2023-03-21 13:00:00,369.085,19048.56
2023-03-21 14:00:00,374.1875,20851.085
2023-03-21 15:00:00,405.395,23011.65
2023-03-21 16:00:00,429.89,28339.775
2023-03-21 17:00:00,423.9475,32621.15
2023-03-21 18:00:00,435.2375,34971.2375
2023-03-21 19:00:00,408.1875,33883.395
2023-03-21 20:00:00,397.37,31265.71
2023-03-21 21:00:00,381.315,29812.6025
2023-03-21 22:00:00,400.13,27668.24
2023-03-21 23:00:00,426.795,26513.017499999998
2023-03-22 00:00:00,414.4,23763.2375
2023-03-22 01:00:00,399.74,22870.86
2023-03-22 02:00:00,389.855,21635.32
2023-03-22 03:00:00,384.4625,21130.81
2023-03-22 04:00:00,392.91499999999996,20980.947500000002
2023-03-22 05:00:00,426.7075,22659.29
2023-03-22 06:00:00,600.48,23252.9475
2023-03-22 07:00:00,574.1875,22508.005
2023-03-22 08:00:00,552.98,20722.739999999998
2023-03-22 09:00:00,458.4475,16892.725
2023-03-22 10:00:00,416.1225,15746.7525
2023-03-22 11:00:00,411.7025,16084.289999999999
2023-03-22 12:00:00,385.815,15588.6475
2023-03-22 13:00:00,390.7925,19672.0125
2023-03-22 14:00:00,402.15250000000003,22076.3525
2023-03-22 15:00:00,412.5475,25668.704999999998
2023-03-22 16:00:00,413.99,30520.6175
2023-03-22 17:00:00,406.8125,32963.21
2023-03-22 18:00:00,413.4925,35735.115
2023-03-22 19:00:00,403.78000000000003,36114.207500000004
2023-03-22 20:00:00,403.765,35850.8175
2023-03-22 21:00:00,392.36,36873.9025
2023-03-22 22:00:00,396.7375,36901.722499999996
2023-03-22 23:00:00,400.8875,37912.3125
2023-03-23 00:00:00,416.3025,37271.3325
2023-03-23 01:00:00,350.3875,36045.46
2023-03-23 02:00:00,203.45,33056.53
2023-03-23 03:00:00,81.755,31010.805
2023-03-23 04:00:00,55.1225,30494.6925
2023-03-23 05:00:00,76.2375,33151.7425
2023-03-23 06:00:00,225.375,34966.3
2023-03-23 07:00:00,187.76,34655.1875
2023-03-23 08:00:00,76.2325,33122.78
2023-03-23 09:00:00,-47.875,27484.822500000002
2023-03-23 10:00:00,-55.25,24534.5425
2023-03-23 11:00:00,6.625,23325.782499999998
2023-03-23 12:00:00,-1.9375,18479.5475
2023-03-23 13:00:00,101.78750000000001,20402.9375
2023-03-23 14:00:00,186.3175,21661.835
2023-03-23 15:00:00,337.11,26695.2875
2023-03-23 16:00:00,478.24,31584.747499999998
2023-03-23 17:00:00,554.5425,34001.3675
2023-03-23 18:00:00,629.1575,37197.6875
2023-03-23 19:00:00,581.1675,37422.0
2023-03-23 20:00:00,609.7149999999999,36347.95
2023-03-23 21:00:00,574.4449999999999,36425.6725
2023-03-23 22:00:00,685.5275,36033.46
2023-03-23 23:00:00,785.4825,36767.69
2023-03-24 00:00:00,506.7325,34649.8075
2023-03-24 01:00:00,401.1325,34608.3975
2023-03-24 02:00:00,392.1275,33164.2625
2023-03-24 03:00:00,393.1825,32891.705
2023-03-24 04:00:00,395.89750000000004,33689.26
2023-03-24 05:00:00,402.46000000000004,36401.275
2023-03-24 06:00:00,413.3125,37111.3825
2023-03-24 07:00:00,409.2175,34139.9675
2023-03-24 08:00:00,401.3875,30055.2925
2023-03-24 09:00:00,380.22499999999997,24923.7125
2023-03-24 10:00:00,377.0575,23307.215
2023-03-24 11:00:00,384.79499999999996,23350.4825
2023-03-24 12:00:00,371.98,19846.3775
2023-03-24 13:00:00,376.8325,21224.502500000002
2023-03-24 14:00:00,382.96250000000003,21536.89
2023-03-24 15:00:00,402.54,25623.675
2023-03-24 16:00:00,417.8175,30830.3525
2023-03-24 17:00:00,420.33000000000004,32696.895
2023-03-24 18:00:00,431.7025,34554.575
2023-03-24 19:00:00,423.53499999999997,32389.755
2023-03-24 20:00:00,419.0575,29590.97
2023-03-24 21:00:00,403.60749999999996,27590.065
2023-03-24 22:00:00,400.325,25179.1125
2023-03-24 23:00:00,404.1775,25601.335
2023-03-25 00:00:00,403.6175,25656.5275
2023-03-25 01:00:00,400.64,26647.84
2023-03-25 02:00:00,400.97,29017.1375
2023-03-25 03:00:00,400.525,31353.3625
2023-03-25 04:00:00,404.6225,34099.792499999996
2023-03-25 05:00:00,409.29,37732.520000000004
2023-03-25 06:00:00,414.815,39518.2325
2023-03-25 07:00:00,414.1175,39333.69
2023-03-25 08:00:00,410.555,38182.8225
2023-03-25 09:00:00,396.9275,31871.795000000002
2023-03-25 10:00:00,392.20500000000004,30439.0625
2023-03-25 11:00:00,397.52250000000004,28331.322500000002
2023-03-25 12:00:00,388.3475,23005.975
2023-03-25 13:00:00,395.2325,22484.5625
2023-03-25 14:00:00,397.385,22004.2225
2023-03-25 15:00:00,406.8225,22384.8925
2023-03-25 16:00:00,410.315,23816.725
2023-03-25 17:00:00,406.51750000000004,24568.345
2023-03-25 18:00:00,408.9875,26380.8075
2023-03-25 19:00:00,408.785,27268.2225
2023-03-25 20:00:00,409.46250000000003,26950.015
2023-03-25 21:00:00,405.21500000000003,26665.34
2023-03-25 22:00:00,407.3225,27970.1475
2023-03-25 23:00:00,411.63750000000005,28822.3375
2023-03-26 00:00:00,435.28999999999996,26792.625
2023-03-26 01:00:00,447.65999999999997,24811.1825
2023-03-26 02:00:00,457.46,23410.6075
2023-03-26 03:00:00,463.6625,22428.08
2023-03-26 04:00:00,474.1425,22229.927499999998
2023-03-26 05:00:00,477.34000000000003,23445.682500000003
2023-03-26 06:00:00,493.4875,26472.375
2023-03-26 07:00:00,463.52,27113.7025
2023-03-26 08:00:00,395.71500000000003,28795.6475
2023-03-26 09:00:00,229.2375,26722.475
2023-03-26 10:00:00,134.13,24873.6675
2023-03-26 11:00:00,153.41,26746.5
2023-03-26 12:00:00,135.215,26768.2675
2023-03-26 13:00:00,104.325,31419.155
2023-03-26 14:00:00,94.5325,31828.765
2023-03-26 15:00:00,230.10000000000002,33336.6825
2023-03-26 16:00:00,374.225,33869.067500000005
2023-03-26 17:00:00,440.1075,33669.15
2023-03-26 18:00:00,485.0025,35312.542499999996
2023-03-26 19:00:00,446.7775,35725.2175
2023-03-26 20:00:00,435.91,35002.8825
2023-03-26 21:00:00,402.915,33766.545
2023-03-26 22:00:00,377.04,32330.5275
2023-03-26 23:00:00,353.5625,32558.925
2023-03-27 00:00:00,303.955,30302.185
2023-03-27 01:00:00,243.06,28626.425
2023-03-27 02:00:00,243.1725,27665.920000000002
2023-03-27 03:00:00,238.35750000000002,27036.135
2023-03-27 04:00:00,249.93,27478.432500000003
2023-03-27 05:00:00,311.6525,28814.0175
2023-03-27 06:00:00,403.5225,30004.2075
2023-03-27 07:00:00,394.70500000000004,31540.695
2023-03-27 08:00:00,291.89,33528.4225
2023-03-27 09:00:00,57.975,32730.1625
2023-03-27 10:00:00,-62.45,33365.8875
2023-03-27 11:00:00,-56.0,35606.9175
2023-03-27 12:00:00,-72.0,33146.11
2023-03-27 13:00:00,-80.0,33924.009999999995
2023-03-27 14:00:00,-55.0625,32948.7425
2023-03-27 15:00:00,165.29,34251.245
2023-03-27 16:00:00,387.8525,36435.479999999996
2023-03-27 17:00:00,559.62,37113.4225
2023-03-27 18:00:00,721.005,38735.917499999996
2023-03-27 19:00:00,622.845,39368.5075
2023-03-27 20:00:00,636.9575,39080.1775
2023-03-27 21:00:00,539.225,37934.66
2023-03-27 22:00:00,501.0225,36697.015
2023-03-27 23:00:00,520.2950000000001,37664.085
2023-03-28 00:00:00,477.25,36001.69
2023-03-28 01:00:00,483.8625,35029.7925
2023-03-28 02:00:00,473.9025,33953.205
2023-03-28 03:00:00,453.86,33439.6975
2023-03-28 04:00:00,473.4475,33349.4075
2023-03-28 05:00:00,571.2275,34144.3775
2023-03-28 06:00:00,666.6025,35944.8
2023-03-28 07:00:00,550.0325,37730.6375
2023-03-28 08:00:00,383.1725,40563.7775
2023-03-28 09:00:00,144.87,41014.6075
2023-03-28 10:00:00,65.2975,42475.207500000004
2023-03-28 11:00:00,40.5075,45044.0225
2023-03-28 12:00:00,-29.625,42025.0875
2023-03-28 13:00:00,26.3275,41277.78
2023-03-28 14:00:00,43.38,39711.235
2023-03-28 15:00:00,79.395,40326.885
2023-03-28 16:00:00,230.8475,39177.755000000005
2023-03-28 17:00:00,334.94,36888.565
2023-03-28 18:00:00,398.38750000000005,36272.5775
2023-03-28 19:00:00,313.3575,36099.475
2023-03-28 20:00:00,312.8925,35828.2125
2023-03-28 21:00:00,182.0925,35488.557499999995
2023-03-28 22:00:00,125.175,34744.2175
2023-03-28 23:00:00,147.5775,36018.9125
2023-03-29 00:00:00,95.0925,35652.945
2023-03-29 01:00:00,64.8125,35010.735
2023-03-29 02:00:00,61.6875,34387.695
2023-03-29 03:00:00,65.74,33722.7175
2023-03-29 04:00:00,111.995,33689.2525
2023-03-29 05:00:00,276.6175,35435.6775
2023-03-29 06:00:00,375.2875,37492.165
2023-03-29 07:00:00,325.61,38755.045
2023-03-29 08:00:00,197.22,38935.0175
2023-03-29 09:00:00,3.875,35128.5875
2023-03-29 10:00:00,-55.3125,33791.4525
2023-03-29 11:00:00,-29.0,35206.0225
2023-03-29 12:00:00,-64.875,34849.7325
2023-03-29 13:00:00,1.75,38009.2675
2023-03-29 14:00:00,21.5,38343.957500000004
2023-03-29 15:00:00,128.95,40513.6575
2023-03-29 16:00:00,314.6475,41380.3875
2023-03-29 17:00:00,372.655,41928.715
2023-03-29 18:00:00,402.445,44120.12
2023-03-29 19:00:00,350.6475,44941.1125
2023-03-29 20:00:00,346.655,44911.6625
2023-03-29 21:00:00,263.2425,44226.29
2023-03-29 22:00:00,240.155,42579.175
2023-03-29 23:00:00,286.055,42379.505
2023-03-30 00:00:00,147.345,40189.89
2023-03-30 01:00:00,94.87,38504.1275
2023-03-30 02:00:00,91.10249999999999,36876.667499999996
2023-03-30 03:00:00,88.875,35881.925
2023-03-30 04:00:00,138.27,35742.5925
2023-03-30 05:00:00,292.5,37226.28
2023-03-30 06:00:00,389.49249999999995,38712.745
2023-03-30 07:00:00,335.685,38953.8825
2023-03-30 08:00:00,159.95499999999998,38338.8625
2023-03-30 09:00:00,6.125,32726.035
2023-03-30 10:00:00,-52.0625,25501.7725
2023-03-30 11:00:00,-22.125,24190.78
2023-03-30 12:00:00,-41.9375,21669.885000000002
2023-03-30 13:00:00,19.3775,23297.45
2023-03-30 14:00:00,44.792500000000004,23706.5375
2023-03-30 15:00:00,110.94999999999999,28186.465
2023-03-30 16:00:00,293.96500000000003,33396.2975
2023-03-30 17:00:00,361.095,36490.8075
2023-03-30 18:00:00,379.4525,40297.0325
2023-03-30 19:00:00,243.6425,40044.2425
2023-03-30 20:00:00,195.0375,38185.7575
2023-03-30 21:00:00,116.2975,36635.4125
2023-03-30 22:00:00,97.48,33939.7775
2023-03-30 23:00:00,133.0775,33413.5225
2023-03-31 00:00:00,148.625,32922.4925
2023-03-31 01:00:00,153.0,33673.5575
2023-03-31 02:00:00,157.5525,33762.287500000006
2023-03-31 03:00:00,161.60750000000002,34125.2125
2023-03-31 04:00:00,227.82500000000002,35458.28
2023-03-31 05:00:00,363.295,38461.432499999995
2023-03-31 06:00:00,455.38,38803.82
2023-03-31 07:00:00,374.305,34351.3075
2023-03-31 08:00:00,208.99,29672.88
2023-03-31 09:00:00,82.85,23604.239999999998
2023-03-31 10:00:00,24.1875,21995.7225
2023-03-31 11:00:00,26.095,21921.155
2023-03-31 12:00:00,-29.384999999999998,18509.84
2023-03-31 13:00:00,28.8775,20610.3125
2023-03-31 14:00:00,49.355000000000004,21317.9925
2023-03-31 15:00:00,87.41499999999999,24312.85
2023-03-31 16:00:00,178.07500000000002,26997.025
2023-03-31 17:00:00,270.07,29745.86
2023-03-31 18:00:00,313.5375,31779.5825
2023-03-31 19:00:00,238.14749999999998,30221.1325
2023-03-31 20:00:00,237.1225,28895.690000000002
2023-03-31 21:00:00,183.0475,27477.682500000003
2023-03-31 22:00:00,171.4025,25332.8875
2023-03-31 23:00:00,200.835,25477.94
2023-04-01 00:00:00,370.59000000000003,23402.3
2023-04-01 01:00:00,421.565,21801.81
2023-04-01 02:00:00,423.60249999999996,20895.53
2023-04-01 03:00:00,427.1525,20133.5125
2023-04-01 04:00:00,440.82,20661.1675
2023-04-01 05:00:00,485.64250000000004,22943.64
2023-04-01 06:00:00,485.00750000000005,23396.760000000002
2023-04-01 07:00:00,462.8375,20282.6075
2023-04-01 08:00:00,431.5875,15779.2575
2023-04-01 09:00:00,366.995,15183.6125
2023-04-01 10:00:00,327.8225,15490.2425
2023-04-01 11:00:00,313.2975,14843.345000000001
2023-04-01 12:00:00,261.77750000000003,14867.6
2023-04-01 13:00:00,312.675,16564.625
2023-04-01 14:00:00,330.1,17318.925
2023-04-01 15:00:00,355.8075,19763.355
2023-04-01 16:00:00,397.915,21450.7075
2023-04-01 17:00:00,418.405,25619.895
2023-04-01 18:00:00,428.1325,30319.3875
2023-04-01 19:00:00,420.2325,30921.0325
2023-04-01 20:00:00,421.4225,30220.495000000003
2023-04-01 21:00:00,412.485,29579.8175
2023-04-01 22:00:00,408.90999999999997,28023.675
2023-04-01 23:00:00,410.4625,27699.605
2023-04-02 00:00:00,493.16749999999996,26509.5075
2023-04-02 01:00:00,526.0799999999999,26646.47
2023-04-02 02:00:00,524.4025,27250.165
2023-04-02 03:00:00,527.1825,27705.44
2023-04-02 04:00:00,546.08,28137.22
2023-04-02 05:00:00,550.9875,31285.835
2023-04-02 06:00:00,551.3525,35220.832500000004
2023-04-02 07:00:00,539.925,36725.275
2023-04-02 08:00:00,360.99,37923.5075
2023-04-02 09:00:00,85.7175,37710.9
2023-04-02 10:00:00,-4.0875,37920.67
2023-04-02 11:00:00,-2.66,37180.6725
2023-04-02 12:00:00,-60.06,32188.84
2023-04-02 13:00:00,-80.0,34905.02
2023-04-02 14:00:00,-58.8125,38215.54
2023-04-02 15:00:00,-7.6875,40782.25
2023-04-02 16:00:00,171.745,41828.18
2023-04-02 17:00:00,313.435,42988.68
2023-04-02 18:00:00,408.15,43642.332500000004
2023-04-02 19:00:00,389.08500000000004,41381.2125
2023-04-02 20:00:00,391.0425,39541.3975
2023-04-02 21:00:00,308.09499999999997,37333.285
2023-04-02 22:00:00,365.245,34581.9
2023-04-02 23:00:00,419.4475,32919.84
2023-04-03 00:00:00,407.35,27988.945
2023-04-03 01:00:00,407.8725,24514.15
2023-04-03 02:00:00,408.305,22831.2125
2023-04-03 03:00:00,406.49,22285.3525
2023-04-03 04:00:00,397.76250000000005,22116.5
2023-04-03 05:00:00,402.765,23519.15
2023-04-03 06:00:00,431.51250000000005,22034.09
2023-04-03 07:00:00,434.62,17788.795
2023-04-03 08:00:00,434.8725,14696.56
2023-04-03 09:00:00,433.65999999999997,14200.1125
2023-04-03 10:00:00,436.38,14701.94
2023-04-03 11:00:00,431.0875,15375.6
2023-04-03 12:00:00,426.8875,15997.795
2023-04-03 13:00:00,435.2975,16690.872499999998
2023-04-03 14:00:00,431.115,17575.5175
2023-04-03 15:00:00,435.1375,19174.355
2023-04-03 16:00:00,426.7575,22650.465
2023-04-03 17:00:00,410.03499999999997,26284.8675
2023-04-03 18:00:00,409.6575,30363.515
2023-04-03 19:00:00,396.555,31522.572500000002
2023-04-03 20:00:00,387.825,29836.247499999998
2023-04-03 21:00:00,365.8875,28373.625
2023-04-03 22:00:00,362.55,26655.5025
2023-04-03 23:00:00,356.515,26304.21
2023-04-04 00:00:00,368.2475,24339.7875
2023-04-04 01:00:00,347.92499999999995,24269.465
2023-04-04 02:00:00,327.8875,25034.8325
2023-04-04 03:00:00,294.17,26775.5875
2023-04-04 04:00:00,279.355,28742.5025
2023-04-04 05:00:00,289.7,31180.14
2023-04-04 06:00:00,365.5625,29913.6475
2023-04-04 07:00:00,403.9725,27978.135000000002
2023-04-04 08:00:00,431.5075,24441.197500000002
2023-04-04 09:00:00,459.5625,19308.4625
2023-04-04 10:00:00,481.0375,17234.87
2023-04-04 11:00:00,484.675,16031.432499999999
2023-04-04 12:00:00,491.8725,14648.8475
2023-04-04 13:00:00,497.64250000000004,15601.5275
2023-04-04 14:00:00,476.9925,16922.3075
2023-04-04 15:00:00,473.4625,19423.715
2023-04-04 16:00:00,454.615,23476.5175
2023-04-04 17:00:00,423.3725,29602.510000000002
2023-04-04 18:00:00,422.23249999999996,34522.8825
2023-04-04 19:00:00,401.1425,35708.479999999996
2023-04-04 20:00:00,384.27,33304.1725
2023-04-04 21:00:00,340.99,31737.05
2023-04-04 22:00:00,339.5625,29150.612500000003
2023-04-04 23:00:00,332.4,27553.97
2023-04-05 00:00:00,22.17,23854.317499999997
2023-04-05 01:00:00,-80.0,21200.3175
2023-04-05 02:00:00,-64.85,19990.595
2023-04-05 03:00:00,-27.6325,19235.43
2023-04-05 04:00:00,-43.2275,19341.7
2023-04-05 05:00:00,-25.427500000000002,20683.2725
2023-04-05 06:00:00,33.125,19058.9375
2023-04-05 07:00:00,6.467499999999999,14234.377499999999
2023-04-05 08:00:00,16.36,12273.27
2023-04-05 09:00:00,-33.754999999999995,12909.5675
2023-04-05 10:00:00,-47.04,13471.2925
2023-04-05 11:00:00,37.69500000000001,13177.6175
2023-04-05 12:00:00,18.392500000000002,11647.8475
2023-04-05 13:00:00,11.5825,13483.4225
2023-04-05 14:00:00,11.9925,14683.31
2023-04-05 15:00:00,146.2175,15934.7125
2023-04-05 16:00:00,363.8,17175.445
2023-04-05 17:00:00,627.5925,18538.41
2023-04-05 18:00:00,896.2175,20675.3525
2023-04-05 19:00:00,959.045,21116.445
2023-04-05 20:00:00,985.29,20254.87
2023-04-05 21:00:00,971.195,20278.9875
2023-04-05 22:00:00,948.9350000000001,18984.5075
2023-04-05 23:00:00,958.5825,18414.0925
2023-04-06 00:00:00,544.325,16403.905
2023-04-06 01:00:00,402.0575,15414.185000000001
2023-04-06 02:00:00,405.28,14947.6275
2023-04-06 03:00:00,411.32,15516.8925
2023-04-06 04:00:00,416.36,15510.557499999999
2023-04-06 05:00:00,428.605,16064.035
2023-04-06 06:00:00,452.625,14720.9575
2023-04-06 07:00:00,450.52,15618.865
2023-04-06 08:00:00,453.3725,16419.52
2023-04-06 09:00:00,449.16,16502.0075
2023-04-06 10:00:00,440.57,15934.8775
2023-04-06 11:00:00,439.455,15587.0575
2023-04-06 12:00:00,416.935,15643.4625
2023-04-06 13:00:00,411.7625,16424.1275
2023-04-06 14:00:00,413.5475,16519.8425
2023-04-06 15:00:00,434.255,16628.745000000003
2023-04-06 16:00:00,447.3875,17069.295
2023-04-06 17:00:00,440.59000000000003,19390.7725
2023-04-06 18:00:00,448.7275,23301.405
2023-04-06 19:00:00,455.5425,24195.885
2023-04-06 20:00:00,451.63,23283.6575
2023-04-06 21:00:00,434.4325,23553.065
2023-04-06 22:00:00,422.83,22966.2875
2023-04-06 23:00:00,411.1125,23833.7675
2023-04-07 00:00:00,552.34,23029.12
2023-04-07 01:00:00,482.895,22699.3075
2023-04-07 02:00:00,357.3375,22407.7425
2023-04-07 03:00:00,248.8175,22819.1375
2023-04-07 04:00:00,170.445,24095.4625
2023-04-07 05:00:00,129.72,25212.6725
2023-04-07 06:00:00,210.6625,24505.465
2023-04-07 07:00:00,304.12,24997.947500000002
2023-04-07 08:00:00,157.10250000000002,26239.239999999998
2023-04-07 09:00:00,56.0,25365.502500000002
2023-04-07 10:00:00,64.73750000000001,25361.6925
2023-04-07 11:00:00,120.14,28424.489999999998
2023-04-07 12:00:00,85.1425,27134.177499999998
2023-04-07 13:00:00,183.22,26816.5075
2023-04-07 14:00:00,96.73,25068.3325
2023-04-07 15:00:00,349.5475,25408.825
2023-04-07 16:00:00,627.675,27061.8275
2023-04-07 17:00:00,708.2125,27726.3475
2023-04-07 18:00:00,730.4124999999999,28585.99
2023-04-07 19:00:00,727.4000000000001,28669.855
2023-04-07 20:00:00,727.63,28395.9575
2023-04-07 21:00:00,696.9225,27425.18
2023-04-07 22:00:00,679.1825,26506.635000000002
2023-04-07 23:00:00,646.3325,27665.085
2023-04-08 00:00:00,483.90749999999997,26759.76
2023-04-08 01:00:00,401.4625,25882.055
2023-04-08 02:00:00,381.8025,24823.34
2023-04-08 03:00:00,385.88,24134.4825
2023-04-08 04:00:00,463.6475,24056.809999999998
2023-04-08 05:00:00,549.5225,25280.5225
2023-04-08 06:00:00,582.8199999999999,27094.505
2023-04-08 07:00:00,595.915,29254.2225
2023-04-08 08:00:00,302.3025,32491.199999999997
2023-04-08 09:00:00,30.052500000000002,34018.2025
2023-04-08 10:00:00,-2.0625,36883.0275
2023-04-08 11:00:00,5.75,40243.0075
2023-04-08 12:00:00,-58.625,37044.0975
2023-04-08 13:00:00,-65.0,37143.3225
2023-04-08 14:00:00,-12.75,34920.5075
2023-04-08 15:00:00,185.48250000000002,35214.2025
2023-04-08 16:00:00,547.8774999999999,35247.7625
2023-04-08 17:00:00,687.2125,33348.865
2023-04-08 18:00:00,714.4300000000001,33000.0625
2023-04-08 19:00:00,682.095,33677.3275
2023-04-08 20:00:00,630.4675,34006.34
2023-04-08 21:00:00,476.2075,34249.64
2023-04-08 22:00:00,399.09,33610.01
2023-04-08 23:00:00,298.20000000000005,34371.277500000004
2023-04-09 00:00:00,184.6525,31806.5
2023-04-09 01:00:00,110.655,29488.85
2023-04-09 02:00:00,83.795,27869.525
2023-04-09 03:00:00,85.62,26970.77
2023-04-09 04:00:00,218.79500000000002,27696.1925
2023-04-09 05:00:00,277.83000000000004,29485.8825
2023-04-09 06:00:00,284.72749999999996,30896.46
2023-04-09 07:00:00,195.48,32091.3225
2023-04-09 08:00:00,-18.6175,33179.74
2023-04-09 09:00:00,-80.0,32204.05
2023-04-09 10:00:00,-80.0,31801.2575
2023-04-09 11:00:00,-80.0,32439.965
2023-04-09 12:00:00,-80.0,29379.1925
2023-04-09 13:00:00,-80.0,29835.2075
2023-04-09 14:00:00,-80.0,29095.0225
2023-04-09 15:00:00,-80.0,28937.8425
2023-04-09 16:00:00,-3.5,29330.9075
2023-04-09 17:00:00,193.8775,28442.7925
2023-04-09 18:00:00,356.28999999999996,29085.0475
2023-04-09 19:00:00,356.4625,29476.8625
2023-04-09 20:00:00,333.4025,29181.6225
2023-04-09 21:00:00,206.695,27418.6375
2023-04-09 22:00:00,243.28,24604.9325
2023-04-09 23:00:00,257.1075,23218.255
2023-04-10 00:00:00,262.475,20779.13
2023-04-10 01:00:00,192.41500000000002,19248.0925
2023-04-10 02:00:00,133.01749999999998,18379.155
2023-04-10 03:00:00,148.65,18314.195
2023-04-10 04:00:00,240.61,18894.5175
2023-04-10 05:00:00,326.0025,21318.1375
2023-04-10 06:00:00,389.3525,21400.535
2023-04-10 07:00:00,408.235,17790.915
2023-04-10 08:00:00,144.73,14758.7925
2023-04-10 09:00:00,-45.8925,14277.8825
2023-04-10 10:00:00,-80.0,14732.875
2023-04-10 11:00:00,-35.375,14602.7725
2023-04-10 12:00:00,-65.125,14777.685
2023-04-10 13:00:00,-80.0,16396.7225
2023-04-10 14:00:00,-80.0,17987.145
2023-04-10 15:00:00,-10.175,20235.1975
2023-04-10 16:00:00,258.5225,23242.0
2023-04-10 17:00:00,335.1325,27030.4
2023-04-10 18:00:00,374.9575,31428.5325
2023-04-10 19:00:00,368.2,33849.915
2023-04-10 20:00:00,386.7175,35251.045
2023-04-10 21:00:00,352.27250000000004,36836.932499999995
2023-04-10 22:00:00,372.59749999999997,36676.1275
2023-04-10 23:00:00,395.24,35723.87
2023-04-11 00:00:00,448.53,32382.155
2023-04-11 01:00:00,424.2,30124.59
2023-04-11 02:00:00,388.6725,28011.5
2023-04-11 03:00:00,354.21250000000003,27368.36
2023-04-11 04:00:00,358.03,27009.0325
2023-04-11 05:00:00,381.46750000000003,27718.785
2023-04-11 06:00:00,421.7875,26466.454999999998
2023-04-11 07:00:00,387.45500000000004,23108.114999999998
2023-04-11 08:00:00,88.3725,18213.395
2023-04-11 09:00:00,-61.5625,15587.2375
2023-04-11 10:00:00,-80.0,15741.0825
2023-04-11 11:00:00,-16.0625,15268.085
2023-04-11 12:00:00,-37.5,15718.4875
2023-04-11 13:00:00,17.7975,16823.7525
2023-04-11 14:00:00,39.87,17822.6825
2023-04-11 15:00:00,148.2575,19708.5175
2023-04-11 16:00:00,399.1225,24045.875
2023-04-11 17:00:00,499.63250000000005,30239.0525
2023-04-11 18:00:00,533.1325,34944.1225
2023-04-11 19:00:00,541.41,37087.8025
2023-04-11 20:00:00,556.61,37593.7175
2023-04-11 21:00:00,541.4350000000001,37666.2175
2023-04-11 22:00:00,531.115,35932.1125
2023-04-11 23:00:00,523.77,35392.26
2023-04-12 00:00:00,494.63,33693.4525
2023-04-12 01:00:00,485.375,32410.82
2023-04-12 02:00:00,478.58750000000003,30857.915
2023-04-12 03:00:00,473.7175,31238.0475
2023-04-12 04:00:00,475.0225,32337.0375
2023-04-12 05:00:00,478.6225,34827.0
2023-04-12 06:00:00,479.64750000000004,33976.0475
2023-04-12 07:00:00,464.8725,30709.6325
2023-04-12 08:00:00,424.12,28320.02
2023-04-12 09:00:00,392.3575,24271.86
2023-04-12 10:00:00,378.9325,22347.695
2023-04-12 11:00:00,351.565,22849.44
2023-04-12 12:00:00,194.235,19738.8475
2023-04-12 13:00:00,235.735,20846.975
2023-04-12 14:00:00,233.26999999999998,22131.455
2023-04-12 15:00:00,317.16499999999996,26009.9175
2023-04-12 16:00:00,385.98,31317.56
2023-04-12 17:00:00,396.7825,35591.8675
2023-04-12 18:00:00,408.19,39152.7425
2023-04-12 19:00:00,401.1675,40850.365000000005
2023-04-12 20:00:00,393.1275,40615.825
2023-04-12 21:00:00,351.14,40044.57
2023-04-12 22:00:00,361.3,38308.9325
2023-04-12 23:00:00,370.23249999999996,38166.295
2023-04-13 00:00:00,195.92,35915.270000000004
2023-04-13 01:00:00,109.41749999999999,34582.1325
2023-04-13 02:00:00,91.56,33740.6625
2023-04-13 03:00:00,78.60249999999999,33340.6025
2023-04-13 04:00:00,103.98249999999999,34376.685
2023-04-13 05:00:00,283.115,36952.3775
2023-04-13 06:00:00,380.94,36199.6425
2023-04-13 07:00:00,382.17,32238.245
2023-04-13 08:00:00,204.89749999999998,28091.7275
2023-04-13 09:00:00,91.03999999999999,23414.0575
2023-04-13 10:00:00,134.5925,21448.64
2023-04-13 11:00:00,243.70750000000004,22367.36
2023-04-13 12:00:00,190.8925,20236.1125
2023-04-13 13:00:00,342.12,22782.315
2023-04-13 14:00:00,438.2325,24387.28
2023-04-13 15:00:00,517.1025000000001,30337.83
2023-04-13 16:00:00,554.6375,35863.5225
2023-04-13 17:00:00,553.8075,37518.7025
2023-04-13 18:00:00,565.5024999999999,39542.2125
2023-04-13 19:00:00,563.2049999999999,41020.68
2023-04-13 20:00:00,557.965,41014.7675
2023-04-13 21:00:00,544.155,41414.015
2023-04-13 22:00:00,547.875,40855.2425
2023-04-13 23:00:00,559.795,41271.195
2023-04-14 00:00:00,479.8325,39731.69
2023-04-14 01:00:00,444.52250000000004,38694.86
2023-04-14 02:00:00,437.90000000000003,38072.9225
2023-04-14 03:00:00,437.6275,37453.53
2023-04-14 04:00:00,444.0575,37889.86
2023-04-14 05:00:00,451.84749999999997,39941.835
2023-04-14 06:00:00,451.4,39711.03
2023-04-14 07:00:00,437.1625,37748.655
2023-04-14 08:00:00,405.0575,35686.494999999995
2023-04-14 09:00:00,378.15,31521.7125
2023-04-14 10:00:00,382.15749999999997,29591.4775
2023-04-14 11:00:00,394.49,29645.545
2023-04-14 12:00:00,386.1825,26449.635000000002
2023-04-14 13:00:00,399.0825,29399.025
2023-04-14 14:00:00,405.81,31022.6775
2023-04-14 15:00:00,420.345,34399.765
2023-04-14 16:00:00,436.19,38111.8125
2023-04-14 17:00:00,434.8375,39366.125
2023-04-14 18:00:00,447.49749999999995,41162.7725
2023-04-14 19:00:00,453.5025,42111.325
2023-04-14 20:00:00,455.11,41601.4975
2023-04-14 21:00:00,448.04,40841.2075
2023-04-14 22:00:00,452.1425,39773.5375
2023-04-14 23:00:00,451.09999999999997,39949.6825
2023-04-15 00:00:00,437.35249999999996,38026.445
2023-04-15 01:00:00,424.25,37459.2525
2023-04-15 02:00:00,414.195,36954.6325
2023-04-15 03:00:00,408.965,36599.0525
2023-04-15 04:00:00,415.09749999999997,37240.61
2023-04-15 05:00:00,416.2525,39458.83
2023-04-15 06:00:00,409.8575,38758.6125
2023-04-15 07:00:00,403.65250000000003,35996.5325
2023-04-15 08:00:00,368.2975,32434.4275
2023-04-15 09:00:00,344.2525,27834.6175
2023-04-15 10:00:00,348.8075,25959.3875
2023-04-15 11:00:00,361.9475,25883.9925
2023-04-15 12:00:00,355.615,22255.4925
2023-04-15 13:00:00,362.38250000000005,24259.267499999998
2023-04-15 14:00:00,359.3,25756.1125
2023-04-15 15:00:00,373.5625,30349.1675
2023-04-15 16:00:00,393.1975,34865.435
2023-04-15 17:00:00,409.785,36538.229999999996
2023-04-15 18:00:00,423.8275,37878.6325
2023-04-15 19:00:00,426.2,38361.32
2023-04-15 20:00:00,426.56,37274.685
2023-04-15 21:00:00,422.96500000000003,36354.1325
2023-04-15 22:00:00,421.105,34564.8025
2023-04-15 23:00:00,424.6675,34084.88
2023-04-16 00:00:00,524.6725,31812.52
2023-04-16 01:00:00,552.19,30709.7575
2023-04-16 02:00:00,537.535,29721.96
2023-04-16 03:00:00,520.92,28696.6425
2023-04-16 04:00:00,522.4575,29210.807500000003
2023-04-16 05:00:00,527.9100000000001,31438.2275
2023-04-16 06:00:00,516.95,30767.2475
2023-04-16 07:00:00,507.6575,27639.8575
2023-04-16 08:00:00,336.95,24734.8375
2023-04-16 09:00:00,139.85500000000002,19460.07
2023-04-16 10:00:00,74.18,17071.8925
2023-04-16 11:00:00,112.57000000000001,17185.6475
2023-04-16 12:00:00,81.805,15546.195
2023-04-16 13:00:00,113.3675,16564.2375
2023-04-16 14:00:00,170.6225,18093.51
2023-04-16 15:00:00,353.5375,19606.67
2023-04-16 16:00:00,482.255,22051.485
2023-04-16 17:00:00,532.36,25113.345
2023-04-16 18:00:00,543.9375,29341.62
2023-04-16 19:00:00,506.6975,31225.725
2023-04-16 20:00:00,465.745,30739.3525
2023-04-16 21:00:00,387.7225,31433.3
2023-04-16 22:00:00,292.0625,31929.22
2023-04-16 23:00:00,266.3,31207.09
2023-04-17 00:00:00,167.89499999999998,30384.085
2023-04-17 01:00:00,122.2625,31034.1275
2023-04-17 02:00:00,88.52250000000001,30317.03
2023-04-17 03:00:00,60.09,30599.9775
2023-04-17 04:00:00,98.73,32541.449999999997
2023-04-17 05:00:00,154.63,34640.7425
2023-04-17 06:00:00,199.04500000000002,33134.68
2023-04-17 07:00:00,267.74,30916.6725
2023-04-17 08:00:00,38.31750000000001,27410.015
2023-04-17 09:00:00,-71.1625,22736.5275
2023-04-17 10:00:00,-80.0,20695.5175
2023-04-17 11:00:00,-51.087500000000006,21845.447500000002
2023-04-17 12:00:00,-70.3625,19533.165
2023-04-17 13:00:00,-80.0,22486.26
2023-04-17 14:00:00,-80.0,23985.002500000002
2023-04-17 15:00:00,105.8575,27894.82
2023-04-17 16:00:00,388.5125,30965.9225
2023-04-17 17:00:00,770.1575,36766.85
2023-04-17 18:00:00,959.7975,40373.957500000004
2023-04-17 19:00:00,972.7,41608.89
2023-04-17 20:00:00,956.435,41113.5325
2023-04-17 21:00:00,918.165,40727.895
2023-04-17 22:00:00,949.835,39330.1525
2023-04-17 23:00:00,1000.0375,38884.62
2023-04-18 00:00:00,657.625,36168.3725
2023-04-18 01:00:00,522.8299999999999,33807.87
2023-04-18 02:00:00,503.005,33015.5375
2023-04-18 03:00:00,485.44,32050.5
2023-04-18 04:00:00,480.015,31734.6025
2023-04-18 05:00:00,489.11749999999995,32347.072500000002
2023-04-18 06:00:00,482.65749999999997,29430.4575
2023-04-18 07:00:00,461.2325,25514.235
2023-04-18 08:00:00,244.7775,22890.8675
2023-04-18 09:00:00,-16.3375,19384.82
2023-04-18 10:00:00,-80.0,17051.9675
2023-04-18 11:00:00,-33.1775,17990.1725
2023-04-18 12:00:00,-64.3925,15586.875
2023-04-18 13:00:00,9.444999999999999,16295.8475
2023-04-18 14:00:00,46.775,16364.93
2023-04-18 15:00:00,170.64499999999998,20034.6125
2023-04-18 16:00:00,374.855,25227.822500000002
2023-04-18 17:00:00,475.9925,29486.934999999998
2023-04-18 18:00:00,508.7525,32184.325
2023-04-18 19:00:00,512.5575,33500.057499999995
2023-04-18 20:00:00,516.2825,34417.4725
2023-04-18 21:00:00,511.0875,34450.4675
2023-04-18 22:00:00,513.4825,32804.4275
2023-04-18 23:00:00,531.9475,32537.74
2023-04-19 00:00:00,511.0025,30872.39
2023-04-19 01:00:00,501.0675,30480.5075
2023-04-19 02:00:00,498.3175,30119.697500000002
2023-04-19 03:00:00,496.14,30216.4675
2023-04-19 04:00:00,505.9475,31288.3825
2023-04-19 05:00:00,520.0875,34063.255
2023-04-19 06:00:00,519.4599999999999,33287.96
2023-04-19 07:00:00,498.09499999999997,29548.3925
2023-04-19 08:00:00,420.3025,27179.6475
2023-04-19 09:00:00,214.85,23404.605
2023-04-19 10:00:00,191.5075,22206.55
2023-04-19 11:00:00,222.90249999999997,22533.3625
2023-04-19 12:00:00,116.49,18829.5775
2023-04-19 13:00:00,161.48499999999999,20035.3575
2023-04-19 14:00:00,227.6875,21093.2025
2023-04-19 15:00:00,345.9925,24965.3
2023-04-19 16:00:00,420.7375,29488.935
2023-04-19 17:00:00,448.4675,31716.955
2023-04-19 18:00:00,448.7425,33130.3725
2023-04-19 19:00:00,425.365,33498.955
2023-04-19 20:00:00,401.6625,31992.27
2023-04-19 21:00:00,315.29499999999996,31066.325
2023-04-19 22:00:00,282.8175,29267.237500000003
2023-04-19 23:00:00,322.6125,28541.7325
2023-04-20 00:00:00,268.885,26362.93
2023-04-20 01:00:00,342.5525,24678.5225
2023-04-20 02:00:00,381.8125,23844.66
2023-04-20 03:00:00,376.3275,23549.6875
2023-04-20 04:00:00,432.44,24198.8325
2023-04-20 05:00:00,631.6075000000001,25981.379999999997
2023-04-20 06:00:00,703.875,24864.36
2023-04-20 07:00:00,576.2049999999999,21711.9775
2023-04-20 08:00:00,390.60249999999996,19239.6375
2023-04-20 09:00:00,175.6575,15443.64
2023-04-20 10:00:00,197.1125,15480.1775
2023-04-20 11:00:00,222.765,15824.279999999999
2023-04-20 12:00:00,144.7425,15995.4175
2023-04-20 13:00:00,170.9875,16791.725
2023-04-20 14:00:00,153.6225,17326.8575
2023-04-20 15:00:00,162.5425,20130.75
2023-04-20 16:00:00,214.905,23461.595
2023-04-20 17:00:00,273.5875,25770.5975
2023-04-20 18:00:00,330.0675,28632.9475
2023-04-20 19:00:00,296.9825,30247.989999999998
2023-04-20 20:00:00,297.21999999999997,30675.005
2023-04-20 21:00:00,294.1,31028.4125
2023-04-20 22:00:00,346.59499999999997,30122.4725
2023-04-20 23:00:00,370.64,29980.565000000002
2023-04-21 00:00:00,374.85,27407.3175
2023-04-21 01:00:00,351.36749999999995,26708.5225
2023-04-21 02:00:00,328.82,26705.695
2023-04-21 03:00:00,346.83,27020.205
2023-04-21 04:00:00,358.58750000000003,28641.3275
2023-04-21 05:00:00,373.14,30562.315
2023-04-21 06:00:00,391.86249999999995,31017.5775
2023-04-21 07:00:00,389.28249999999997,30801.005
2023-04-21 08:00:00,387.82,29350.685
2023-04-21 09:00:00,384.9475,26901.3825
2023-04-21 10:00:00,396.16499999999996,26947.3175
2023-04-21 11:00:00,412.665,26219.067499999997
2023-04-21 12:00:00,403.8325,24759.7125
2023-04-21 13:00:00,411.69,27669.6925
2023-04-21 14:00:00,421.90749999999997,30650.127500000002
2023-04-21 15:00:00,439.365,33891.96
2023-04-21 16:00:00,442.34749999999997,35945.3725
2023-04-21 17:00:00,436.2525,34632.2875
2023-04-21 18:00:00,428.6175,33619.825
2023-04-21 19:00:00,423.4525,32635.6
2023-04-21 20:00:00,425.1775,35563.9775
2023-04-21 21:00:00,420.77750000000003,39090.87
2023-04-21 22:00:00,421.3325,37390.475
2023-04-21 23:00:00,415.84000000000003,34783.2375
2023-04-22 00:00:00,395.1425,34048.2575
2023-04-22 01:00:00,369.44,34542.8975
2023-04-22 02:00:00,330.69,33460.5525
2023-04-22 03:00:00,365.5475,32484.645
2023-04-22 04:00:00,384.5825,32800.81
2023-04-22 05:00:00,393.84000000000003,34966.795
2023-04-22 06:00:00,407.0,36033.2375
2023-04-22 07:00:00,413.875,36664.965
2023-04-22 08:00:00,419.3575,39355.619999999995
2023-04-22 09:00:00,420.765,39430.6475
2023-04-22 10:00:00,431.445,40521.145000000004
2023-04-22 11:00:00,439.60749999999996,41811.57
2023-04-22 12:00:00,431.09749999999997,36617.86
2023-04-22 13:00:00,437.15500000000003,36087.175
2023-04-22 14:00:00,441.46750000000003,34238.2
2023-04-22 15:00:00,451.59499999999997,34909.1475
2023-04-22 16:00:00,458.515,36939.457500000004
2023-04-22 17:00:00,452.51,38115.99
2023-04-22 18:00:00,440.4625,40190.384999999995
2023-04-22 19:00:00,432.6825,40983.3825
2023-04-22 20:00:00,433.35749999999996,40084.167499999996
2023-04-22 21:00:00,428.645,40052.62
2023-04-22 22:00:00,435.33500000000004,39285.3175
2023-04-22 23:00:00,434.7875,40321.46
2023-04-23 00:00:00,426.95500000000004,37276.475
2023-04-23 01:00:00,415.4275,35265.442500000005
2023-04-23 02:00:00,413.14,34590.465
2023-04-23 03:00:00,417.5125,33508.6125
2023-04-23 04:00:00,418.655,32891.8625
2023-04-23 05:00:00,418.83500000000004,33803.495
2023-04-23 06:00:00,426.105,32503.1575
2023-04-23 07:00:00,426.4375,29704.54
2023-04-23 08:00:00,431.4575,27263.567499999997
2023-04-23 09:00:00,430.07500000000005,23066.5275
2023-04-23 10:00:00,446.52250000000004,21433.114999999998
2023-04-23 11:00:00,464.37,21696.122499999998
2023-04-23 12:00:00,451.885,17312.71
2023-04-23 13:00:00,447.95000000000005,17190.945
2023-04-23 14:00:00,448.8075,17839.447500000002
2023-04-23 15:00:00,449.49,20593.4025
2023-04-23 16:00:00,438.8575,25266.965
2023-04-23 17:00:00,427.9375,27951.092500000002
2023-04-23 18:00:00,420.3025,30622.379999999997
2023-04-23 19:00:00,415.63,31090.89
2023-04-23 20:00:00,418.2275,30063.835
2023-04-23 21:00:00,414.86,29445.1425
2023-04-23 22:00:00,419.3175,29434.1325
2023-04-23 23:00:00,421.16,29636.3375
2023-04-24 00:00:00,407.1,27418.705
2023-04-24 01:00:00,395.2075,25282.635000000002
2023-04-24 02:00:00,396.4525,24375.485
2023-04-24 03:00:00,407.96,24951.5775
2023-04-24 04:00:00,416.09250000000003,25562.6075
2023-04-24 05:00:00,423.495,27185.485
2023-04-24 06:00:00,431.14750000000004,25732.9975
2023-04-24 07:00:00,431.175,25272.86
2023-04-24 08:00:00,441.2525,24821.13
2023-04-24 09:00:00,436.69,24295.817499999997
2023-04-24 10:00:00,445.53,27273.6625
2023-04-24 11:00:00,453.71500000000003,31427.575
2023-04-24 12:00:00,440.29499999999996,29487.91
2023-04-24 13:00:00,438.49,31671.6425
2023-04-24 14:00:00,440.2075,30914.5925
2023-04-24 15:00:00,451.065,29357.887499999997
2023-04-24 16:00:00,458.765,30156.61
2023-04-24 17:00:00,459.1,30800.0875
2023-04-24 18:00:00,453.6425,33301.4375
2023-04-24 19:00:00,444.4025,36342.72
2023-04-24 20:00:00,443.705,36462.495
2023-04-24 21:00:00,431.89,36357.1225
2023-04-24 22:00:00,430.9375,36333.7825
2023-04-24 23:00:00,427.7925,34418.695
2023-04-25 00:00:00,428.15250000000003,27748.6975
2023-04-25 01:00:00,423.8275,25162.8325
2023-04-25 02:00:00,419.6925,23097.32
2023-04-25 03:00:00,414.6675,21856.614999999998
2023-04-25 04:00:00,415.3175,22974.5275
2023-04-25 05:00:00,417.185,24364.33
2023-04-25 06:00:00,418.8325,24634.745
2023-04-25 07:00:00,419.49,24414.2725
2023-04-25 08:00:00,401.96,23960.135000000002
2023-04-25 09:00:00,373.245,23654.2175
2023-04-25 10:00:00,370.3475,26179.565000000002
2023-04-25 11:00:00,365.0575,29757.8325
2023-04-25 12:00:00,326.9275,28393.942499999997
2023-04-25 13:00:00,348.745,29895.455
2023-04-25 14:00:00,370.8525,30364.035
2023-04-25 15:00:00,388.7425,32690.3275
2023-04-25 16:00:00,410.9975,33485.604999999996
2023-04-25 17:00:00,416.79249999999996,33366.0225
2023-04-25 18:00:00,423.98,33849.5725
2023-04-25 19:00:00,424.8125,34286.840000000004
2023-04-25 20:00:00,421.08,34679.8375
2023-04-25 21:00:00,400.195,34257.22
2023-04-25 22:00:00,388.4075,33266.442500000005
2023-04-25 23:00:00,381.0625,34067.075
2023-04-26 00:00:00,474.62,32526.2925
2023-04-26 01:00:00,512.6700000000001,32123.7375
2023-04-26 02:00:00,525.865,31745.1725
2023-04-26 03:00:00,543.7675,31399.822500000002
2023-04-26 04:00:00,563.515,31753.8125
2023-04-26 05:00:00,571.2275,33099.3075
2023-04-26 06:00:00,577.605,31111.15
2023-04-26 07:00:00,566.335,27254.43
2023-04-26 08:00:00,496.93,22902.95
2023-04-26 09:00:00,256.6175,19486.752500000002
2023-04-26 10:00:00,192.6725,19226.64
2023-04-26 11:00:00,196.475,19698.565
2023-04-26 12:00:00,110.57499999999999,19272.95
2023-04-26 13:00:00,106.795,20098.21
2023-04-26 14:00:00,145.26,20856.6175
2023-04-26 15:00:00,278.46,24137.43
2023-04-26 16:00:00,447.445,29578.62
2023-04-26 17:00:00,497.035,33021.61
2023-04-26 18:00:00,509.1525,36109.4825
2023-04-26 19:00:00,482.6825,37956.2125
2023-04-26 20:00:00,427.185,37717.130000000005
2023-04-26 21:00:00,352.96500000000003,37761.085
2023-04-26 22:00:00,299.06,37468.47
2023-04-26 23:00:00,209.785,38083.005
2023-04-27 00:00:00,76.70750000000001,35417.455
2023-04-27 01:00:00,43.0625,33542.192500000005
2023-04-27 02:00:00,38.1925,31639.7475
2023-04-27 03:00:00,35.769999999999996,30996.71
2023-04-27 04:00:00,51.1125,31983.7625
2023-04-27 05:00:00,106.8775,33433.729999999996
2023-04-27 06:00:00,103.9325,31190.855
2023-04-27 07:00:00,52.644999999999996,26732.015
2023-04-27 08:00:00,-54.3125,23608.63
2023-04-27 09:00:00,-81.25,19565.2425
2023-04-27 10:00:00,-80.0,19170.864999999998
2023-04-27 11:00:00,-80.0,21077.405
2023-04-27 12:00:00,-80.0,18452.705
2023-04-27 13:00:00,-80.0,20666.4775
2023-04-27 14:00:00,-80.0,22637.9125
2023-04-27 15:00:00,-67.8125,28376.8125
2023-04-27 16:00:00,29.722500000000004,33307.6125
2023-04-27 17:00:00,181.06,34689.9375
2023-04-27 18:00:00,278.6375,35828.2675
2023-04-27 19:00:00,308.8875,36716.3725
2023-04-27 20:00:00,348.055,36311.917499999996
2023-04-27 21:00:00,309.6075,35902.275
2023-04-27 22:00:00,329.2325,34814.54
2023-04-27 23:00:00,343.5425,35694.21
2023-04-28 00:00:00,363.38,34086.475
2023-04-28 01:00:00,370.4175,32834.655
2023-04-28 02:00:00,375.0725,31008.010000000002
2023-04-28 03:00:00,387.2375,29053.1075
2023-04-28 04:00:00,408.4775,28635.7975
2023-04-28 05:00:00,441.9925,29853.745
2023-04-28 06:00:00,468.63,28519.4525
2023-04-28 07:00:00,467.78,26992.5575
2023-04-28 08:00:00,436.9175,25798.6025
2023-04-28 09:00:00,387.22249999999997,19763.405
2023-04-28 10:00:00,388.3075,16957.4075
2023-04-28 11:00:00,396.9625,16882.19
2023-04-28 12:00:00,379.4225,16647.2075
2023-04-28 13:00:00,398.52250000000004,17110.6825
2023-04-28 14:00:00,413.1225,18087.0425
2023-04-28 15:00:00,455.6925,19017.59
2023-04-28 16:00:00,498.8175,21185.3075
2023-04-28 17:00:00,513.2875,21968.945
2023-04-28 18:00:00,501.98,25397.5675
2023-04-28 19:00:00,489.48,28024.095
2023-04-28 20:00:00,481.865,27365.085
2023-04-28 21:00:00,441.6375,26774.982500000002
2023-04-28 22:00:00,404.9425,25206.18
2023-04-28 23:00:00,376.765,26002.915
2023-04-29 00:00:00,229.38,23457.6425
2023-04-29 01:00:00,104.815,21467.8875
2023-04-29 02:00:00,53.2325,21751.2825
2023-04-29 03:00:00,24.855,21805.65
2023-04-29 04:00:00,30.8125,22460.877500000002
2023-04-29 05:00:00,34.8125,24825.2375
2023-04-29 06:00:00,4.375,25048.6325
2023-04-29 07:00:00,-61.4375,24185.5175
2023-04-29 08:00:00,-80.0,24914.0325
2023-04-29 09:00:00,-80.0,23449.425
2023-04-29 10:00:00,-80.0,24309.2875
2023-04-29 11:00:00,-80.0,28236.4225
2023-04-29 12:00:00,-80.0,28234.635000000002
2023-04-29 13:00:00,-80.0,29257.8825
2023-04-29 14:00:00,-80.0,28050.805
2023-04-29 15:00:00,-63.6875,26245.3625
2023-04-29 16:00:00,202.5625,26154.665
2023-04-29 17:00:00,620.295,25302.677499999998
2023-04-29 18:00:00,960.7874999999999,28905.665
2023-04-29 19:00:00,1040.1775,33202.075000000004
2023-04-29 20:00:00,1025.0249999999999,33959.835
2023-04-29 21:00:00,649.195,33636.515
2023-04-29 22:00:00,451.3,32451.677499999998
2023-04-29 23:00:00,318.125,32910.405
2023-04-30 00:00:00,250.08749999999998,30914.6225
2023-04-30 01:00:00,201.2225,30900.5675
2023-04-30 02:00:00,203.87,31472.6025
2023-04-30 03:00:00,288.40250000000003,32738.457499999997
2023-04-30 04:00:00,426.515,34065.22
2023-04-30 05:00:00,531.0425,36120.4275
2023-04-30 06:00:00,477.535,34115.465
2023-04-30 07:00:00,417.9975,32163.142499999998
2023-04-30 08:00:00,172.8375,31430.9925
2023-04-30 09:00:00,-36.269999999999996,29888.255
2023-04-30 10:00:00,-80.0,31534.2775
2023-04-30 11:00:00,-80.0,36438.305
2023-04-30 12:00:00,-80.0,37091.042499999996
2023-04-30 13:00:00,-80.0,40556.412500000006
2023-04-30 14:00:00,-80.0,38413.4725
2023-04-30 15:00:00,37.037499999999994,37958.1875
2023-04-30 16:00:00,395.5575,38204.4225
2023-04-30 17:00:00,653.5675,36931.4575
2023-04-30 18:00:00,731.8575000000001,36585.7725
2023-04-30 19:00:00,739.4025,36647.1725
2023-04-30 20:00:00,739.0475,35965.880000000005
2023-04-30 21:00:00,707.4775,35902.6875
2023-04-30 22:00:00,677.3625,35782.4225
2023-04-30 23:00:00,599.2900000000001,36502.685
2023-05-01 00:00:00,467.23,34709.08
2023-05-01 01:00:00,418.1775,33935.835
2023-05-01 02:00:00,391.935,32732.2775
2023-05-01 03:00:00,369.35249999999996,31595.915
2023-05-01 04:00:00,348.98249999999996,31974.425
2023-05-01 05:00:00,321.65250000000003,33440.7275
2023-05-01 06:00:00,364.1975,33326.322499999995
2023-05-01 07:00:00,116.2125,35982.145
2023-05-01 08:00:00,-53.0,38820.435
2023-05-01 09:00:00,-80.0,40550.2375
2023-05-01 10:00:00,-80.0,41918.3575
2023-05-01 11:00:00,-80.0,44203.3775
2023-05-01 12:00:00,-80.0,41411.2475
2023-05-01 13:00:00,-80.0,41690.8475
2023-05-01 14:00:00,-80.0,40240.9725
2023-05-01 15:00:00,-80.0,40054.557499999995
2023-05-01 16:00:00,-80.0,39503.6625
2023-05-01 17:00:00,-18.545,37616.845
2023-05-01 18:00:00,80.69,36257.0
2023-05-01 19:00:00,124.4,35348.9625
2023-05-01 20:00:00,201.515,35576.457500000004
2023-05-01 21:00:00,261.76,35828.84
2023-05-01 22:00:00,352.7375,35902.075
2023-05-01 23:00:00,265.7375,37050.585
2023-05-02 00:00:00,-3.0050000000000026,35628.1425
2023-05-02 01:00:00,-80.0,34503.494999999995
2023-05-02 02:00:00,-80.0,33613.4075
2023-05-02 03:00:00,-80.0,32483.7775
2023-05-02 04:00:00,-80.0,31731.105
2023-05-02 05:00:00,-80.0,31858.68
2023-05-02 06:00:00,-80.0,30700.2425
2023-05-02 07:00:00,-80.0,32194.435
2023-05-02 08:00:00,-80.0,34796.817500000005
2023-05-02 09:00:00,-80.0,35563.22
2023-05-02 10:00:00,-80.0,38021.7425
2023-05-02 11:00:00,-80.0,42951.04
2023-05-02 12:00:00,-80.0,41131.525
2023-05-02 13:00:00,-80.0,41067.2375
2023-05-02 14:00:00,-80.0,38005.3925
2023-05-02 15:00:00,-80.0,37570.667499999996
2023-05-02 16:00:00,-18.95,37074.85
2023-05-02 17:00:00,41.69,35471.322499999995
2023-05-02 18:00:00,274.6825,34884.4275
2023-05-02 19:00:00,379.9925,35137.3775
2023-05-02 20:00:00,420.925,36437.59
2023-05-02 21:00:00,362.53249999999997,36085.899999999994
2023-05-02 22:00:00,411.5525,35369.36
2023-05-02 23:00:00,459.4325,36423.025
2023-05-03 00:00:00,270.535,35504.33
2023-05-03 01:00:00,105.265,34503.494999999995
2023-05-03 02:00:00,87.8075,33613.4075
2023-05-03 03:00:00,171.8775,32483.7775
2023-05-03 04:00:00,324.3,31731.105
2023-05-03 05:00:00,355.8125,31858.68
2023-05-03 06:00:00,302.2,30700.2425
2023-05-03 07:00:00,347.7425,32194.435
2023-05-03 08:00:00,224.385,34796.817500000005
2023-05-03 09:00:00,153.25,35563.22
2023-05-03 10:00:00,275.28499999999997,38021.7425
2023-05-03 11:00:00,396.5,42951.04
2023-05-03 12:00:00,400.605,41131.525
2023-05-03 13:00:00,400.885,41067.2375
2023-05-03 14:00:00,386.8275,38005.3925
2023-05-03 15:00:00,403.53,37570.667499999996
2023-05-03 16:00:00,420.39,37074.85
2023-05-03 17:00:00,414.225,35471.322499999995
2023-05-03 18:00:00,389.0175,34884.4275
2023-05-03 19:00:00,380.405,35137.3775
2023-05-03 20:00:00,403.3075,36437.59
2023-05-03 21:00:00,405.91999999999996,36085.899999999994
2023-05-03 22:00:00,404.3125,35369.36
2023-05-03 23:00:00,399.6325,36423.025
2023-05-04 00:00:00,395.24,35275.2725
2023-05-04 01:00:00,407.2975,34181.9775
2023-05-04 02:00:00,411.5325,33396.1425
2023-05-04 03:00:00,401.8325,32955.795
2023-05-04 04:00:00,358.02750000000003,32812.395
2023-05-04 05:00:00,340.1875,34700.6075
2023-05-04 06:00:00,341.3075,35054.875
2023-05-04 07:00:00,354.9775,35779.66
2023-05-04 08:00:00,389.25,37660.994999999995
2023-05-04 09:00:00,402.94,37780.6425
2023-05-04 10:00:00,407.98,39401.462499999994
2023-05-04 11:00:00,419.5175,42086.9625
2023-05-04 12:00:00,410.8725,38514.7975
2023-05-04 13:00:00,420.65,38564.229999999996
2023-05-04 14:00:00,430.2675,36661.3875
2023-05-04 15:00:00,433.6425,36587.23
2023-05-04 16:00:00,421.61,36789.785
2023-05-04 17:00:00,406.04,35927.3275
2023-05-04 18:00:00,407.53000000000003,36947.6875
2023-05-04 19:00:00,412.22249999999997,37949.4775
2023-05-04 20:00:00,414.175,38474.32
2023-05-04 21:00:00,406.51250000000005,38721.4025
2023-05-04 22:00:00,402.575,37909.6875
2023-05-04 23:00:00,397.55999999999995,38553.61
2023-05-05 00:00:00,412.8675,37043.49
2023-05-05 01:00:00,415.405,35824.285
2023-05-05 02:00:00,409.325,35326.385
2023-05-05 03:00:00,400.635,34950.6425
2023-05-05 04:00:00,401.3225,35319.4825
2023-05-05 05:00:00,424.0575,36522.9325
2023-05-05 06:00:00,443.015,33936.3125
2023-05-05 07:00:00,444.34000000000003,29516.2025
2023-05-05 08:00:00,440.39750000000004,25877.9075
2023-05-05 09:00:00,429.6875,22490.375
2023-05-05 10:00:00,427.645,22312.525
2023-05-05 11:00:00,424.5675,24632.635
2023-05-05 12:00:00,397.55,22828.1875
2023-05-05 13:00:00,384.7525,24775.807500000003
2023-05-05 14:00:00,376.28000000000003,26265.205
2023-05-05 15:00:00,378.6375,31830.557500000003
2023-05-05 16:00:00,366.40999999999997,36342.85
2023-05-05 17:00:00,365.83000000000004,35884.805
2023-05-05 18:00:00,383.595,36379.6425
2023-05-05 19:00:00,388.2675,36843.5075
2023-05-05 20:00:00,383.515,36506.1225
2023-05-05 21:00:00,372.9825,35688.065
2023-05-05 22:00:00,362.9125,34925.265
2023-05-05 23:00:00,217.01749999999998,35112.95
2023-05-06 00:00:00,-17.707500000000003,33690.405
2023-05-06 01:00:00,-80.0,34560.9725
2023-05-06 02:00:00,-80.0,34891.3325
2023-05-06 03:00:00,-80.0,34174.97
2023-05-06 04:00:00,-80.0,34479.0025
2023-05-06 05:00:00,-23.1875,36328.54
2023-05-06 06:00:00,28.674999999999997,34518.6925
2023-05-06 07:00:00,70.8125,31207.7075
2023-05-06 08:00:00,-39.7,26551.4525
2023-05-06 09:00:00,-80.0,21505.1575
2023-05-06 10:00:00,-80.0,19278.46
2023-05-06 11:00:00,-80.0,19637.627500000002
2023-05-06 12:00:00,-80.0,17487.0075
2023-05-06 13:00:00,-80.0,18437.155
2023-05-06 14:00:00,-80.0,19129.105
2023-05-06 15:00:00,65.0875,22501.4375
2023-05-06 16:00:00,339.9875,26918.71
2023-05-06 17:00:00,448.185,32691.905
2023-05-06 18:00:00,508.2875,35155.54
2023-05-06 19:00:00,564.215,36311.375
2023-05-06 20:00:00,685.0,35931.975
2023-05-06 21:00:00,922.365,34764.0725
2023-05-06 22:00:00,1008.5425,37503.405
2023-05-06 23:00:00,1009.0975,39790.3225
2023-05-07 00:00:00,700.3525,38831.17
2023-05-07 01:00:00,580.26,37221.64
2023-05-07 02:00:00,502.245,36678.365
2023-05-07 03:00:00,434.495,35066.715
2023-05-07 04:00:00,419.0425,33895.095
2023-05-07 05:00:00,390.85,33914.8775
2023-05-07 06:00:00,300.625,29996.925
2023-05-07 07:00:00,163.76,25760.96
2023-05-07 08:00:00,-28.2175,23296.427499999998
2023-05-07 09:00:00,-80.0,19781.9925
2023-05-07 10:00:00,-80.0,18691.739999999998
2023-05-07 11:00:00,-80.0,19011.295
2023-05-07 12:00:00,-80.0,17828.2775
2023-05-07 13:00:00,-80.0,21072.48
2023-05-07 14:00:00,-80.0,22836.1275
2023-05-07 15:00:00,-31.8125,25588.6125
2023-05-07 16:00:00,273.71999999999997,29322.2375
2023-05-07 17:00:00,530.44,33598.1025
2023-05-07 18:00:00,607.9250000000001,36832.494999999995
2023-05-07 19:00:00,610.34,39059.425
2023-05-07 20:00:00,621.4000000000001,38840.145000000004
2023-05-07 21:00:00,633.9825000000001,38212.3425
2023-05-07 22:00:00,639.5675,39600.167499999996
2023-05-07 23:00:00,635.125,41044.3975
2023-05-08 00:00:00,524.355,40021.744999999995
2023-05-08 01:00:00,477.04999999999995,39633.8375
2023-05-08 02:00:00,466.03249999999997,40121.5925
2023-05-08 03:00:00,458.495,39888.412500000006
2023-05-08 04:00:00,465.7625,40567.9375
2023-05-08 05:00:00,474.0,41250.7475
2023-05-08 06:00:00,464.02750000000003,37154.1825
2023-05-08 07:00:00,438.8125,31634.9125
2023-05-08 08:00:00,362.755,25847.6175
2023-05-08 09:00:00,87.005,21088.945
2023-05-08 10:00:00,65.78,20332.2625
2023-05-08 11:00:00,105.465,20739.8
2023-05-08 12:00:00,-7.702500000000001,20772.0
2023-05-08 13:00:00,91.94,22042.14
2023-05-08 14:00:00,168.27749999999997,22976.1025
2023-05-08 15:00:00,333.4275,28480.6125
2023-05-08 16:00:00,427.2275,34208.630000000005
2023-05-08 17:00:00,467.71750000000003,37062.932499999995
2023-05-08 18:00:00,497.9375,36544.7775
2023-05-08 19:00:00,504.34250000000003,36485.63
2023-05-08 20:00:00,508.87,35596.1375
2023-05-08 21:00:00,497.365,33482.19
2023-05-08 22:00:00,496.12,34301.5775
2023-05-08 23:00:00,483.81,35056.31
2023-05-09 00:00:00,454.5875,33439.6175
2023-05-09 01:00:00,437.6375,32403.08
2023-05-09 02:00:00,427.6,32514.417499999996
2023-05-09 03:00:00,424.455,32513.135000000002
2023-05-09 04:00:00,432.9,33065.23
2023-05-09 05:00:00,444.3725,34218.152500000004
2023-05-09 06:00:00,440.255,31922.275
2023-05-09 07:00:00,423.5075,29778.4625
2023-05-09 08:00:00,377.2025,25499.3175
2023-05-09 09:00:00,273.85,20674.3075
2023-05-09 10:00:00,267.98,20003.1275
2023-05-09 11:00:00,259.1325,21027.0375
2023-05-09 12:00:00,133.10750000000002,20192.2975
2023-05-09 13:00:00,186.0675,22866.627500000002
2023-05-09 14:00:00,297.56,26177.3875
2023-05-09 15:00:00,386.495,31654.5625
2023-05-09 16:00:00,434.2225,35132.63
2023-05-09 17:00:00,459.0175,36378.795
2023-05-09 18:00:00,482.7075,35188.93
2023-05-09 19:00:00,492.0075,34961.585
2023-05-09 20:00:00,500.5675,33663.235
2023-05-09 21:00:00,494.0175,30946.395
2023-05-09 22:00:00,495.365,31104.745
2023-05-09 23:00:00,487.60249999999996,32196.8525
2023-05-10 00:00:00,461.31,31146.215
2023-05-10 01:00:00,447.7725,30529.37
2023-05-10 02:00:00,439.91499999999996,31702.705
2023-05-10 03:00:00,436.365,32186.2275
2023-05-10 04:00:00,443.8875,33079.61
2023-05-10 05:00:00,458.16499999999996,34942.3125
2023-05-10 06:00:00,450.225,33192.865
2023-05-10 07:00:00,431.38750000000005,29530.3125
2023-05-10 08:00:00,411.765,24505.7575
2023-05-10 09:00:00,391.505,19009.375
2023-05-10 10:00:00,388.24,18021.317499999997
2023-05-10 11:00:00,382.77750000000003,18536.5775
2023-05-10 12:00:00,359.1875,18359.5275
2023-05-10 13:00:00,364.4575,19527.0975
2023-05-10 14:00:00,379.71750000000003,20578.325
2023-05-10 15:00:00,403.1,23352.995
2023-05-10 16:00:00,423.715,27659.625
2023-05-10 17:00:00,434.04,29623.065
2023-05-10 18:00:00,451.07,29221.27
2023-05-10 19:00:00,460.7025,30203.4925
2023-05-10 20:00:00,465.11,29392.760000000002
2023-05-10 21:00:00,449.42,27564.3
2023-05-10 22:00:00,442.21250000000003,27893.2325
2023-05-10 23:00:00,436.965,28726.4575
2023-05-11 00:00:00,448.5625,28143.69
2023-05-11 01:00:00,455.53,27953.197500000002
2023-05-11 02:00:00,452.025,29611.97
2023-05-11 03:00:00,448.38,30536.4225
2023-05-11 04:00:00,458.9075,32205.72
2023-05-11 05:00:00,475.9725,34739.067500000005
2023-05-11 06:00:00,471.83000000000004,34222.009999999995
2023-05-11 07:00:00,451.18,30966.36
2023-05-11 08:00:00,427.51250000000005,26203.525
2023-05-11 09:00:00,404.1475,21239.68
2023-05-11 10:00:00,403.685,19581.815
2023-05-11 11:00:00,406.3325,20607.9125
2023-05-11 12:00:00,388.665,19274.88
2023-05-11 13:00:00,394.08,20511.75
2023-05-11 14:00:00,405.845,22735.3325
2023-05-11 15:00:00,426.7025,28698.057500000003
2023-05-11 16:00:00,441.485,34614.79
2023-05-11 17:00:00,438.1725,39219.7875
2023-05-11 18:00:00,438.77000000000004,41010.472499999996
2023-05-11 19:00:00,432.9475,42520.325
2023-05-11 20:00:00,426.825,41629.57
2023-05-11 21:00:00,415.09000000000003,39299.8925
2023-05-11 22:00:00,411.115,38353.9975
2023-05-11 23:00:00,404.1925,37036.6175
2023-05-12 00:00:00,489.0675,33720.7175
2023-05-12 01:00:00,518.41,32166.260000000002
2023-05-12 02:00:00,513.23,31889.637499999997
2023-05-12 03:00:00,511.005,30840.13
2023-05-12 04:00:00,529.2175,30990.02
2023-05-12 05:00:00,558.0725,32315.5475
2023-05-12 06:00:00,549.975,30831.015
2023-05-12 07:00:00,506.28249999999997,28829.185
2023-05-12 08:00:00,315.85249999999996,27460.5475
2023-05-12 09:00:00,57.787499999999994,25318.5825
2023-05-12 10:00:00,-6.4375,24314.945
2023-05-12 11:00:00,-13.055,24100.2225
2023-05-12 12:00:00,-63.8725,20265.015
2023-05-12 13:00:00,-80.0,20295.7825
2023-05-12 14:00:00,-62.9375,19744.28
2023-05-12 15:00:00,125.9375,22232.7925
2023-05-12 16:00:00,361.8325,25857.1325
2023-05-12 17:00:00,440.63,29953.43
2023-05-12 18:00:00,488.65999999999997,32680.475
2023-05-12 19:00:00,495.54999999999995,34157.18
2023-05-12 20:00:00,508.0375,35613.4025
2023-05-12 21:00:00,500.96750000000003,34485.807499999995
2023-05-12 22:00:00,507.89,35455.2875
2023-05-12 23:00:00,513.3525,37373.075000000004
2023-05-13 00:00:00,473.445,36417.542499999996
2023-05-13 01:00:00,439.8625,35170.595
2023-05-13 02:00:00,430.28999999999996,36209.775
2023-05-13 03:00:00,439.935,35395.8575
2023-05-13 04:00:00,486.64,35888.155
2023-05-13 05:00:00,515.22,38703.2925
2023-05-13 06:00:00,491.63,37667.6075
2023-05-13 07:00:00,423.15000000000003,34504.305
2023-05-13 08:00:00,132.4725,29707.3075
2023-05-13 09:00:00,-53.215,23986.9825
2023-05-13 10:00:00,-77.125,20251.862500000003
2023-05-13 11:00:00,-38.125,20259.3925
2023-05-13 12:00:00,-66.5,19645.0775
2023-05-13 13:00:00,-80.0,20534.995
2023-05-13 14:00:00,-44.0,22432.2725
2023-05-13 15:00:00,124.33,25984.7275
2023-05-13 16:00:00,349.24,33020.0625
2023-05-13 17:00:00,501.90250000000003,39673.9275
2023-05-13 18:00:00,567.2725,41651.3375
2023-05-13 19:00:00,586.2625,41412.545
2023-05-13 20:00:00,596.8675,39891.8775
2023-05-13 21:00:00,590.7125,36762.8975
2023-05-13 22:00:00,584.665,36024.15
2023-05-13 23:00:00,566.6125000000001,35198.2675
2023-05-14 00:00:00,566.01,32838.155
2023-05-14 01:00:00,557.695,31103.5375
2023-05-14 02:00:00,542.6675,30044.28
2023-05-14 03:00:00,528.06,29377.67
2023-05-14 04:00:00,532.5825,30770.205
2023-05-14 05:00:00,532.91,33989.46
2023-05-14 06:00:00,485.65000000000003,33293.75
2023-05-14 07:00:00,388.2225,30569.1025
2023-05-14 08:00:00,93.6025,26854.6075
2023-05-14 09:00:00,-58.875,22122.7725
2023-05-14 10:00:00,-63.5,21574.53
2023-05-14 11:00:00,-33.25,22277.1325
2023-05-14 12:00:00,-66.25,21330.36
2023-05-14 13:00:00,-74.0,22310.5725
2023-05-14 14:00:00,-39.525,23408.6825
2023-05-14 15:00:00,90.08500000000001,27566.747499999998
2023-05-14 16:00:00,339.97249999999997,34000.8675
2023-05-14 17:00:00,444.5475,40499.205
2023-05-14 18:00:00,505.04499999999996,42928.2325
2023-05-14 19:00:00,524.6875,44134.932499999995
2023-05-14 20:00:00,547.0749999999999,42772.5075
2023-05-14 21:00:00,547.9300000000001,40237.215000000004
2023-05-14 22:00:00,553.7625,40254.05
2023-05-14 23:00:00,541.9100000000001,41169.835
2023-05-15 00:00:00,492.845,40731.725
2023-05-15 01:00:00,464.78,40150.97
2023-05-15 02:00:00,455.41999999999996,39805.015
2023-05-15 03:00:00,454.38,38435.1425
2023-05-15 04:00:00,479.66749999999996,37913.020000000004
2023-05-15 05:00:00,517.0699999999999,37348.8225
2023-05-15 06:00:00,517.12,35404.225
2023-05-15 07:00:00,487.72749999999996,34521.45
2023-05-15 08:00:00,431.5625,31355.4475
2023-05-15 09:00:00,351.4,27401.3375
2023-05-15 10:00:00,344.5225,22436.9625
2023-05-15 11:00:00,298.155,21621.2225
2023-05-15 12:00:00,36.74499999999999,21139.2775
2023-05-15 13:00:00,124.665,21984.22
2023-05-15 14:00:00,242.995,23155.2225
2023-05-15 15:00:00,365.755,27240.6875
2023-05-15 16:00:00,437.2025,33624.380000000005
2023-05-15 17:00:00,471.495,38552.805
2023-05-15 18:00:00,490.3875,40024.520000000004
2023-05-15 19:00:00,484.58500000000004,40405.595
2023-05-15 20:00:00,479.34250000000003,40215.925
2023-05-15 21:00:00,458.195,39375.205
2023-05-15 22:00:00,451.25750000000005,40427.7
2023-05-15 23:00:00,436.9475,42320.284999999996
2023-05-16 00:00:00,447.1375,42052.75
2023-05-16 01:00:00,421.5725,42158.7925
2023-05-16 02:00:00,396.40500000000003,42620.1375
2023-05-16 03:00:00,396.3675,42207.1125
2023-05-16 04:00:00,430.35249999999996,42176.625
2023-05-16 05:00:00,505.09749999999997,42945.8625
2023-05-16 06:00:00,450.78249999999997,39410.9075
2023-05-16 07:00:00,340.4375,34362.895
2023-05-16 08:00:00,58.815,28876.8275
2023-05-16 09:00:00,-66.4,25246.46
2023-05-16 10:00:00,-80.0,24932.32
2023-05-16 11:00:00,-57.125,27012.1325
2023-05-16 12:00:00,-72.375,24645.0475
2023-05-16 13:00:00,-80.0,25594.6675
2023-05-16 14:00:00,-80.0,26286.1425
2023-05-16 15:00:00,147.6475,31160.975
2023-05-16 16:00:00,470.48249999999996,35281.4525
2023-05-16 17:00:00,575.9375,37862.1775
2023-05-16 18:00:00,654.7875,37779.8525
2023-05-16 19:00:00,676.1899999999999,38015.73
2023-05-16 20:00:00,682.635,38448.3
2023-05-16 21:00:00,678.995,35239.9225
2023-05-16 22:00:00,685.5675,34227.1425
2023-05-16 23:00:00,663.5,35407.5625
2023-05-17 00:00:00,479.645,35921.055
2023-05-17 01:00:00,419.63,37755.345
2023-05-17 02:00:00,417.6075,38706.947499999995
2023-05-17 03:00:00,419.5375,38095.770000000004
2023-05-17 04:00:00,439.61,37645.5925
2023-05-17 05:00:00,467.2175,40040.192500000005
2023-05-17 06:00:00,452.7925,39525.8475
2023-05-17 07:00:00,417.9625,37030.165
2023-05-17 08:00:00,299.1125,35132.5175
2023-05-17 09:00:00,210.79,31702.237500000003
2023-05-17 10:00:00,268.5225,30089.0325
2023-05-17 11:00:00,257.9325,30888.760000000002
2023-05-17 12:00:00,186.28750000000002,26940.33
2023-05-17 13:00:00,304.135,26960.395
2023-05-17 14:00:00,398.765,27802.0575
2023-05-17 15:00:00,441.58,32634.6575
2023-05-17 16:00:00,471.62,38150.765
2023-05-17 17:00:00,473.955,42785.69
2023-05-17 18:00:00,471.9,44989.1425
2023-05-17 19:00:00,465.1625,47129.8775
2023-05-17 20:00:00,483.265,46570.35
2023-05-17 21:00:00,496.795,44768.317500000005
2023-05-17 22:00:00,498.12,45677.9875
2023-05-17 23:00:00,475.055,46412.6275
2023-05-18 00:00:00,442.7425,44968.7975
2023-05-18 01:00:00,432.625,44009.479999999996
2023-05-18 02:00:00,430.3125,43719.5925
2023-05-18 03:00:00,426.9525,43084.6225
2023-05-18 04:00:00,430.4375,43539.92
2023-05-18 05:00:00,439.41,45235.725
2023-05-18 06:00:00,433.2925,43333.1725
2023-05-18 07:00:00,418.9075,38450.5275
2023-05-18 08:00:00,401.0075,34571.1575
2023-05-18 09:00:00,372.2675,30732.94
2023-05-18 10:00:00,373.34749999999997,29522.25
2023-05-18 11:00:00,369.45,30426.645
2023-05-18 12:00:00,325.2675,29386.9025
2023-05-18 13:00:00,348.39,30699.35
2023-05-18 14:00:00,376.5,31095.427499999998
2023-05-18 15:00:00,412.1925,34622.7
2023-05-18 16:00:00,444.4875,38397.6175
2023-05-18 17:00:00,463.94500000000005,43165.9775
2023-05-18 18:00:00,487.96500000000003,44834.9
2023-05-18 19:00:00,489.095,45852.7725
2023-05-18 20:00:00,484.9625,45151.7425
2023-05-18 21:00:00,474.8325,43287.3225
2023-05-18 22:00:00,484.53499999999997,43692.2425
2023-05-18 23:00:00,477.095,44797.28
2023-05-19 00:00:00,631.44,44077.5675
2023-05-19 01:00:00,686.6800000000001,43308.325
2023-05-19 02:00:00,680.13,43886.42
2023-05-19 03:00:00,665.025,43327.605
2023-05-19 04:00:00,665.9775,43393.76
2023-05-19 05:00:00,679.7225000000001,45252.095
2023-05-19 06:00:00,627.525,42941.98
2023-05-19 07:00:00,467.83500000000004,37944.8825
2023-05-19 08:00:00,206.1775,34090.525
2023-05-19 09:00:00,-26.345,30545.635000000002
2023-05-19 10:00:00,-80.0,28782.995
2023-05-19 11:00:00,-52.055,29605.335
2023-05-19 12:00:00,-70.685,26539.885000000002
2023-05-19 13:00:00,-80.0,27630.46
2023-05-19 14:00:00,-80.0,29295.2725
2023-05-19 15:00:00,-22.325,34004.325
2023-05-19 16:00:00,196.96249999999998,39629.78
2023-05-19 17:00:00,362.04249999999996,44545.1225
2023-05-19 18:00:00,416.335,46823.149999999994
2023-05-19 19:00:00,407.15,48877.365000000005
2023-05-19 20:00:00,378.78,47095.1825
2023-05-19 21:00:00,362.56,41754.2625
2023-05-19 22:00:00,398.1075,40768.354999999996
2023-05-19 23:00:00,388.815,40273.825
2023-05-20 00:00:00,382.9875,38002.345
2023-05-20 01:00:00,367.9825,37274.5325
2023-05-20 02:00:00,372.905,37518.4225
2023-05-20 03:00:00,391.39,37068.354999999996
2023-05-20 04:00:00,413.6725,36499.89
2023-05-20 05:00:00,423.47,38242.307499999995
2023-05-20 06:00:00,427.94,36729.435
2023-05-20 07:00:00,407.965,33921.7675
2023-05-20 08:00:00,398.0575,31298.795
2023-05-20 09:00:00,399.88,28476.4875
2023-05-20 10:00:00,411.025,27961.3275
2023-05-20 11:00:00,429.43,29346.3475
2023-05-20 12:00:00,422.4,27204.377500000002
2023-05-20 13:00:00,423.65500000000003,28791.364999999998
2023-05-20 14:00:00,425.45500000000004,30110.635000000002
2023-05-20 15:00:00,421.4275,34575.55
2023-05-20 16:00:00,428.63,39714.7575
2023-05-20 17:00:00,439.97,43279.0375
2023-05-20 18:00:00,460.08750000000003,43406.905
2023-05-20 19:00:00,465.01,44029.6575
2023-05-20 20:00:00,459.2625,43130.01
2023-05-20 21:00:00,465.6675,40826.645000000004
2023-05-20 22:00:00,483.1025,40187.395
2023-05-20 23:00:00,467.8025,39430.55
2023-05-21 00:00:00,479.17499999999995,36440.5175
2023-05-21 01:00:00,432.8675,35004.175
2023-05-21 02:00:00,360.325,35543.655
2023-05-21 03:00:00,234.935,35648.94
2023-05-21 04:00:00,215.01,36396.7525
2023-05-21 05:00:00,243.21,38534.6175
2023-05-21 06:00:00,323.72249999999997,36781.3275
2023-05-21 07:00:00,302.54499999999996,35172.825
2023-05-21 08:00:00,285.92,35212.28
2023-05-21 09:00:00,275.4175,34965.655
2023-05-21 10:00:00,345.83500000000004,36345.9925
2023-05-21 11:00:00,455.5675,38991.7825
2023-05-21 12:00:00,468.545,37275.115000000005
2023-05-21 13:00:00,473.5125,38727.47
2023-05-21 14:00:00,462.1275,40003.3
2023-05-21 15:00:00,510.07000000000005,42973.45
2023-05-21 16:00:00,538.1525,45418.81
2023-05-21 17:00:00,516.65,46207.06
2023-05-21 18:00:00,513.7125,44539.0225
2023-05-21 19:00:00,522.62,45767.4875
2023-05-21 20:00:00,542.2325000000001,46274.845
2023-05-21 21:00:00,543.84,45125.6075
2023-05-21 22:00:00,548.535,45728.725
2023-05-21 23:00:00,548.88,45832.0025
2023-05-22 00:00:00,538.0,43478.0025
2023-05-22 01:00:00,523.55,42160.8775
2023-05-22 02:00:00,513.8875,42072.16
2023-05-22 03:00:00,506.19,41659.78
2023-05-22 04:00:00,514.2125,41681.6375
2023-05-22 05:00:00,523.745,42365.5625
2023-05-22 06:00:00,514.9675,39781.0875
2023-05-22 07:00:00,446.67,39050.1225
2023-05-22 08:00:00,328.315,39879.445
2023-05-22 09:00:00,65.7625,39621.7225
2023-05-22 10:00:00,9.055,39939.25
2023-05-22 11:00:00,82.865,41541.634999999995
2023-05-22 12:00:00,-18.69,37755.9275
2023-05-22 13:00:00,-67.23750000000001,37924.125
2023-05-22 14:00:00,-31.7225,36857.5225
2023-05-22 15:00:00,267.5775,38099.705
2023-05-22 16:00:00,444.5575,39918.1625
2023-05-22 17:00:00,518.4475,40894.19
2023-05-22 18:00:00,562.335,39847.83
2023-05-22 19:00:00,575.085,41228.415
2023-05-22 20:00:00,577.51,40855.995
2023-05-22 21:00:00,577.7475,39647.005000000005
2023-05-22 22:00:00,577.305,40393.4625
2023-05-22 23:00:00,568.18,40994.555
2023-05-23 00:00:00,551.53,39873.3525
2023-05-23 01:00:00,527.8775,39788.9675
2023-05-23 02:00:00,505.9475,40501.5575
2023-05-23 03:00:00,495.9525,40242.23
2023-05-23 04:00:00,511.8325,40355.619999999995
2023-05-23 05:00:00,529.2625,41068.7425
2023-05-23 06:00:00,506.82,38569.5525
2023-05-23 07:00:00,407.1275,35926.765
2023-05-23 08:00:00,192.9875,33214.035
2023-05-23 09:00:00,-27.072499999999998,31060.73
2023-05-23 10:00:00,-13.1075,30938.2725
2023-05-23 11:00:00,66.11500000000001,32896.375
2023-05-23 12:00:00,-17.299999999999997,29091.965
2023-05-23 13:00:00,-56.275,29497.184999999998
2023-05-23 14:00:00,1.7349999999999994,29381.96
2023-05-23 15:00:00,291.1075,32265.1
2023-05-23 16:00:00,460.6275,36679.595
2023-05-23 17:00:00,527.105,40704.675
2023-05-23 18:00:00,556.37,41039.3675
2023-05-23 19:00:00,549.4875,42186.322499999995
2023-05-23 20:00:00,535.8050000000001,42196.5475
2023-05-23 21:00:00,513.6775,41110.9
2023-05-23 22:00:00,512.8075,41695.2175
2023-05-23 23:00:00,496.03499999999997,42522.375
2023-05-24 00:00:00,633.855,41107.9275
2023-05-24 01:00:00,685.0325,40148.3125
2023-05-24 02:00:00,685.64,40567.23
2023-05-24 03:00:00,683.1425,40347.21
2023-05-24 04:00:00,699.79,40842.04
2023-05-24 05:00:00,710.6025,41924.0975
2023-05-24 06:00:00,683.785,41216.009999999995
2023-05-24 07:00:00,502.885,41313.87
2023-05-24 08:00:00,173.365,42398.715
2023-05-24 09:00:00,-39.3575,42903.565
2023-05-24 10:00:00,-80.0,43530.56
2023-05-24 11:00:00,-80.0,45989.8425
2023-05-24 12:00:00,-80.0,43020.36
2023-05-24 13:00:00,-80.0,42947.17
2023-05-24 14:00:00,-80.0,41971.4225
2023-05-24 15:00:00,-80.0,42915.557499999995
2023-05-24 16:00:00,-52.662499999999994,44040.8925
2023-05-24 17:00:00,182.995,43485.665
2023-05-24 18:00:00,372.77250000000004,41909.0175
2023-05-24 19:00:00,414.73749999999995,41893.95
2023-05-24 20:00:00,434.8175,41741.7775
2023-05-24 21:00:00,428.33,39899.7125
2023-05-24 22:00:00,440.35499999999996,41624.62
2023-05-24 23:00:00,453.0625,43531.255000000005
2023-05-25 00:00:00,414.75,42616.2425
2023-05-25 01:00:00,327.535,41836.0375
2023-05-25 02:00:00,235.4,41864.5775
2023-05-25 03:00:00,191.16500000000002,41221.6575
2023-05-25 04:00:00,236.5125,40976.932499999995
2023-05-25 05:00:00,366.51,42100.6725
2023-05-25 06:00:00,408.125,40703.725
2023-05-25 07:00:00,355.8525,38521.095
2023-05-25 08:00:00,244.76,36256.24
2023-05-25 09:00:00,220.92000000000002,34236.11
2023-05-25 10:00:00,331.78000000000003,32081.6475
2023-05-25 11:00:00,420.445,31798.155000000002
2023-05-25 12:00:00,423.175,28025.2625
2023-05-25 13:00:00,437.5625,28182.190000000002
2023-05-25 14:00:00,441.0,28694.155
2023-05-25 15:00:00,453.03499999999997,33209.845
2023-05-25 16:00:00,451.2375,38801.25
2023-05-25 17:00:00,449.7375,43846.345
2023-05-25 18:00:00,452.0425,46264.755
2023-05-25 19:00:00,464.5625,48222.08
2023-05-25 20:00:00,482.2925,48373.677500000005
2023-05-25 21:00:00,499.34749999999997,46728.59
2023-05-25 22:00:00,510.47499999999997,46313.115000000005
2023-05-25 23:00:00,514.255,45509.1375
2023-05-26 00:00:00,449.95500000000004,42824.3375
2023-05-26 01:00:00,426.3125,41732.375
2023-05-26 02:00:00,426.8975,41567.2125
2023-05-26 03:00:00,431.61,41074.0975
2023-05-26 04:00:00,443.6975,40975.0325
2023-05-26 05:00:00,456.54999999999995,41939.18
2023-05-26 06:00:00,459.1625,40426.5175
2023-05-26 07:00:00,434.0475,36864.9425
2023-05-26 08:00:00,417.77250000000004,34141.6025
2023-05-26 09:00:00,401.905,30425.7775
2023-05-26 10:00:00,404.835,28447.525
2023-05-26 11:00:00,415.0575,29289.055
2023-05-26 12:00:00,402.9275,27010.595
2023-05-26 13:00:00,400.8775,28110.43
2023-05-26 14:00:00,412.255,28618.785
2023-05-26 15:00:00,446.9525,33623.3875
2023-05-26 16:00:00,462.2575,39878.685
2023-05-26 17:00:00,462.555,45720.177500000005
2023-05-26 18:00:00,457.88,48317.2
2023-05-26 19:00:00,449.3225,50069.5
2023-05-26 20:00:00,454.22249999999997,49936.66
2023-05-26 21:00:00,451.68499999999995,47467.1325
2023-05-26 22:00:00,445.3575,48073.045
2023-05-26 23:00:00,445.2625,47838.41
2023-05-27 00:00:00,433.3975,45253.37
2023-05-27 01:00:00,424.7575,43903.5475
2023-05-27 02:00:00,424.63750000000005,43634.9675
2023-05-27 03:00:00,421.85249999999996,42581.7625
2023-05-27 04:00:00,418.13,42014.055
2023-05-27 05:00:00,422.21500000000003,42108.447499999995
2023-05-27 06:00:00,418.3275,38723.25
2023-05-27 07:00:00,412.5575,33452.87
2023-05-27 08:00:00,417.0625,28828.864999999998
2023-05-27 09:00:00,421.055,25781.64
2023-05-27 10:00:00,438.615,25100.427499999998
2023-05-27 11:00:00,458.7075,27084.199999999997
2023-05-27 12:00:00,455.805,26042.9925
2023-05-27 13:00:00,457.85749999999996,27154.4925
2023-05-27 14:00:00,445.60749999999996,28065.8225
2023-05-27 15:00:00,441.6925,33098.3375
2023-05-27 16:00:00,425.9675,39221.11
2023-05-27 17:00:00,407.4125,45932.4975
2023-05-27 18:00:00,401.38750000000005,48229.195
2023-05-27 19:00:00,401.3375,48777.26
2023-05-27 20:00:00,400.8175,48427.2825
2023-05-27 21:00:00,388.6875,46659.325
2023-05-27 22:00:00,383.1225,46012.68
2023-05-27 23:00:00,384.97499999999997,45188.9725
2023-05-28 00:00:00,421.67999999999995,41536.65
2023-05-28 01:00:00,425.2425,39457.455
2023-05-28 02:00:00,422.9575,39655.035
2023-05-28 03:00:00,418.09000000000003,38926.1925
2023-05-28 04:00:00,413.5375,39216.74
2023-05-28 05:00:00,413.6,40383.0575
2023-05-28 06:00:00,417.405,37423.45
2023-05-28 07:00:00,425.97749999999996,34806.5325
2023-05-28 08:00:00,436.175,33199.2225
2023-05-28 09:00:00,440.88750000000005,31213.059999999998
2023-05-28 10:00:00,458.055,30778.21
2023-05-28 11:00:00,475.8025,33535.4825
2023-05-28 12:00:00,458.725,32046.895
2023-05-28 13:00:00,448.7525,33413.855
2023-05-28 14:00:00,436.875,33521.0
2023-05-28 15:00:00,439.70500000000004,37748.1325
2023-05-28 16:00:00,437.81,41967.345
2023-05-28 17:00:00,433.895,44914.36
2023-05-28 18:00:00,438.14,46723.7225
2023-05-28 19:00:00,443.605,48412.8675
2023-05-28 20:00:00,447.53000000000003,48770.475000000006
2023-05-28 21:00:00,442.375,47273.575
2023-05-28 22:00:00,442.1975,47796.7125
2023-05-28 23:00:00,444.52750000000003,47373.1625
2023-05-29 00:00:00,442.775,44459.7225
2023-05-29 01:00:00,434.04999999999995,42274.75
2023-05-29 02:00:00,430.6875,42126.8875
2023-05-29 03:00:00,424.735,41333.69
2023-05-29 04:00:00,423.52,41330.58
2023-05-29 05:00:00,432.75,42043.9125
2023-05-29 06:00:00,435.75,39212.625
2023-05-29 07:00:00,431.5425,36436.76
2023-05-29 08:00:00,431.70000000000005,33562.36
2023-05-29 09:00:00,424.3375,31955.485
2023-05-29 10:00:00,429.795,32505.447500000002
2023-05-29 11:00:00,437.95,35706.792499999996
2023-05-29 12:00:00,419.97749999999996,33936.8075
2023-05-29 13:00:00,417.3175,34668.655
2023-05-29 14:00:00,420.71500000000003,34578.5225
2023-05-29 15:00:00,431.61,37779.7875
2023-05-29 16:00:00,435.7075,41932.41
2023-05-29 17:00:00,438.055,45554.6425
2023-05-29 18:00:00,441.4375,46020.6325
2023-05-29 19:00:00,441.0175,45612.66
2023-05-29 20:00:00,439.35749999999996,43909.7725
2023-05-29 21:00:00,443.1125,42006.5875
2023-05-29 22:00:00,452.3525,41905.5325
2023-05-29 23:00:00,457.22,41562.1825
2023-05-30 00:00:00,449.27,39361.31
2023-05-30 01:00:00,437.66999999999996,38647.207500000004
2023-05-30 02:00:00,432.95500000000004,39032.9125
2023-05-30 03:00:00,425.0375,38255.0225
2023-05-30 04:00:00,422.3825,38236.557499999995
2023-05-30 05:00:00,430.755,39543.74
2023-05-30 06:00:00,434.59749999999997,38082.155
2023-05-30 07:00:00,430.11,36338.035
2023-05-30 08:00:00,429.625,35583.3125
2023-05-30 09:00:00,423.64,36082.6375
2023-05-30 10:00:00,432.11749999999995,37548.44
2023-05-30 11:00:00,443.21000000000004,40493.04
2023-05-30 12:00:00,421.58,38484.31
2023-05-30 13:00:00,411.03249999999997,39537.274999999994
2023-05-30 14:00:00,414.64,38679.54
2023-05-30 15:00:00,428.90000000000003,40185.4225
2023-05-30 16:00:00,439.16,41762.58
2023-05-30 17:00:00,444.6025,42392.0175
2023-05-30 18:00:00,454.09000000000003,41392.0875
2023-05-30 19:00:00,453.1875,41971.1
2023-05-30 20:00:00,450.445,42590.2225
2023-05-30 21:00:00,451.77,40918.345
2023-05-30 22:00:00,454.36,40965.36
2023-05-30 23:00:00,456.13,42358.270000000004
2023-05-31 00:00:00,484.2575,41343.06
2023-05-31 01:00:00,489.64750000000004,40743.045
2023-05-31 02:00:00,483.6275,40894.115
2023-05-31 03:00:00,480.385,39751.1275
2023-05-31 04:00:00,482.9875,39175.21
2023-05-31 05:00:00,481.4975,40630.4
2023-05-31 06:00:00,478.6325,38948.5725
2023-05-31 07:00:00,447.9825,36950.4
2023-05-31 08:00:00,388.4975,36736.3
2023-05-31 09:00:00,267.09000000000003,34097.1575
2023-05-31 10:00:00,274.1125,32088.115
2023-05-31 11:00:00,339.9125,32938.28
2023-05-31 12:00:00,247.9875,29977.19
2023-05-31 13:00:00,282.15000000000003,29345.73
2023-05-31 14:00:00,368.5425,29370.4525
2023-05-31 15:00:00,441.745,33642.915
2023-05-31 16:00:00,474.925,38684.270000000004
2023-05-31 17:00:00,481.635,43267.9825
2023-05-31 18:00:00,470.5475,45241.595
2023-05-31 19:00:00,456.565,46684.8725
2023-05-31 20:00:00,453.235,46555.24
2023-05-31 21:00:00,441.3925,43511.49
2023-05-31 22:00:00,427.0075,40523.4775
2023-05-31 23:00:00,424.6325,38125.555
2023-06-01 00:00:00,514.9175,34913.61
2023-06-01 01:00:00,552.0225,33278.707500000004
2023-06-01 02:00:00,536.4525,33341.3825
2023-06-01 03:00:00,530.6500000000001,33243.4675
2023-06-01 04:00:00,553.8475,34276.9
2023-06-01 05:00:00,526.4975,35951.48
2023-06-01 06:00:00,514.24,35080.3175
2023-06-01 07:00:00,377.3025,34645.9
2023-06-01 08:00:00,148.5625,32312.415
2023-06-01 09:00:00,4.5,30580.0475
2023-06-01 10:00:00,-38.057500000000005,30369.7275
2023-06-01 11:00:00,-40.89,32058.565
2023-06-01 12:00:00,-70.045,31091.605
2023-06-01 13:00:00,-80.0,31884.755
2023-06-01 14:00:00,-80.0,30548.42
2023-06-01 15:00:00,37.052499999999995,34397.2475
2023-06-01 16:00:00,359.69,39778.43
2023-06-01 17:00:00,524.115,44960.7525
2023-06-01 18:00:00,561.3974999999999,46443.19
2023-06-01 19:00:00,557.66,47459.427500000005
2023-06-01 20:00:00,522.3325,46715.505000000005
2023-06-01 21:00:00,505.1375,44122.1425
2023-06-01 22:00:00,555.9325,43519.33
2023-06-01 23:00:00,563.6475,42666.542499999996
2023-06-02 00:00:00,576.4725000000001,40232.285
2023-06-02 01:00:00,533.4075,39031.585
2023-06-02 02:00:00,475.3425,39586.4375
2023-06-02 03:00:00,431.7375,39378.542499999996
2023-06-02 04:00:00,403.84499999999997,39542.505
2023-06-02 05:00:00,366.37,40050.625
2023-06-02 06:00:00,277.46750000000003,38272.64
2023-06-02 07:00:00,111.50750000000001,37390.6225
2023-06-02 08:00:00,-43.5875,38329.25
2023-06-02 09:00:00,-79.9375,38382.09
2023-06-02 10:00:00,-80.0,39003.645000000004
2023-06-02 11:00:00,-80.0,41579.025
2023-06-02 12:00:00,-80.0,42274.1725
2023-06-02 13:00:00,-80.0,42196.0325
2023-06-02 14:00:00,-44.765,43477.7325
2023-06-02 15:00:00,79.6,47328.1175
2023-06-02 16:00:00,326.15,46974.57
2023-06-02 17:00:00,495.05999999999995,45262.72
2023-06-02 18:00:00,570.53,43729.8075
2023-06-02 19:00:00,585.62,46755.2775
2023-06-02 20:00:00,587.485,48375.115
2023-06-02 21:00:00,576.1800000000001,46787.9
2023-06-02 22:00:00,604.88,45226.4125
2023-06-02 23:00:00,628.87,44693.6575
2023-06-03 00:00:00,631.185,42402.375
2023-06-03 01:00:00,629.1875,40848.045
2023-06-03 02:00:00,630.1375,41149.8575
2023-06-03 03:00:00,628.23,40331.9675
2023-06-03 04:00:00,630.3199999999999,40179.1475
2023-06-03 05:00:00,603.17,40277.0675
2023-06-03 06:00:00,558.3175,39380.3775
2023-06-03 07:00:00,391.7425,39581.2525
2023-06-03 08:00:00,162.5525,41011.7375
2023-06-03 09:00:00,55.0725,40204.895000000004
2023-06-03 10:00:00,16.6525,40106.3975
2023-06-03 11:00:00,-10.26,41214.9325
2023-06-03 12:00:00,-64.1875,37481.4325
2023-06-03 13:00:00,-51.650000000000006,36559.2725
2023-06-03 14:00:00,27.6175,35055.792499999996
2023-06-03 15:00:00,155.1475,37716.04
2023-06-03 16:00:00,379.41749999999996,42140.3225
2023-06-03 17:00:00,522.03,46751.08
2023-06-03 18:00:00,542.3825,49367.4675
2023-06-03 19:00:00,504.7075,51512.5175
2023-06-03 20:00:00,479.8925,52028.705
2023-06-03 21:00:00,450.7025,50359.4025
2023-06-03 22:00:00,493.73249999999996,50517.465
2023-06-03 23:00:00,541.4699999999999,50384.4725
2023-06-04 00:00:00,514.42,47286.085
2023-06-04 01:00:00,490.3375,45569.835
2023-06-04 02:00:00,534.9375,45481.979999999996
2023-06-04 03:00:00,570.345,44553.3475
2023-06-04 04:00:00,663.7674999999999,44289.9675
2023-06-04 05:00:00,621.505,44139.26
2023-06-04 06:00:00,531.975,40880.785
2023-06-04 07:00:00,308.8175,36284.575
2023-06-04 08:00:00,109.965,32900.7625
2023-06-04 09:00:00,9.760000000000002,30129.7775
2023-06-04 10:00:00,-44.25,29329.9025
2023-06-04 11:00:00,-30.7175,31479.9825
2023-06-04 12:00:00,-65.57249999999999,30173.5525
2023-06-04 13:00:00,-80.0,31155.235
2023-06-04 14:00:00,-50.0075,31464.185
2023-06-04 15:00:00,48.1,36014.8875
2023-06-04 16:00:00,265.2025,41771.7275
2023-06-04 17:00:00,414.0525,47694.292499999996
2023-06-04 18:00:00,452.83000000000004,49828.43
2023-06-04 19:00:00,445.0475,49915.55
2023-06-04 20:00:00,367.4425,48493.1
2023-06-04 21:00:00,255.0375,45430.979999999996
2023-06-04 22:00:00,379.98749999999995,43874.6875
2023-06-04 23:00:00,443.15749999999997,42593.2225
2023-06-05 00:00:00,396.3125,38922.9775
2023-06-05 01:00:00,382.4425,37620.2025
2023-06-05 02:00:00,426.24,37805.6075
2023-06-05 03:00:00,454.69,37205.5675
2023-06-05 04:00:00,525.8775,37047.337499999994
2023-06-05 05:00:00,552.1175000000001,37868.195
2023-06-05 06:00:00,489.5575,37241.265
2023-06-05 07:00:00,306.505,34058.4475
2023-06-05 08:00:00,123.545,30031.9125
2023-06-05 09:00:00,-11.652500000000002,27939.1425
2023-06-05 10:00:00,-51.35,28146.8925
2023-06-05 11:00:00,-31.96,29605.8075
2023-06-05 12:00:00,-66.125,28447.0925
2023-06-05 13:00:00,-80.0,30565.5275
2023-06-05 14:00:00,-30.095,33543.6375
2023-06-05 15:00:00,109.45750000000001,36938.9225
2023-06-05 16:00:00,386.545,40224.5625
2023-06-05 17:00:00,657.4525,44709.3125
2023-06-05 18:00:00,669.575,47333.4625
2023-06-05 19:00:00,520.6125,48446.7575
2023-06-05 20:00:00,397.875,47748.0725
2023-06-05 21:00:00,291.09999999999997,46485.775
2023-06-05 22:00:00,351.765,47577.6375
2023-06-05 23:00:00,448.2575,45005.935
2023-06-06 00:00:00,365.595,41853.985
2023-06-06 01:00:00,319.03999999999996,40871.535
2023-06-06 02:00:00,362.6075,40619.1025
2023-06-06 03:00:00,409.96250000000003,40038.265
2023-06-06 04:00:00,466.08750000000003,39936.2975
2023-06-06 05:00:00,500.4225,40288.182499999995
2023-06-06 06:00:00,471.5125,39756.6375
2023-06-06 07:00:00,327.0225,37258.6725
2023-06-06 08:00:00,133.4475,33296.4225
2023-06-06 09:00:00,-1.2749999999999995,32533.387499999997
2023-06-06 10:00:00,-47.5225,33044.95
2023-06-06 11:00:00,-31.75,35098.8375
2023-06-06 12:00:00,-66.125,34788.1925
2023-06-06 13:00:00,-80.0,36473.1575
2023-06-06 14:00:00,-34.64,38142.3625
2023-06-06 15:00:00,113.42500000000001,40708.61
2023-06-06 16:00:00,366.18,43590.100000000006
2023-06-06 17:00:00,601.8525,46774.81
2023-06-06 18:00:00,699.4375,48103.575
2023-06-06 19:00:00,656.9275,49474.0075
2023-06-06 20:00:00,538.38,50620.2125
2023-06-06 21:00:00,430.075,50634.884999999995
2023-06-06 22:00:00,426.9125,51686.275
2023-06-06 23:00:00,441.745,48617.79
2023-06-07 00:00:00,404.51,45413.86
2023-06-07 01:00:00,390.3375,44071.87
2023-06-07 02:00:00,393.8325,43767.325000000004
2023-06-07 03:00:00,393.0225,43526.64
2023-06-07 04:00:00,401.405,43571.8525
2023-06-07 05:00:00,402.2025,45121.055
2023-06-07 06:00:00,392.6775,46140.185
2023-06-07 07:00:00,332.03000000000003,45263.665
2023-06-07 08:00:00,171.37,45273.615
2023-06-07 09:00:00,73.65,44675.4925
2023-06-07 10:00:00,54.1575,44166.057499999995
2023-06-07 11:00:00,49.980000000000004,43869.2475
2023-06-07 12:00:00,-47.78,41072.64
2023-06-07 13:00:00,-80.0,41221.28
2023-06-07 14:00:00,-34.19,43205.115
2023-06-07 15:00:00,139.2325,46005.8875
2023-06-07 16:00:00,310.45,48074.3975
2023-06-07 17:00:00,371.61,48945.9725
2023-06-07 18:00:00,372.9575,49573.2575
2023-06-07 19:00:00,352.31,51050.715
2023-06-07 20:00:00,315.51,52371.17
2023-06-07 21:00:00,259.4575,51826.195
2023-06-07 22:00:00,320.59499999999997,51699.08
2023-06-07 23:00:00,368.885,47760.9825
2023-06-08 00:00:00,449.7725,44524.9125
2023-06-08 01:00:00,483.77750000000003,42657.8375
2023-06-08 02:00:00,518.8675000000001,41948.6725
2023-06-08 03:00:00,540.6975,39646.095
2023-06-08 04:00:00,553.835,37446.2325
2023-06-08 05:00:00,548.2025,38359.347499999996
2023-06-08 06:00:00,531.75,39304.369999999995
2023-06-08 07:00:00,436.025,38563.1575
2023-06-08 08:00:00,245.0675,38743.165
2023-06-08 09:00:00,110.16,37772.6475
2023-06-08 10:00:00,62.96,35950.0425
2023-06-08 11:00:00,36.5825,32511.954999999998
2023-06-08 12:00:00,-52.495000000000005,27585.802499999998
2023-06-08 13:00:00,17.8825,26989.9525
2023-06-08 14:00:00,68.86999999999999,28737.28
2023-06-08 15:00:00,221.60750000000002,28487.7625
2023-06-08 16:00:00,406.13250000000005,29730.877500000002
2023-06-08 17:00:00,516.825,33756.8525
2023-06-08 18:00:00,542.0325,36371.0275
2023-06-08 19:00:00,538.975,38075.76
2023-06-08 20:00:00,515.095,38353.277500000004
2023-06-08 21:00:00,466.995,36570.130000000005
2023-06-08 22:00:00,478.86249999999995,37005.979999999996
2023-06-08 23:00:00,498.83500000000004,34545.8125
2023-06-09 00:00:00,464.83250000000004,32119.050000000003
2023-06-09 01:00:00,436.03499999999997,30102.69
2023-06-09 02:00:00,436.15999999999997,30273.3875
2023-06-09 03:00:00,440.0625,30398.9025
2023-06-09 04:00:00,461.82500000000005,30559.940000000002
2023-06-09 05:00:00,467.59000000000003,32599.074999999997
2023-06-09 06:00:00,442.5775,33315.155
2023-06-09 07:00:00,251.575,29686.345
2023-06-09 08:00:00,96.6575,25990.4175
2023-06-09 09:00:00,-19.7725,23739.4875
2023-06-09 10:00:00,-55.925000000000004,22885.915
2023-06-09 11:00:00,-50.0675,22199.127500000002
2023-06-09 12:00:00,-71.8125,18366.8425
2023-06-09 13:00:00,-80.0,22561.315000000002
2023-06-09 14:00:00,-35.5175,26214.075
2023-06-09 15:00:00,93.3775,27567.7125
2023-06-09 16:00:00,366.0375,30388.8125
2023-06-09 17:00:00,645.0925,36655.28999999999
2023-06-09 18:00:00,748.4224999999999,39249.8725
2023-06-09 19:00:00,758.0675,39296.325
2023-06-09 20:00:00,732.3625000000001,39570.915
2023-06-09 21:00:00,636.3575000000001,39523.035
2023-06-09 22:00:00,638.4175,41733.1025
2023-06-09 23:00:00,663.5274999999999,39006.5525
2023-06-10 00:00:00,654.9124999999999,34831.8
2023-06-10 01:00:00,619.2475,32685.2475
2023-06-10 02:00:00,645.22,32142.2075
2023-06-10 03:00:00,646.3075,31015.614999999998
2023-06-10 04:00:00,688.6275,30423.83
2023-06-10 05:00:00,628.4575,31672.89
2023-06-10 06:00:00,524.6075,31816.072500000002
2023-06-10 07:00:00,324.86749999999995,30330.677499999998
2023-06-10 08:00:00,131.76749999999998,28315.3275
2023-06-10 09:00:00,23.950000000000003,27595.355000000003
2023-06-10 10:00:00,-46.49,27440.1175
2023-06-10 11:00:00,-54.3975,28284.745
2023-06-10 12:00:00,-72.8825,28346.01
2023-06-10 13:00:00,-80.0,31270.372499999998
2023-06-10 14:00:00,-80.0,34758.895000000004
2023-06-10 15:00:00,53.53,37409.659999999996
2023-06-10 16:00:00,307.2675,38086.4275
2023-06-10 17:00:00,538.77,38868.565
2023-06-10 18:00:00,614.1700000000001,38885.47
2023-06-10 19:00:00,568.14,39396.2075
2023-06-10 20:00:00,504.6525,39735.8925
2023-06-10 21:00:00,476.3125,39938.865
2023-06-10 22:00:00,597.2,41503.7675
2023-06-10 23:00:00,714.3924999999999,38046.9275
2023-06-11 00:00:00,655.3675,34132.912500000006
2023-06-11 01:00:00,624.2425000000001,34016.085
2023-06-11 02:00:00,629.745,34952.015
2023-06-11 03:00:00,630.1949999999999,34078.8325
2023-06-11 04:00:00,638.8675000000001,34016.682499999995
2023-06-11 05:00:00,623.5825,35081.55
2023-06-11 06:00:00,510.1125,35569.9975
2023-06-11 07:00:00,349.155,32813.83
2023-06-11 08:00:00,129.59,29250.27
2023-06-11 09:00:00,-16.314999999999998,26278.6875
2023-06-11 10:00:00,-25.645,25324.96
2023-06-11 11:00:00,4.750000000000001,26236.2825
2023-06-11 12:00:00,-39.1975,26481.88
2023-06-11 13:00:00,18.387500000000003,29377.0925
2023-06-11 14:00:00,58.6875,32221.805
2023-06-11 15:00:00,137.18,35975.6875
2023-06-11 16:00:00,358.84499999999997,41182.9825
2023-06-11 17:00:00,456.68,46619.1825
2023-06-11 18:00:00,490.53999999999996,49257.494999999995
2023-06-11 19:00:00,530.1875,50576.305
2023-06-11 20:00:00,564.71,50757.2225
2023-06-11 21:00:00,545.3924999999999,50786.8725
2023-06-11 22:00:00,586.6175,52404.432499999995
2023-06-11 23:00:00,600.9449999999999,48880.4975
2023-06-12 00:00:00,491.095,46872.79
2023-06-12 01:00:00,453.84250000000003,46770.74
2023-06-12 02:00:00,459.39,47334.67
2023-06-12 03:00:00,460.54499999999996,46757.5925
2023-06-12 04:00:00,466.2125,45153.4625
2023-06-12 05:00:00,470.22249999999997,45812.3975
2023-06-12 06:00:00,467.3225,45598.6475
2023-06-12 07:00:00,418.67,42989.665
2023-06-12 08:00:00,341.845,40223.869999999995
2023-06-12 09:00:00,273.8775,39573.0025
2023-06-12 10:00:00,272.1,40288.08
2023-06-12 11:00:00,265.0925,41867.915
2023-06-12 12:00:00,195.48250000000002,41380.415
2023-06-12 13:00:00,193.02,43705.74
2023-06-12 14:00:00,216.8775,45788.61
2023-06-12 15:00:00,314.10249999999996,46817.71
2023-06-12 16:00:00,423.1725,48567.12
2023-06-12 17:00:00,465.885,52356.850000000006
2023-06-12 18:00:00,472.65749999999997,54731.2525
2023-06-12 19:00:00,471.58,56208.375
2023-06-12 20:00:00,461.5475,56860.375
2023-06-12 21:00:00,450.33,57137.795
2023-06-12 22:00:00,465.9125,58344.735
2023-06-12 23:00:00,470.44,54499.9525
2023-06-13 00:00:00,499.10249999999996,50032.884999999995
2023-06-13 01:00:00,507.12,47854.115
2023-06-13 02:00:00,512.2950000000001,46514.8075
2023-06-13 03:00:00,508.8025,44610.8575
2023-06-13 04:00:00,514.0575,43252.5125
2023-06-13 05:00:00,506.16499999999996,42935.6175
2023-06-13 06:00:00,487.84749999999997,42643.295
2023-06-13 07:00:00,441.16499999999996,40208.0225
2023-06-13 08:00:00,376.1775,35220.3775
2023-06-13 09:00:00,297.9125,33971.159999999996
2023-06-13 10:00:00,278.1675,33994.3175
2023-06-13 11:00:00,254.3075,35514.6125
2023-06-13 12:00:00,160.7725,34589.335
2023-06-13 13:00:00,170.1525,36976.1525
2023-06-13 14:00:00,202.73,39834.887500000004
2023-06-13 15:00:00,324.1825,43491.09
2023-06-13 16:00:00,434.15,48301.4
2023-06-13 17:00:00,488.89750000000004,53137.2525
2023-06-13 18:00:00,500.3575,55371.994999999995
2023-06-13 19:00:00,498.40999999999997,56642.3925
2023-06-13 20:00:00,484.01750000000004,57296.557499999995
2023-06-13 21:00:00,473.51,56125.655
2023-06-13 22:00:00,495.235,56212.182499999995
2023-06-13 23:00:00,503.0725,51589.84
2023-06-14 00:00:00,508.885,48136.9075
2023-06-14 01:00:00,508.1825,46592.3725
2023-06-14 02:00:00,510.4875,46306.06
2023-06-14 03:00:00,505.8875,45084.9775
2023-06-14 04:00:00,508.185,44383.222499999996
2023-06-14 05:00:00,504.09,44402.0775
2023-06-14 06:00:00,481.73249999999996,44159.4
2023-06-14 07:00:00,430.4225,43340.9825
2023-06-14 08:00:00,365.875,44280.265
2023-06-14 09:00:00,286.84,45867.73
2023-06-14 10:00:00,263.53749999999997,46266.56
2023-06-14 11:00:00,260.145,47688.6875
2023-06-14 12:00:00,218.3175,46769.9075
2023-06-14 13:00:00,225.26999999999998,47512.854999999996
2023-06-14 14:00:00,255.81,49473.415
2023-06-14 15:00:00,357.69,52104.417499999996
2023-06-14 16:00:00,450.66249999999997,53983.4025
2023-06-14 17:00:00,499.9125,53515.0775
2023-06-14 18:00:00,509.06,51230.975
2023-06-14 19:00:00,502.9725,51412.575
2023-06-14 20:00:00,479.51,50381.91
2023-06-14 21:00:00,456.6975,48002.2275
2023-06-14 22:00:00,457.975,50361.537500000006
2023-06-14 23:00:00,452.43,49288.0325
2023-06-15 00:00:00,455.6425,45062.7825
2023-06-15 01:00:00,457.48749999999995,42572.0075
2023-06-15 02:00:00,464.7425,42736.7825
2023-06-15 03:00:00,463.87,40564.0075
2023-06-15 04:00:00,474.005,38662.1725
2023-06-15 05:00:00,475.5,40819.7525
2023-06-15 06:00:00,456.59250000000003,43405.880000000005
2023-06-15 07:00:00,391.365,41665.4225
2023-06-15 08:00:00,281.595,41923.7025
2023-06-15 09:00:00,205.5525,40847.0525
2023-06-15 10:00:00,223.2625,40050.2475
2023-06-15 11:00:00,260.365,39195.985
2023-06-15 12:00:00,237.4625,39126.845
2023-06-15 13:00:00,230.32,43740.9925
2023-06-15 14:00:00,252.435,47946.69
2023-06-15 15:00:00,362.645,50102.8175
2023-06-15 16:00:00,475.26,52566.537500000006
2023-06-15 17:00:00,524.1075000000001,53622.8625
2023-06-15 18:00:00,527.815,56683.315
2023-06-15 19:00:00,518.0899999999999,58142.1975
2023-06-15 20:00:00,482.5425,60563.315
2023-06-15 21:00:00,442.425,59926.965
2023-06-15 22:00:00,456.9675,59955.94
2023-06-15 23:00:00,456.93,56578.69
2023-06-16 00:00:00,435.2825,52985.2
2023-06-16 01:00:00,424.01250000000005,50294.985
2023-06-16 02:00:00,425.51,49244.5225
2023-06-16 03:00:00,426.7025,47691.604999999996
2023-06-16 04:00:00,438.96,46646.5975
2023-06-16 05:00:00,448.895,46704.884999999995
2023-06-16 06:00:00,444.90250000000003,47189.3275
2023-06-16 07:00:00,405.83250000000004,46699.72
2023-06-16 08:00:00,350.3675,46069.1175
2023-06-16 09:00:00,330.7575,47281.095
2023-06-16 10:00:00,341.2125,50492.405
2023-06-16 11:00:00,369.9475,51340.415
2023-06-16 12:00:00,368.6075,48537.825
2023-06-16 13:00:00,370.8275,48290.567500000005
2023-06-16 14:00:00,391.5225,49190.3875
2023-06-16 15:00:00,431.9375,49764.9
2023-06-16 16:00:00,482.625,48950.479999999996
2023-06-16 17:00:00,511.18000000000006,45475.9975
2023-06-16 18:00:00,512.565,42442.2225
2023-06-16 19:00:00,507.89,42986.979999999996
2023-06-16 20:00:00,492.68,43359.205
2023-06-16 21:00:00,476.05,43390.8925
2023-06-16 22:00:00,491.87,44485.53
2023-06-16 23:00:00,493.8725,42221.8325
2023-06-17 00:00:00,455.8825,40054.9025
2023-06-17 01:00:00,439.52250000000004,38986.87
2023-06-17 02:00:00,437.0625,38608.545
2023-06-17 03:00:00,433.6875,38031.2075
2023-06-17 04:00:00,436.31,37476.37
2023-06-17 05:00:00,427.9425,38243.5175
2023-06-17 06:00:00,419.6875,40401.2875
2023-06-17 07:00:00,404.6875,40667.7675
2023-06-17 08:00:00,389.09000000000003,42721.6175
2023-06-17 09:00:00,388.9025,43057.557499999995
2023-06-17 10:00:00,400.4975,43485.465000000004
2023-06-17 11:00:00,411.89,43794.7425
2023-06-17 12:00:00,400.835,41244.8
2023-06-17 13:00:00,397.095,42077.1225
2023-06-17 14:00:00,404.33750000000003,44746.6625
2023-06-17 15:00:00,423.79,47480.585
2023-06-17 16:00:00,443.2475,50364.865
2023-06-17 17:00:00,446.3075,51773.6475
2023-06-17 18:00:00,438.98249999999996,52870.34
2023-06-17 19:00:00,445.3725,54192.375
2023-06-17 20:00:00,443.6325,54550.955
2023-06-17 21:00:00,438.46,54369.9775
2023-06-17 22:00:00,444.53249999999997,54833.3775
2023-06-17 23:00:00,443.0525,51273.895000000004
2023-06-18 00:00:00,447.315,47607.7725
2023-06-18 01:00:00,448.4875,43969.697499999995
2023-06-18 02:00:00,450.615,42851.8775
2023-06-18 03:00:00,450.73249999999996,41315.11
2023-06-18 04:00:00,455.4225,40282.6975
2023-06-18 05:00:00,448.7725,40849.395000000004
2023-06-18 06:00:00,437.9175,40716.854999999996
2023-06-18 07:00:00,416.725,39906.35
2023-06-18 08:00:00,398.2825,37682.5925
2023-06-18 09:00:00,387.3725,35803.662500000006
2023-06-18 10:00:00,389.0,34385.335
2023-06-18 11:00:00,399.98249999999996,33630.0025
2023-06-18 12:00:00,391.2625,31314.0375
2023-06-18 13:00:00,379.65250000000003,31783.035
2023-06-18 14:00:00,367.0,35134.6525
2023-06-18 15:00:00,390.91499999999996,39606.2375
2023-06-18 16:00:00,426.9575,44093.025
2023-06-18 17:00:00,445.4275,47528.625
2023-06-18 18:00:00,447.4275,50236.985
2023-06-18 19:00:00,446.53000000000003,51520.490000000005
2023-06-18 20:00:00,443.6075,51381.0325
2023-06-18 21:00:00,440.5675,49863.525
2023-06-18 22:00:00,455.52750000000003,50814.95
2023-06-18 23:00:00,461.125,47018.56
2023-06-19 00:00:00,424.84499999999997,42426.6025
2023-06-19 01:00:00,419.60249999999996,38977.325
2023-06-19 02:00:00,425.9575,36875.2225
2023-06-19 03:00:00,425.84000000000003,35182.0375
2023-06-19 04:00:00,422.4625,34442.54
2023-06-19 05:00:00,425.085,35069.87
2023-06-19 06:00:00,417.82,34771.15
2023-06-19 07:00:00,406.375,33813.235
2023-06-19 08:00:00,406.68,32518.102499999997
2023-06-19 09:00:00,410.125,30837.425
2023-06-19 10:00:00,422.23,29400.7275
2023-06-19 11:00:00,430.68,29725.36
2023-06-19 12:00:00,420.135,27735.9875
2023-06-19 13:00:00,417.6,29217.335
2023-06-19 14:00:00,417.89,32659.8125
2023-06-19 15:00:00,426.78999999999996,36319.8675
2023-06-19 16:00:00,428.445,40745.08
2023-06-19 17:00:00,422.0225,44421.5225
2023-06-19 18:00:00,416.73749999999995,46956.2575
2023-06-19 19:00:00,415.505,48759.2725
2023-06-19 20:00:00,409.985,50133.47
2023-06-19 21:00:00,407.26,50394.68
2023-06-19 22:00:00,414.76,50958.479999999996
2023-06-19 23:00:00,418.605,48807.1225
2023-06-20 00:00:00,458.8375,46530.197499999995
2023-06-20 01:00:00,468.2325,44817.75
2023-06-20 02:00:00,464.645,44536.307499999995
2023-06-20 03:00:00,457.5875,43447.869999999995
2023-06-20 04:00:00,457.5225,42483.61
2023-06-20 05:00:00,455.9725,42325.740000000005
2023-06-20 06:00:00,445.4875,40735.755000000005
2023-06-20 07:00:00,418.9225,35014.994999999995
2023-06-20 08:00:00,366.80999999999995,29431.35
2023-06-20 09:00:00,264.295,26270.9675
2023-06-20 10:00:00,285.2025,26115.765
2023-06-20 11:00:00,308.4975,27258.275
2023-06-20 12:00:00,274.015,26445.5425
2023-06-20 13:00:00,332.8075,27868.545
2023-06-20 14:00:00,358.5575,30754.6125
2023-06-20 15:00:00,402.63,34689.8725
2023-06-20 16:00:00,450.3225,40355.57
2023-06-20 17:00:00,480.945,45335.354999999996
2023-06-20 18:00:00,493.565,48450.8575
2023-06-20 19:00:00,494.1675,49424.055
2023-06-20 20:00:00,489.0775,50097.4325
2023-06-20 21:00:00,487.0075,49630.5275
2023-06-20 22:00:00,490.145,51205.43
2023-06-20 23:00:00,490.26,48161.567500000005
2023-06-21 00:00:00,557.79,45169.0725
2023-06-21 01:00:00,572.7075,42864.0425
2023-06-21 02:00:00,565.9025,42653.082500000004
2023-06-21 03:00:00,557.6425,41664.2825
2023-06-21 04:00:00,558.135,41466.9425
2023-06-21 05:00:00,558.8199999999999,42901.1525
2023-06-21 06:00:00,540.02,42779.167499999996
2023-06-21 07:00:00,433.0925,38769.31
2023-06-21 08:00:00,226.29500000000002,35451.197499999995
2023-06-21 09:00:00,96.4675,33019.1225
2023-06-21 10:00:00,74.63,31114.495
2023-06-21 11:00:00,83.0025,30167.9625
2023-06-21 12:00:00,81.8825,28712.4525
2023-06-21 13:00:00,91.3475,31018.8325
2023-06-21 14:00:00,128.135,34714.5725
2023-06-21 15:00:00,361.5475,38703.7625
2023-06-21 16:00:00,535.215,44017.315
2023-06-21 17:00:00,597.7775,47852.575
2023-06-21 18:00:00,612.58,49805.7975
2023-06-21 19:00:00,614.6925,50876.17
2023-06-21 20:00:00,612.8975,50705.9
2023-06-21 21:00:00,610.4725,49777.58
2023-06-21 22:00:00,610.015,50096.4525
2023-06-21 23:00:00,599.4475,46428.57
2023-06-22 00:00:00,590.8175,43705.66
2023-06-22 01:00:00,574.3075,42934.19
2023-06-22 02:00:00,564.2925,42863.2625
2023-06-22 03:00:00,556.72,42103.7025
2023-06-22 04:00:00,555.495,42140.0925
2023-06-22 05:00:00,544.9325,43721.7
2023-06-22 06:00:00,490.59250000000003,43597.3
2023-06-22 07:00:00,276.955,39939.175
2023-06-22 08:00:00,69.6075,36059.925
2023-06-22 09:00:00,14.512500000000001,33656.9775
2023-06-22 10:00:00,22.7975,32884.09
2023-06-22 11:00:00,33.1725,32695.8975
2023-06-22 12:00:00,9.432500000000001,31788.04
2023-06-22 13:00:00,21.47,33672.009999999995
2023-06-22 14:00:00,55.8575,37586.26
2023-06-22 15:00:00,254.34999999999997,41829.7125
2023-06-22 16:00:00,492.3375,46678.655
2023-06-22 17:00:00,590.8375,50032.04
2023-06-22 18:00:00,609.5500000000001,52482.015
2023-06-22 19:00:00,605.3575000000001,53806.665
2023-06-22 20:00:00,585.6325,53874.1575
2023-06-22 21:00:00,571.1025,53551.8
2023-06-22 22:00:00,568.7475,54603.475
2023-06-22 23:00:00,556.485,51265.2275
2023-06-23 00:00:00,535.3225,48910.195
2023-06-23 01:00:00,494.68499999999995,47428.9075
2023-06-23 02:00:00,488.4675,47164.2475
2023-06-23 03:00:00,476.3825,45889.9
2023-06-23 04:00:00,491.9925,45461.8375
2023-06-23 05:00:00,489.26,46447.1875
2023-06-23 06:00:00,443.64250000000004,46283.31
2023-06-23 07:00:00,259.5475,42831.94
2023-06-23 08:00:00,111.16,40418.8775
2023-06-23 09:00:00,68.17500000000001,38904.125
2023-06-23 10:00:00,83.70500000000001,38878.5025
2023-06-23 11:00:00,107.5775,38836.75
2023-06-23 12:00:00,83.5675,37966.545
2023-06-23 13:00:00,78.44749999999999,40557.5
2023-06-23 14:00:00,102.0925,44753.5525
2023-06-23 15:00:00,300.23249999999996,48621.15
2023-06-23 16:00:00,521.9449999999999,52414.78
2023-06-23 17:00:00,619.2225000000001,53408.6375
2023-06-23 18:00:00,639.2325000000001,53957.1175
2023-06-23 19:00:00,638.8275,54976.1375
2023-06-23 20:00:00,630.4775,55267.5125
2023-06-23 21:00:00,625.605,55179.3175
2023-06-23 22:00:00,630.4625000000001,55595.395000000004
2023-06-23 23:00:00,619.98,52123.552500000005
2023-06-24 00:00:00,517.865,48921.76
2023-06-24 01:00:00,477.3475,46707.7025
2023-06-24 02:00:00,477.29499999999996,46407.2975
2023-06-24 03:00:00,474.2275,45090.405
2023-06-24 04:00:00,473.2875,44428.14
2023-06-24 05:00:00,466.0,45530.485
2023-06-24 06:00:00,446.6175,45893.31
2023-06-24 07:00:00,404.8075,44076.53
2023-06-24 08:00:00,334.34749999999997,41385.534999999996
2023-06-24 09:00:00,328.785,40056.145000000004
2023-06-24 10:00:00,379.39500000000004,40185.365
2023-06-24 11:00:00,414.0325,40679.34
2023-06-24 12:00:00,410.0075,38491.8475
2023-06-24 13:00:00,413.14250000000004,39108.207500000004
2023-06-24 14:00:00,413.13,41200.2675
2023-06-24 15:00:00,442.99,43740.4625
2023-06-24 16:00:00,489.175,46688.2175
2023-06-24 17:00:00,523.0475,48821.31
2023-06-24 18:00:00,532.7025,49638.05
2023-06-24 19:00:00,527.2875,50169.865
2023-06-24 20:00:00,519.2725,49868.3125
2023-06-24 21:00:00,516.2475,48916.5975
2023-06-24 22:00:00,521.675,49511.2325
2023-06-24 23:00:00,516.1675,46838.365
2023-06-25 00:00:00,475.83,44048.38
2023-06-25 01:00:00,455.6725,42846.3175
2023-06-25 02:00:00,456.2875,42972.465
2023-06-25 03:00:00,452.2975,41605.6125
2023-06-25 04:00:00,450.395,40984.1875
2023-06-25 05:00:00,447.98749999999995,41626.75
2023-06-25 06:00:00,430.77750000000003,41836.8975
2023-06-25 07:00:00,389.45,39813.5025
2023-06-25 08:00:00,352.12,37754.79
2023-06-25 09:00:00,356.54499999999996,37927.4125
2023-06-25 10:00:00,399.435,39333.822499999995
2023-06-25 11:00:00,420.325,41651.6225
2023-06-25 12:00:00,408.07500000000005,40594.005
2023-06-25 13:00:00,408.425,42483.885
2023-06-25 14:00:00,418.0225,46001.8825
2023-06-25 15:00:00,450.78,46349.07
2023-06-25 16:00:00,490.5375,46687.095
2023-06-25 17:00:00,510.49,45943.4075
2023-06-25 18:00:00,517.5525,43924.9125
2023-06-25 19:00:00,518.2575,43646.7875
2023-06-25 20:00:00,519.52,43772.975
2023-06-25 21:00:00,523.3675000000001,43069.92
2023-06-25 22:00:00,527.5425,44437.2525
2023-06-25 23:00:00,521.36,43130.0025
2023-06-26 00:00:00,465.3875,40241.3625
2023-06-26 01:00:00,452.705,38901.057499999995
2023-06-26 02:00:00,454.2575,39235.9525
2023-06-26 03:00:00,447.48,38389.5
2023-06-26 04:00:00,446.68,38187.735
2023-06-26 05:00:00,444.7825,39008.29
2023-06-26 06:00:00,439.325,40196.020000000004
2023-06-26 07:00:00,423.20500000000004,40379.567500000005
2023-06-26 08:00:00,406.425,39701.4075
2023-06-26 09:00:00,403.9875,39019.8
2023-06-26 10:00:00,417.17499999999995,36827.0
2023-06-26 11:00:00,410.7875,34020.8125
2023-06-26 12:00:00,364.02,31197.5775
2023-06-26 13:00:00,333.7025,31868.07
2023-06-26 14:00:00,357.18499999999995,34768.03
2023-06-26 15:00:00,409.4325,38676.5325
2023-06-26 16:00:00,454.64,42912.0025
2023-06-26 17:00:00,485.7675,47251.86
2023-06-26 18:00:00,492.7825,50207.0275
2023-06-26 19:00:00,483.765,51819.3775
2023-06-26 20:00:00,463.4925,52068.51
2023-06-26 21:00:00,445.1625,51891.0375
2023-06-26 22:00:00,438.8175,54039.5925
2023-06-26 23:00:00,422.1325,51460.42
2023-06-27 00:00:00,408.8675,48230.520000000004
2023-06-27 01:00:00,391.9625,46153.6825
2023-06-27 02:00:00,386.1975,45305.8775
2023-06-27 03:00:00,370.78499999999997,44044.525
2023-06-27 04:00:00,370.4775,43236.5175
2023-06-27 05:00:00,372.1925,44046.42
2023-06-27 06:00:00,314.46,43653.692500000005
2023-06-27 07:00:00,129.7275,40402.53
2023-06-27 08:00:00,40.985,35980.3375
2023-06-27 09:00:00,33.839999999999996,36074.28
2023-06-27 10:00:00,51.4725,37179.8
2023-06-27 11:00:00,104.25500000000001,38658.1425
2023-06-27 12:00:00,82.69,38276.5425
2023-06-27 13:00:00,91.5325,40123.8125
2023-06-27 14:00:00,165.695,43302.7475
2023-06-27 15:00:00,357.61,45235.575
2023-06-27 16:00:00,620.11,45879.68
2023-06-27 17:00:00,732.0975,45930.525
2023-06-27 18:00:00,743.6225,45738.57
2023-06-27 19:00:00,731.49,47032.9525
2023-06-27 20:00:00,711.1875,48026.255000000005
2023-06-27 21:00:00,695.8725,47075.4925
2023-06-27 22:00:00,697.7325000000001,48487.8875
2023-06-27 23:00:00,640.115,46025.07
2023-06-28 00:00:00,460.755,43394.8425
2023-06-28 01:00:00,405.46,42370.4775
2023-06-28 02:00:00,405.5475,42388.685
2023-06-28 03:00:00,402.765,41621.595
2023-06-28 04:00:00,401.645,41034.0725
2023-06-28 05:00:00,400.34250000000003,42411.7475
2023-06-28 06:00:00,394.2575,43103.3975
2023-06-28 07:00:00,381.33750000000003,40331.535
2023-06-28 08:00:00,376.7075,37393.805
2023-06-28 09:00:00,385.82500000000005,36251.380000000005
2023-06-28 10:00:00,406.71500000000003,36693.2725
2023-06-28 11:00:00,419.02,37566.3075
2023-06-28 12:00:00,412.7125,37906.7225
2023-06-28 13:00:00,417.1,39997.384999999995
2023-06-28 14:00:00,424.6075,43119.525
2023-06-28 15:00:00,438.61,46364.01
2023-06-28 16:00:00,454.9275,51005.375
2023-06-28 17:00:00,459.48749999999995,54442.8775
2023-06-28 18:00:00,453.0725,56253.994999999995
2023-06-28 19:00:00,448.9675,56931.35
2023-06-28 20:00:00,446.89750000000004,57365.795
2023-06-28 21:00:00,448.9175,56913.845
2023-06-28 22:00:00,454.9625,55940.495
2023-06-28 23:00:00,453.39250000000004,51151.105
2023-06-29 00:00:00,465.895,46165.1775
2023-06-29 01:00:00,461.84250000000003,42538.805
2023-06-29 02:00:00,456.805,41996.465
2023-06-29 03:00:00,447.215,41263.295
2023-06-29 04:00:00,441.6725,41474.0225
2023-06-29 05:00:00,438.59000000000003,42925.885
2023-06-29 06:00:00,432.83250000000004,43337.2325
2023-06-29 07:00:00,427.035,41766.457500000004
2023-06-29 08:00:00,421.6775,40019.604999999996
2023-06-29 09:00:00,423.185,39139.1825
2023-06-29 10:00:00,431.96,38163.3625
2023-06-29 11:00:00,433.13750000000005,38672.795
2023-06-29 12:00:00,418.6575,38062.7875
2023-06-29 13:00:00,412.685,39784.207500000004
2023-06-29 14:00:00,413.09749999999997,43505.2975
2023-06-29 15:00:00,435.13,47085.774999999994
2023-06-29 16:00:00,475.86749999999995,50380.317500000005
2023-06-29 17:00:00,512.4625000000001,53543.775
2023-06-29 18:00:00,531.365,55062.0725
2023-06-29 19:00:00,533.46,55769.0675
2023-06-29 20:00:00,533.1800000000001,55662.4975
2023-06-29 21:00:00,533.33,54899.2775
2023-06-29 22:00:00,535.76,56283.565
2023-06-29 23:00:00,525.115,53589.255
2023-06-30 00:00:00,516.2825,50181.3825
2023-06-30 01:00:00,504.59000000000003,47779.784999999996
2023-06-30 02:00:00,497.59749999999997,47037.275
2023-06-30 03:00:00,488.4675,45551.115000000005
2023-06-30 04:00:00,482.7775,44706.6475
2023-06-30 05:00:00,469.1225,45904.9
2023-06-30 06:00:00,446.79,46668.885
2023-06-30 07:00:00,396.1175,44954.395000000004
2023-06-30 08:00:00,297.5925,42296.5075
2023-06-30 09:00:00,254.20749999999998,41708.505000000005
2023-06-30 10:00:00,293.155,41425.115000000005
2023-06-30 11:00:00,345.42,41876.8475
2023-06-30 12:00:00,313.21000000000004,41979.167499999996
2023-06-30 13:00:00,318.3325,44640.19
2023-06-30 14:00:00,360.2525,46470.3325
2023-06-30 15:00:00,426.82500000000005,46495.0475
2023-06-30 16:00:00,496.80499999999995,46957.28
2023-06-30 17:00:00,542.87,47597.0175
2023-06-30 18:00:00,557.0550000000001,49109.0325
2023-06-30 19:00:00,551.05,50931.225
2023-06-30 20:00:00,538.445,50874.457500000004
2023-06-30 21:00:00,524.9399999999999,48804.25
2023-06-30 22:00:00,519.3774999999999,49970.1175
2023-06-30 23:00:00,500.065,47128.965
2023-07-01 00:00:00,493.87,42295.005000000005
